ISO-10303-21;
HEADER;
/* Generated by software containing ST-Developer
 * from STEP Tools, Inc. (www.steptools.com) 
 */
/* OPTION: using custom renumber hook */

FILE_DESCRIPTION(
/* description */ ('STEP AP242 Edition 2',
'CAx-IF Rec.Pracs.---Representation and Presentation of Product Manufa
cturing Information (PMI)---4.0---2014-10-13',
'CAx-IF Rec.Pracs.---3D Tessellated Geometry---0.4---2014-09-14','2;1',
'CAx-IF Rec.Pracs.---User Defined Attributes---1.5---2016-08-15'),
/* implementation_level */ '2;1');

FILE_NAME(
/* name */ '6a6911c548685660edc34548',
/* time_stamp */ '2026-07-28T20:32:06Z',
/* author */ (''),
/* organization */ (''),
/* preprocessor_version */ 'ST-DEVELOPER v20',
/* originating_system */ 'ONSHAPE BY PTC INC, 1.218',
/* authorisation */ '  ');

FILE_SCHEMA (('AP242_MANAGED_MODEL_BASED_3D_ENGINEERING_MIM_LF { 1 0 10303 442 3 1 4 }'));
ENDSEC;

DATA;
#10=TOROIDAL_SURFACE('',#3140,0.004,0.002);
#11=TOROIDAL_SURFACE('',#3142,0.012,0.002);
#12=TOROIDAL_SURFACE('',#3148,0.017,0.002);
#13=TOROIDAL_SURFACE('',#3156,0.004,0.002);
#14=TOROIDAL_SURFACE('',#3175,0.012,0.002);
#15=TOROIDAL_SURFACE('',#3177,0.004,0.002);
#16=TOROIDAL_SURFACE('',#3190,0.017,0.002);
#17=TOROIDAL_SURFACE('',#3191,0.004,0.002);
#18=B_SPLINE_CURVE_WITH_KNOTS('',3,(#4669,#4670,#4671,#4672),
 .UNSPECIFIED.,.F.,.F.,(4,4),(2.50210190343371E-17,0.00482299753736489),
 .UNSPECIFIED.);
#19=B_SPLINE_CURVE_WITH_KNOTS('',3,(#4680,#4681,#4682,#4683),
 .UNSPECIFIED.,.F.,.F.,(4,4),(0.000692997933414069,0.00551548324172027),
 .UNSPECIFIED.);
#20=B_SPLINE_CURVE_WITH_KNOTS('',3,(#4690,#4691,#4692,#4693),
 .UNSPECIFIED.,.F.,.F.,(4,4),(-1.53865404455099E-5,0.00575353952248636),
 .UNSPECIFIED.);
#21=B_SPLINE_CURVE_WITH_KNOTS('',3,(#4697,#4698,#4699,#4700),
 .UNSPECIFIED.,.F.,.F.,(4,4),(0.,0.00576861492592688),.UNSPECIFIED.);
#22=B_SPLINE_CURVE_WITH_KNOTS('',3,(#4708,#4709,#4710,#4711),
 .UNSPECIFIED.,.F.,.F.,(4,4),(4.84869951806108E-19,0.00115034306791984),
 .UNSPECIFIED.);
#23=B_SPLINE_CURVE_WITH_KNOTS('',3,(#4734,#4735,#4736,#4737),
 .UNSPECIFIED.,.F.,.F.,(4,4),(0.,0.00482299753736491),.UNSPECIFIED.);
#24=B_SPLINE_CURVE_WITH_KNOTS('',3,(#4742,#4743,#4744,#4745),
 .UNSPECIFIED.,.F.,.F.,(4,4),(-1.41482811142687E-5,0.00480913933369178),
 .UNSPECIFIED.);
#25=B_SPLINE_CURVE_WITH_KNOTS('',3,(#4753,#4754,#4755,#4756),
 .UNSPECIFIED.,.F.,.F.,(4,4),(0.000233366224965803,0.00600208406523549),
 .UNSPECIFIED.);
#26=B_SPLINE_CURVE_WITH_KNOTS('',3,(#4765,#4766,#4767,#4768),
 .UNSPECIFIED.,.F.,.F.,(4,4),(0.,0.00115034306791984),.UNSPECIFIED.);
#27=B_SPLINE_CURVE_WITH_KNOTS('',3,(#4774,#4775,#4776,#4777),
 .UNSPECIFIED.,.F.,.F.,(4,4),(0.,0.00576861492592683),.UNSPECIFIED.);
#28=SPHERICAL_SURFACE('',#3126,0.002);
#29=SPHERICAL_SURFACE('',#3130,0.002);
#30=SPHERICAL_SURFACE('',#3134,0.002);
#31=SPHERICAL_SURFACE('',#3152,0.002);
#32=SPHERICAL_SURFACE('',#3161,0.002);
#33=SPHERICAL_SURFACE('',#3165,0.002);
#34=SPHERICAL_SURFACE('',#3169,0.002);
#35=SPHERICAL_SURFACE('',#3186,0.002);
#36=ELLIPSE('',#3092,0.00200132938404385,0.002);
#37=ELLIPSE('',#3093,0.00200132938404385,0.002);
#38=ELLIPSE('',#3155,0.00284792596593445,0.002);
#39=ELLIPSE('',#3185,0.00284792596593445,0.002);
#40=OVER_RIDING_STYLED_ITEM('',(#2445),#2363,#2437);
#41=OVER_RIDING_STYLED_ITEM('',(#2446),#2364,#2437);
#42=OVER_RIDING_STYLED_ITEM('',(#2447),#2365,#2437);
#43=OVER_RIDING_STYLED_ITEM('',(#2448),#2366,#2437);
#44=OVER_RIDING_STYLED_ITEM('',(#2449),#2367,#2437);
#45=OVER_RIDING_STYLED_ITEM('',(#2450),#2368,#2437);
#46=OVER_RIDING_STYLED_ITEM('',(#2451),#2369,#2437);
#47=OVER_RIDING_STYLED_ITEM('',(#2452),#2370,#2437);
#48=OVER_RIDING_STYLED_ITEM('',(#2453),#2371,#2437);
#49=OVER_RIDING_STYLED_ITEM('',(#2454),#2372,#2437);
#50=OVER_RIDING_STYLED_ITEM('',(#2455),#2373,#2437);
#51=OVER_RIDING_STYLED_ITEM('',(#2456),#2374,#2437);
#52=OVER_RIDING_STYLED_ITEM('',(#2457),#2375,#2437);
#53=OVER_RIDING_STYLED_ITEM('',(#2458),#2376,#2437);
#54=OVER_RIDING_STYLED_ITEM('',(#2459),#2377,#2437);
#55=OVER_RIDING_STYLED_ITEM('',(#2460),#2378,#2437);
#56=OVER_RIDING_STYLED_ITEM('',(#2461),#2379,#2437);
#57=OVER_RIDING_STYLED_ITEM('',(#2462),#2380,#2437);
#58=OVER_RIDING_STYLED_ITEM('',(#2463),#2381,#2437);
#59=OVER_RIDING_STYLED_ITEM('',(#2464),#2382,#2437);
#60=OVER_RIDING_STYLED_ITEM('',(#2465),#2383,#2437);
#61=OVER_RIDING_STYLED_ITEM('',(#2466),#2384,#2437);
#62=OVER_RIDING_STYLED_ITEM('',(#2467),#2385,#2437);
#63=OVER_RIDING_STYLED_ITEM('',(#2468),#2386,#2437);
#64=OVER_RIDING_STYLED_ITEM('',(#2469),#2387,#2437);
#65=OVER_RIDING_STYLED_ITEM('',(#2470),#2388,#2437);
#66=OVER_RIDING_STYLED_ITEM('',(#2471),#2389,#2437);
#67=OVER_RIDING_STYLED_ITEM('',(#2472),#2390,#2437);
#68=OVER_RIDING_STYLED_ITEM('',(#2473),#2391,#2437);
#69=OVER_RIDING_STYLED_ITEM('',(#2474),#2392,#2437);
#70=OVER_RIDING_STYLED_ITEM('',(#2475),#2393,#2437);
#71=OVER_RIDING_STYLED_ITEM('',(#2476),#2394,#2437);
#72=OVER_RIDING_STYLED_ITEM('',(#2477),#2395,#2437);
#73=OVER_RIDING_STYLED_ITEM('',(#2478),#2396,#2437);
#74=OVER_RIDING_STYLED_ITEM('',(#2479),#2397,#2437);
#75=OVER_RIDING_STYLED_ITEM('',(#2480),#2398,#2437);
#76=OVER_RIDING_STYLED_ITEM('',(#2481),#2399,#2437);
#77=OVER_RIDING_STYLED_ITEM('',(#2482),#2400,#2437);
#78=OVER_RIDING_STYLED_ITEM('',(#2483),#2401,#2437);
#79=OVER_RIDING_STYLED_ITEM('',(#2484),#2402,#2437);
#80=OVER_RIDING_STYLED_ITEM('',(#2485),#2403,#2437);
#81=OVER_RIDING_STYLED_ITEM('',(#2486),#2404,#2437);
#82=OVER_RIDING_STYLED_ITEM('',(#2487),#2405,#2437);
#83=OVER_RIDING_STYLED_ITEM('',(#2488),#2406,#2437);
#84=OVER_RIDING_STYLED_ITEM('',(#2489),#2407,#2437);
#85=OVER_RIDING_STYLED_ITEM('',(#2490),#2408,#2437);
#86=OVER_RIDING_STYLED_ITEM('',(#2491),#2409,#2437);
#87=OVER_RIDING_STYLED_ITEM('',(#2492),#2410,#2437);
#88=OVER_RIDING_STYLED_ITEM('',(#2493),#2411,#2437);
#89=OVER_RIDING_STYLED_ITEM('',(#2494),#2412,#2437);
#90=OVER_RIDING_STYLED_ITEM('',(#2495),#2413,#2437);
#91=OVER_RIDING_STYLED_ITEM('',(#2496),#2414,#2437);
#92=OVER_RIDING_STYLED_ITEM('',(#2497),#2415,#2437);
#93=OVER_RIDING_STYLED_ITEM('',(#2498),#2416,#2437);
#94=OVER_RIDING_STYLED_ITEM('',(#2499),#2417,#2437);
#95=OVER_RIDING_STYLED_ITEM('',(#2500),#2418,#2437);
#96=OVER_RIDING_STYLED_ITEM('',(#2501),#2419,#2437);
#97=OVER_RIDING_STYLED_ITEM('',(#2502),#2420,#2437);
#98=OVER_RIDING_STYLED_ITEM('',(#2503),#2421,#2437);
#99=OVER_RIDING_STYLED_ITEM('',(#2504),#2422,#2437);
#100=OVER_RIDING_STYLED_ITEM('',(#2505),#2423,#2437);
#101=OVER_RIDING_STYLED_ITEM('',(#2506),#2424,#2437);
#102=MANIFOLD_SURFACE_SHAPE_REPRESENTATION('',(#105),#4789);
#103=B_SPLINE_SURFACE_WITH_KNOTS('',3,3,((#4367,#4368,#4369,#4370,#4371,
#4372,#4373,#4374,#4375,#4376,#4377,#4378,#4379,#4380,#4381,#4382,#4383,
#4384,#4385),(#4386,#4387,#4388,#4389,#4390,#4391,#4392,#4393,#4394,#4395,
#4396,#4397,#4398,#4399,#4400,#4401,#4402,#4403,#4404),(#4405,#4406,#4407,
#4408,#4409,#4410,#4411,#4412,#4413,#4414,#4415,#4416,#4417,#4418,#4419,
#4420,#4421,#4422,#4423),(#4424,#4425,#4426,#4427,#4428,#4429,#4430,#4431,
#4432,#4433,#4434,#4435,#4436,#4437,#4438,#4439,#4440,#4441,#4442),(#4443,
#4444,#4445,#4446,#4447,#4448,#4449,#4450,#4451,#4452,#4453,#4454,#4455,
#4456,#4457,#4458,#4459,#4460,#4461)),.UNSPECIFIED.,.F.,.T.,.F.,(4,1,4),
(1,1,1,1,1,1,1,1,1,1,1,1,1,1,1,1,1,1,1,1,1,1,1),(0.,0.5,1.),(-1.17809724509617,
-0.785398163397448,-0.392699081698725,0.,0.392699081698724,0.785398163397448,
1.17809724509617,1.5707963267949,1.96349540849362,2.35619449019234,2.74889357189107,
3.14159265358979,3.53429173528852,3.92699081698724,4.31968989868597,4.71238898038469,
5.10508806208341,5.49778714378214,5.89048622548086,6.28318530717959,6.67588438887831,
7.06858347057703,7.46128255227576),.UNSPECIFIED.);
#104=OPEN_SHELL('',(#2359,#2360,#2361,#2362));
#105=SHELL_BASED_SURFACE_MODEL('Surface 1',(#104));
#106=CONTEXT_DEPENDENT_SHAPE_REPRESENTATION(#126,#4804);
#107=CONTEXT_DEPENDENT_SHAPE_REPRESENTATION(#127,#4806);
#108=CONTEXT_DEPENDENT_SHAPE_REPRESENTATION(#128,#4807);
#109=CONTEXT_DEPENDENT_SHAPE_REPRESENTATION(#129,#4809);
#110=CONTEXT_DEPENDENT_SHAPE_REPRESENTATION(#130,#4811);
#111=CONTEXT_DEPENDENT_SHAPE_REPRESENTATION(#131,#4812);
#112=CONTEXT_DEPENDENT_SHAPE_REPRESENTATION(#132,#4814);
#113=CONTEXT_DEPENDENT_SHAPE_REPRESENTATION(#133,#4816);
#114=CONTEXT_DEPENDENT_SHAPE_REPRESENTATION(#134,#4817);
#115=CONTEXT_DEPENDENT_SHAPE_REPRESENTATION(#135,#4819);
#116=NEXT_ASSEMBLY_USAGE_OCCURRENCE('NAUO1','Part 3','Part 3',#4820,#4821,
'');
#117=NEXT_ASSEMBLY_USAGE_OCCURRENCE('NAUO2','Part 1','Part 1',#4820,#4822,
'');
#118=NEXT_ASSEMBLY_USAGE_OCCURRENCE('NAUO3','Part 1','Part 1',#4820,#4822,
'');
#119=NEXT_ASSEMBLY_USAGE_OCCURRENCE('NAUO4','Part 2','Part 2',#4820,#4823,
'');
#120=NEXT_ASSEMBLY_USAGE_OCCURRENCE('NAUO5','Part 4','Part 4',#4820,#4824,
'');
#121=NEXT_ASSEMBLY_USAGE_OCCURRENCE('NAUO6','Part 1','Part 1',#4820,#4822,
'');
#122=NEXT_ASSEMBLY_USAGE_OCCURRENCE('NAUO7','Part 1','Part 1',#4820,#4825,
'');
#123=NEXT_ASSEMBLY_USAGE_OCCURRENCE('NAUO8','Surface 1','Surface 1',#4820,
#4826,'');
#124=NEXT_ASSEMBLY_USAGE_OCCURRENCE('NAUO9','Part 1','Part 1',#4820,#4822,
'');
#125=NEXT_ASSEMBLY_USAGE_OCCURRENCE('NAUO10','Part 1','Part 1',#4820,#4827,
'');
#126=(
REPRESENTATION_RELATIONSHIP(' ',' ',#2870,#2869)
REPRESENTATION_RELATIONSHIP_WITH_TRANSFORMATION(#136)
SHAPE_REPRESENTATION_RELATIONSHIP()
);
#127=(
REPRESENTATION_RELATIONSHIP(' ',' ',#2871,#2869)
REPRESENTATION_RELATIONSHIP_WITH_TRANSFORMATION(#137)
SHAPE_REPRESENTATION_RELATIONSHIP()
);
#128=(
REPRESENTATION_RELATIONSHIP(' ',' ',#2871,#2869)
REPRESENTATION_RELATIONSHIP_WITH_TRANSFORMATION(#138)
SHAPE_REPRESENTATION_RELATIONSHIP()
);
#129=(
REPRESENTATION_RELATIONSHIP(' ',' ',#2872,#2869)
REPRESENTATION_RELATIONSHIP_WITH_TRANSFORMATION(#139)
SHAPE_REPRESENTATION_RELATIONSHIP()
);
#130=(
REPRESENTATION_RELATIONSHIP(' ',' ',#2873,#2869)
REPRESENTATION_RELATIONSHIP_WITH_TRANSFORMATION(#140)
SHAPE_REPRESENTATION_RELATIONSHIP()
);
#131=(
REPRESENTATION_RELATIONSHIP(' ',' ',#2871,#2869)
REPRESENTATION_RELATIONSHIP_WITH_TRANSFORMATION(#141)
SHAPE_REPRESENTATION_RELATIONSHIP()
);
#132=(
REPRESENTATION_RELATIONSHIP(' ',' ',#2874,#2869)
REPRESENTATION_RELATIONSHIP_WITH_TRANSFORMATION(#142)
SHAPE_REPRESENTATION_RELATIONSHIP()
);
#133=(
REPRESENTATION_RELATIONSHIP(' ',' ',#2875,#2869)
REPRESENTATION_RELATIONSHIP_WITH_TRANSFORMATION(#143)
SHAPE_REPRESENTATION_RELATIONSHIP()
);
#134=(
REPRESENTATION_RELATIONSHIP(' ',' ',#2871,#2869)
REPRESENTATION_RELATIONSHIP_WITH_TRANSFORMATION(#144)
SHAPE_REPRESENTATION_RELATIONSHIP()
);
#135=(
REPRESENTATION_RELATIONSHIP(' ',' ',#2876,#2869)
REPRESENTATION_RELATIONSHIP_WITH_TRANSFORMATION(#145)
SHAPE_REPRESENTATION_RELATIONSHIP()
);
#136=ITEM_DEFINED_TRANSFORMATION(' ',' ',#2877,#2912);
#137=ITEM_DEFINED_TRANSFORMATION(' ',' ',#2877,#2951);
#138=ITEM_DEFINED_TRANSFORMATION(' ',' ',#2877,#2952);
#139=ITEM_DEFINED_TRANSFORMATION(' ',' ',#2877,#2987);
#140=ITEM_DEFINED_TRANSFORMATION(' ',' ',#2877,#3022);
#141=ITEM_DEFINED_TRANSFORMATION(' ',' ',#2877,#3023);
#142=ITEM_DEFINED_TRANSFORMATION(' ',' ',#2877,#3058);
#143=ITEM_DEFINED_TRANSFORMATION(' ',' ',#2877,#3066);
#144=ITEM_DEFINED_TRANSFORMATION(' ',' ',#2877,#3067);
#145=ITEM_DEFINED_TRANSFORMATION(' ',' ',#2877,#3194);
#146=SHAPE_REPRESENTATION_RELATIONSHIP('','',#2870,#153);
#147=SHAPE_REPRESENTATION_RELATIONSHIP('','',#2871,#154);
#148=SHAPE_REPRESENTATION_RELATIONSHIP('','',#2872,#155);
#149=SHAPE_REPRESENTATION_RELATIONSHIP('','',#2873,#156);
#150=SHAPE_REPRESENTATION_RELATIONSHIP('','',#2874,#157);
#151=SHAPE_REPRESENTATION_RELATIONSHIP('','',#2875,#102);
#152=SHAPE_REPRESENTATION_RELATIONSHIP('','',#2876,#158);
#153=ADVANCED_BREP_SHAPE_REPRESENTATION('',(#2855),#4784);
#154=ADVANCED_BREP_SHAPE_REPRESENTATION('',(#2856),#4785);
#155=ADVANCED_BREP_SHAPE_REPRESENTATION('',(#2857),#4786);
#156=ADVANCED_BREP_SHAPE_REPRESENTATION('',(#2858),#4787);
#157=ADVANCED_BREP_SHAPE_REPRESENTATION('',(#2859),#4788);
#158=ADVANCED_BREP_SHAPE_REPRESENTATION('',(#2860),#4790);
#159=CIRCLE('',#2880,0.004);
#160=CIRCLE('',#2881,0.004);
#161=CIRCLE('',#2884,0.004);
#162=CIRCLE('',#2885,0.004);
#163=CIRCLE('',#2888,0.004);
#164=CIRCLE('',#2889,0.004);
#165=CIRCLE('',#2892,0.004);
#166=CIRCLE('',#2893,0.004);
#167=CIRCLE('',#2895,0.0016);
#168=CIRCLE('',#2896,0.0016);
#169=CIRCLE('',#2897,0.0016);
#170=CIRCLE('',#2898,0.0016);
#171=CIRCLE('',#2901,0.0016);
#172=CIRCLE('',#2904,0.0016);
#173=CIRCLE('',#2907,0.0016);
#174=CIRCLE('',#2910,0.0016);
#175=CIRCLE('',#2915,0.004);
#176=CIRCLE('',#2916,0.004);
#177=CIRCLE('',#2919,0.004);
#178=CIRCLE('',#2920,0.004);
#179=CIRCLE('',#2923,0.004);
#180=CIRCLE('',#2924,0.004);
#181=CIRCLE('',#2927,0.004);
#182=CIRCLE('',#2928,0.004);
#183=CIRCLE('',#2931,0.0076);
#184=CIRCLE('',#2932,0.0016);
#185=CIRCLE('',#2933,0.0016);
#186=CIRCLE('',#2934,0.0016);
#187=CIRCLE('',#2935,0.0016);
#188=CIRCLE('',#2937,0.0016);
#189=CIRCLE('',#2940,0.0016);
#190=CIRCLE('',#2943,0.0016);
#191=CIRCLE('',#2946,0.0016);
#192=CIRCLE('',#2949,0.0076);
#193=CIRCLE('',#2955,0.004);
#194=CIRCLE('',#2956,0.004);
#195=CIRCLE('',#2959,0.004);
#196=CIRCLE('',#2960,0.004);
#197=CIRCLE('',#2963,0.004);
#198=CIRCLE('',#2964,0.004);
#199=CIRCLE('',#2967,0.004);
#200=CIRCLE('',#2968,0.004);
#201=CIRCLE('',#2970,0.0016);
#202=CIRCLE('',#2971,0.0016);
#203=CIRCLE('',#2972,0.0016);
#204=CIRCLE('',#2973,0.0016);
#205=CIRCLE('',#2976,0.0016);
#206=CIRCLE('',#2979,0.0016);
#207=CIRCLE('',#2982,0.0016);
#208=CIRCLE('',#2985,0.0016);
#209=CIRCLE('',#2990,0.004);
#210=CIRCLE('',#2991,0.004);
#211=CIRCLE('',#2994,0.004);
#212=CIRCLE('',#2995,0.004);
#213=CIRCLE('',#2998,0.004);
#214=CIRCLE('',#2999,0.004);
#215=CIRCLE('',#3002,0.004);
#216=CIRCLE('',#3003,0.004);
#217=CIRCLE('',#3005,0.0016);
#218=CIRCLE('',#3006,0.0016);
#219=CIRCLE('',#3007,0.0016);
#220=CIRCLE('',#3008,0.0016);
#221=CIRCLE('',#3011,0.0016);
#222=CIRCLE('',#3014,0.0016);
#223=CIRCLE('',#3017,0.0016);
#224=CIRCLE('',#3020,0.0016);
#225=CIRCLE('',#3026,0.004);
#226=CIRCLE('',#3027,0.004);
#227=CIRCLE('',#3030,0.004);
#228=CIRCLE('',#3031,0.004);
#229=CIRCLE('',#3034,0.004);
#230=CIRCLE('',#3035,0.004);
#231=CIRCLE('',#3038,0.004);
#232=CIRCLE('',#3039,0.004);
#233=CIRCLE('',#3041,0.0016);
#234=CIRCLE('',#3042,0.0016);
#235=CIRCLE('',#3043,0.0016);
#236=CIRCLE('',#3044,0.0016);
#237=CIRCLE('',#3047,0.0016);
#238=CIRCLE('',#3050,0.0016);
#239=CIRCLE('',#3053,0.0016);
#240=CIRCLE('',#3056,0.0016);
#241=CIRCLE('',#3060,0.04);
#242=CIRCLE('',#3062,0.04);
#243=CIRCLE('',#3063,0.0476287492176307);
#244=CIRCLE('',#3065,0.0526287492176307);
#245=CIRCLE('',#3069,0.017);
#246=CIRCLE('',#3070,0.004);
#247=CIRCLE('',#3073,0.004);
#248=CIRCLE('',#3074,0.017);
#249=CIRCLE('',#3087,0.002);
#250=CIRCLE('',#3088,0.002);
#251=CIRCLE('',#3089,0.002);
#252=CIRCLE('',#3090,0.002);
#253=CIRCLE('',#3095,0.004);
#254=CIRCLE('',#3096,0.012);
#255=CIRCLE('',#3098,0.012);
#256=CIRCLE('',#3099,0.004);
#257=CIRCLE('',#3101,0.01);
#258=CIRCLE('',#3102,0.01);
#259=CIRCLE('',#3104,0.015);
#260=CIRCLE('',#3105,0.015);
#261=CIRCLE('',#3107,0.006);
#262=CIRCLE('',#3108,0.006);
#263=CIRCLE('',#3110,0.006);
#264=CIRCLE('',#3111,0.006);
#265=CIRCLE('',#3113,0.002);
#266=CIRCLE('',#3114,0.002);
#267=CIRCLE('',#3116,0.002);
#268=CIRCLE('',#3117,0.002);
#269=CIRCLE('',#3119,0.002);
#270=CIRCLE('',#3120,0.002);
#271=CIRCLE('',#3122,0.002);
#272=CIRCLE('',#3123,0.002);
#273=CIRCLE('',#3125,0.002);
#274=CIRCLE('',#3127,0.002);
#275=CIRCLE('',#3129,0.002);
#276=CIRCLE('',#3131,0.002);
#277=CIRCLE('',#3133,0.002);
#278=CIRCLE('',#3135,0.002);
#279=CIRCLE('',#3137,0.002);
#280=CIRCLE('',#3139,0.002);
#281=CIRCLE('',#3141,0.002);
#282=CIRCLE('',#3143,0.002);
#283=CIRCLE('',#3145,0.002);
#284=CIRCLE('',#3147,0.002);
#285=CIRCLE('',#3149,0.002);
#286=CIRCLE('',#3151,0.002);
#287=CIRCLE('',#3153,0.002);
#288=CIRCLE('',#3157,0.002);
#289=CIRCLE('',#3160,0.002);
#290=CIRCLE('',#3162,0.002);
#291=CIRCLE('',#3164,0.002);
#292=CIRCLE('',#3166,0.002);
#293=CIRCLE('',#3168,0.002);
#294=CIRCLE('',#3170,0.002);
#295=CIRCLE('',#3172,0.002);
#296=CIRCLE('',#3174,0.002);
#297=CIRCLE('',#3176,0.002);
#298=CIRCLE('',#3178,0.002);
#299=CIRCLE('',#3180,0.002);
#300=CIRCLE('',#3182,0.002);
#301=CIRCLE('',#3184,0.002);
#302=CIRCLE('',#3187,0.002);
#303=CIRCLE('',#3189,0.002);
#304=CIRCLE('',#3192,0.002);
#305=CYLINDRICAL_SURFACE('',#2879,0.004);
#306=CYLINDRICAL_SURFACE('',#2883,0.004);
#307=CYLINDRICAL_SURFACE('',#2887,0.004);
#308=CYLINDRICAL_SURFACE('',#2891,0.004);
#309=CYLINDRICAL_SURFACE('',#2900,0.0016);
#310=CYLINDRICAL_SURFACE('',#2903,0.0016);
#311=CYLINDRICAL_SURFACE('',#2906,0.0016);
#312=CYLINDRICAL_SURFACE('',#2909,0.0016);
#313=CYLINDRICAL_SURFACE('',#2914,0.004);
#314=CYLINDRICAL_SURFACE('',#2918,0.004);
#315=CYLINDRICAL_SURFACE('',#2922,0.004);
#316=CYLINDRICAL_SURFACE('',#2926,0.004);
#317=CYLINDRICAL_SURFACE('',#2936,0.0016);
#318=CYLINDRICAL_SURFACE('',#2939,0.0016);
#319=CYLINDRICAL_SURFACE('',#2942,0.0016);
#320=CYLINDRICAL_SURFACE('',#2945,0.0016);
#321=CYLINDRICAL_SURFACE('',#2948,0.0076);
#322=CYLINDRICAL_SURFACE('',#2954,0.004);
#323=CYLINDRICAL_SURFACE('',#2958,0.004);
#324=CYLINDRICAL_SURFACE('',#2962,0.004);
#325=CYLINDRICAL_SURFACE('',#2966,0.004);
#326=CYLINDRICAL_SURFACE('',#2975,0.0016);
#327=CYLINDRICAL_SURFACE('',#2978,0.0016);
#328=CYLINDRICAL_SURFACE('',#2981,0.0016);
#329=CYLINDRICAL_SURFACE('',#2984,0.0016);
#330=CYLINDRICAL_SURFACE('',#2989,0.004);
#331=CYLINDRICAL_SURFACE('',#2993,0.004);
#332=CYLINDRICAL_SURFACE('',#2997,0.004);
#333=CYLINDRICAL_SURFACE('',#3001,0.004);
#334=CYLINDRICAL_SURFACE('',#3010,0.0016);
#335=CYLINDRICAL_SURFACE('',#3013,0.0016);
#336=CYLINDRICAL_SURFACE('',#3016,0.0016);
#337=CYLINDRICAL_SURFACE('',#3019,0.0016);
#338=CYLINDRICAL_SURFACE('',#3025,0.004);
#339=CYLINDRICAL_SURFACE('',#3029,0.004);
#340=CYLINDRICAL_SURFACE('',#3033,0.004);
#341=CYLINDRICAL_SURFACE('',#3037,0.004);
#342=CYLINDRICAL_SURFACE('',#3046,0.0016);
#343=CYLINDRICAL_SURFACE('',#3049,0.0016);
#344=CYLINDRICAL_SURFACE('',#3052,0.0016);
#345=CYLINDRICAL_SURFACE('',#3055,0.0016);
#346=CYLINDRICAL_SURFACE('',#3061,0.04);
#347=CYLINDRICAL_SURFACE('',#3100,0.01);
#348=CYLINDRICAL_SURFACE('',#3103,0.015);
#349=CYLINDRICAL_SURFACE('',#3106,0.006);
#350=CYLINDRICAL_SURFACE('',#3109,0.006);
#351=CYLINDRICAL_SURFACE('',#3112,0.002);
#352=CYLINDRICAL_SURFACE('',#3115,0.002);
#353=CYLINDRICAL_SURFACE('',#3118,0.002);
#354=CYLINDRICAL_SURFACE('',#3121,0.002);
#355=CYLINDRICAL_SURFACE('',#3124,0.002);
#356=CYLINDRICAL_SURFACE('',#3128,0.002);
#357=CYLINDRICAL_SURFACE('',#3132,0.002);
#358=CYLINDRICAL_SURFACE('',#3136,0.002);
#359=CYLINDRICAL_SURFACE('',#3138,0.002);
#360=CYLINDRICAL_SURFACE('',#3144,0.002);
#361=CYLINDRICAL_SURFACE('',#3146,0.002);
#362=CYLINDRICAL_SURFACE('',#3150,0.002);
#363=CYLINDRICAL_SURFACE('',#3154,0.002);
#364=CYLINDRICAL_SURFACE('',#3158,0.002);
#365=CYLINDRICAL_SURFACE('',#3159,0.002);
#366=CYLINDRICAL_SURFACE('',#3163,0.002);
#367=CYLINDRICAL_SURFACE('',#3167,0.002);
#368=CYLINDRICAL_SURFACE('',#3171,0.002);
#369=CYLINDRICAL_SURFACE('',#3173,0.002);
#370=CYLINDRICAL_SURFACE('',#3179,0.002);
#371=CYLINDRICAL_SURFACE('',#3181,0.002);
#372=CYLINDRICAL_SURFACE('',#3183,0.002);
#373=CYLINDRICAL_SURFACE('',#3188,0.002);
#374=CYLINDRICAL_SURFACE('',#3193,0.002);
#375=ORIENTED_EDGE('',*,*,#986,.T.);
#376=ORIENTED_EDGE('',*,*,#987,.F.);
#377=ORIENTED_EDGE('',*,*,#988,.F.);
#378=ORIENTED_EDGE('',*,*,#989,.T.);
#379=ORIENTED_EDGE('',*,*,#990,.T.);
#380=ORIENTED_EDGE('',*,*,#991,.F.);
#381=ORIENTED_EDGE('',*,*,#992,.F.);
#382=ORIENTED_EDGE('',*,*,#987,.T.);
#383=ORIENTED_EDGE('',*,*,#993,.F.);
#384=ORIENTED_EDGE('',*,*,#994,.F.);
#385=ORIENTED_EDGE('',*,*,#995,.T.);
#386=ORIENTED_EDGE('',*,*,#991,.T.);
#387=ORIENTED_EDGE('',*,*,#996,.T.);
#388=ORIENTED_EDGE('',*,*,#997,.F.);
#389=ORIENTED_EDGE('',*,*,#998,.F.);
#390=ORIENTED_EDGE('',*,*,#994,.T.);
#391=ORIENTED_EDGE('',*,*,#999,.F.);
#392=ORIENTED_EDGE('',*,*,#1000,.F.);
#393=ORIENTED_EDGE('',*,*,#1001,.T.);
#394=ORIENTED_EDGE('',*,*,#997,.T.);
#395=ORIENTED_EDGE('',*,*,#1002,.T.);
#396=ORIENTED_EDGE('',*,*,#1003,.F.);
#397=ORIENTED_EDGE('',*,*,#1004,.F.);
#398=ORIENTED_EDGE('',*,*,#1000,.T.);
#399=ORIENTED_EDGE('',*,*,#1005,.T.);
#400=ORIENTED_EDGE('',*,*,#1006,.F.);
#401=ORIENTED_EDGE('',*,*,#1007,.F.);
#402=ORIENTED_EDGE('',*,*,#1003,.T.);
#403=ORIENTED_EDGE('',*,*,#1008,.T.);
#404=ORIENTED_EDGE('',*,*,#989,.F.);
#405=ORIENTED_EDGE('',*,*,#1009,.F.);
#406=ORIENTED_EDGE('',*,*,#1006,.T.);
#407=ORIENTED_EDGE('',*,*,#1010,.F.);
#408=ORIENTED_EDGE('',*,*,#1011,.F.);
#409=ORIENTED_EDGE('',*,*,#1012,.F.);
#410=ORIENTED_EDGE('',*,*,#1013,.F.);
#411=ORIENTED_EDGE('',*,*,#988,.T.);
#412=ORIENTED_EDGE('',*,*,#992,.T.);
#413=ORIENTED_EDGE('',*,*,#995,.F.);
#414=ORIENTED_EDGE('',*,*,#998,.T.);
#415=ORIENTED_EDGE('',*,*,#1001,.F.);
#416=ORIENTED_EDGE('',*,*,#1004,.T.);
#417=ORIENTED_EDGE('',*,*,#1007,.T.);
#418=ORIENTED_EDGE('',*,*,#1009,.T.);
#419=ORIENTED_EDGE('',*,*,#986,.F.);
#420=ORIENTED_EDGE('',*,*,#1008,.F.);
#421=ORIENTED_EDGE('',*,*,#1005,.F.);
#422=ORIENTED_EDGE('',*,*,#1002,.F.);
#423=ORIENTED_EDGE('',*,*,#999,.T.);
#424=ORIENTED_EDGE('',*,*,#996,.F.);
#425=ORIENTED_EDGE('',*,*,#993,.T.);
#426=ORIENTED_EDGE('',*,*,#990,.F.);
#427=ORIENTED_EDGE('',*,*,#1014,.F.);
#428=ORIENTED_EDGE('',*,*,#1013,.T.);
#429=ORIENTED_EDGE('',*,*,#1014,.T.);
#430=ORIENTED_EDGE('',*,*,#1015,.F.);
#431=ORIENTED_EDGE('',*,*,#1012,.T.);
#432=ORIENTED_EDGE('',*,*,#1015,.T.);
#433=ORIENTED_EDGE('',*,*,#1016,.F.);
#434=ORIENTED_EDGE('',*,*,#1011,.T.);
#435=ORIENTED_EDGE('',*,*,#1016,.T.);
#436=ORIENTED_EDGE('',*,*,#1017,.F.);
#437=ORIENTED_EDGE('',*,*,#1010,.T.);
#438=ORIENTED_EDGE('',*,*,#1017,.T.);
#439=ORIENTED_EDGE('',*,*,#1018,.F.);
#440=ORIENTED_EDGE('',*,*,#1019,.F.);
#441=ORIENTED_EDGE('',*,*,#1020,.T.);
#442=ORIENTED_EDGE('',*,*,#1021,.T.);
#443=ORIENTED_EDGE('',*,*,#1022,.T.);
#444=ORIENTED_EDGE('',*,*,#1023,.F.);
#445=ORIENTED_EDGE('',*,*,#1024,.F.);
#446=ORIENTED_EDGE('',*,*,#1019,.T.);
#447=ORIENTED_EDGE('',*,*,#1025,.T.);
#448=ORIENTED_EDGE('',*,*,#1026,.F.);
#449=ORIENTED_EDGE('',*,*,#1027,.F.);
#450=ORIENTED_EDGE('',*,*,#1023,.T.);
#451=ORIENTED_EDGE('',*,*,#1028,.T.);
#452=ORIENTED_EDGE('',*,*,#1029,.F.);
#453=ORIENTED_EDGE('',*,*,#1030,.F.);
#454=ORIENTED_EDGE('',*,*,#1026,.T.);
#455=ORIENTED_EDGE('',*,*,#1031,.T.);
#456=ORIENTED_EDGE('',*,*,#1032,.F.);
#457=ORIENTED_EDGE('',*,*,#1033,.F.);
#458=ORIENTED_EDGE('',*,*,#1029,.T.);
#459=ORIENTED_EDGE('',*,*,#1034,.T.);
#460=ORIENTED_EDGE('',*,*,#1035,.F.);
#461=ORIENTED_EDGE('',*,*,#1036,.F.);
#462=ORIENTED_EDGE('',*,*,#1032,.T.);
#463=ORIENTED_EDGE('',*,*,#1037,.F.);
#464=ORIENTED_EDGE('',*,*,#1038,.F.);
#465=ORIENTED_EDGE('',*,*,#1039,.T.);
#466=ORIENTED_EDGE('',*,*,#1035,.T.);
#467=ORIENTED_EDGE('',*,*,#1040,.T.);
#468=ORIENTED_EDGE('',*,*,#1021,.F.);
#469=ORIENTED_EDGE('',*,*,#1041,.F.);
#470=ORIENTED_EDGE('',*,*,#1038,.T.);
#471=ORIENTED_EDGE('',*,*,#1020,.F.);
#472=ORIENTED_EDGE('',*,*,#1024,.T.);
#473=ORIENTED_EDGE('',*,*,#1027,.T.);
#474=ORIENTED_EDGE('',*,*,#1030,.T.);
#475=ORIENTED_EDGE('',*,*,#1033,.T.);
#476=ORIENTED_EDGE('',*,*,#1036,.T.);
#477=ORIENTED_EDGE('',*,*,#1039,.F.);
#478=ORIENTED_EDGE('',*,*,#1041,.T.);
#479=ORIENTED_EDGE('',*,*,#1042,.F.);
#480=ORIENTED_EDGE('',*,*,#1043,.T.);
#481=ORIENTED_EDGE('',*,*,#1044,.T.);
#482=ORIENTED_EDGE('',*,*,#1045,.T.);
#483=ORIENTED_EDGE('',*,*,#1046,.T.);
#484=ORIENTED_EDGE('',*,*,#1018,.T.);
#485=ORIENTED_EDGE('',*,*,#1040,.F.);
#486=ORIENTED_EDGE('',*,*,#1037,.T.);
#487=ORIENTED_EDGE('',*,*,#1034,.F.);
#488=ORIENTED_EDGE('',*,*,#1031,.F.);
#489=ORIENTED_EDGE('',*,*,#1028,.F.);
#490=ORIENTED_EDGE('',*,*,#1025,.F.);
#491=ORIENTED_EDGE('',*,*,#1022,.F.);
#492=ORIENTED_EDGE('',*,*,#1047,.T.);
#493=ORIENTED_EDGE('',*,*,#1046,.F.);
#494=ORIENTED_EDGE('',*,*,#1047,.F.);
#495=ORIENTED_EDGE('',*,*,#1048,.T.);
#496=ORIENTED_EDGE('',*,*,#1045,.F.);
#497=ORIENTED_EDGE('',*,*,#1048,.F.);
#498=ORIENTED_EDGE('',*,*,#1049,.T.);
#499=ORIENTED_EDGE('',*,*,#1044,.F.);
#500=ORIENTED_EDGE('',*,*,#1049,.F.);
#501=ORIENTED_EDGE('',*,*,#1050,.T.);
#502=ORIENTED_EDGE('',*,*,#1043,.F.);
#503=ORIENTED_EDGE('',*,*,#1050,.F.);
#504=ORIENTED_EDGE('',*,*,#1051,.F.);
#505=ORIENTED_EDGE('',*,*,#1042,.T.);
#506=ORIENTED_EDGE('',*,*,#1051,.T.);
#507=ORIENTED_EDGE('',*,*,#1052,.F.);
#508=ORIENTED_EDGE('',*,*,#1053,.F.);
#509=ORIENTED_EDGE('',*,*,#1054,.T.);
#510=ORIENTED_EDGE('',*,*,#1055,.T.);
#511=ORIENTED_EDGE('',*,*,#1056,.T.);
#512=ORIENTED_EDGE('',*,*,#1057,.F.);
#513=ORIENTED_EDGE('',*,*,#1058,.F.);
#514=ORIENTED_EDGE('',*,*,#1053,.T.);
#515=ORIENTED_EDGE('',*,*,#1059,.F.);
#516=ORIENTED_EDGE('',*,*,#1060,.F.);
#517=ORIENTED_EDGE('',*,*,#1061,.T.);
#518=ORIENTED_EDGE('',*,*,#1057,.T.);
#519=ORIENTED_EDGE('',*,*,#1062,.T.);
#520=ORIENTED_EDGE('',*,*,#1063,.F.);
#521=ORIENTED_EDGE('',*,*,#1064,.F.);
#522=ORIENTED_EDGE('',*,*,#1060,.T.);
#523=ORIENTED_EDGE('',*,*,#1065,.T.);
#524=ORIENTED_EDGE('',*,*,#1066,.F.);
#525=ORIENTED_EDGE('',*,*,#1067,.F.);
#526=ORIENTED_EDGE('',*,*,#1063,.T.);
#527=ORIENTED_EDGE('',*,*,#1068,.T.);
#528=ORIENTED_EDGE('',*,*,#1069,.F.);
#529=ORIENTED_EDGE('',*,*,#1070,.F.);
#530=ORIENTED_EDGE('',*,*,#1066,.T.);
#531=ORIENTED_EDGE('',*,*,#1071,.T.);
#532=ORIENTED_EDGE('',*,*,#1072,.F.);
#533=ORIENTED_EDGE('',*,*,#1073,.F.);
#534=ORIENTED_EDGE('',*,*,#1069,.T.);
#535=ORIENTED_EDGE('',*,*,#1074,.T.);
#536=ORIENTED_EDGE('',*,*,#1055,.F.);
#537=ORIENTED_EDGE('',*,*,#1075,.F.);
#538=ORIENTED_EDGE('',*,*,#1072,.T.);
#539=ORIENTED_EDGE('',*,*,#1076,.F.);
#540=ORIENTED_EDGE('',*,*,#1077,.F.);
#541=ORIENTED_EDGE('',*,*,#1078,.F.);
#542=ORIENTED_EDGE('',*,*,#1079,.F.);
#543=ORIENTED_EDGE('',*,*,#1054,.F.);
#544=ORIENTED_EDGE('',*,*,#1058,.T.);
#545=ORIENTED_EDGE('',*,*,#1061,.F.);
#546=ORIENTED_EDGE('',*,*,#1064,.T.);
#547=ORIENTED_EDGE('',*,*,#1067,.T.);
#548=ORIENTED_EDGE('',*,*,#1070,.T.);
#549=ORIENTED_EDGE('',*,*,#1073,.T.);
#550=ORIENTED_EDGE('',*,*,#1075,.T.);
#551=ORIENTED_EDGE('',*,*,#1052,.T.);
#552=ORIENTED_EDGE('',*,*,#1074,.F.);
#553=ORIENTED_EDGE('',*,*,#1071,.F.);
#554=ORIENTED_EDGE('',*,*,#1068,.F.);
#555=ORIENTED_EDGE('',*,*,#1065,.F.);
#556=ORIENTED_EDGE('',*,*,#1062,.F.);
#557=ORIENTED_EDGE('',*,*,#1059,.T.);
#558=ORIENTED_EDGE('',*,*,#1056,.F.);
#559=ORIENTED_EDGE('',*,*,#1080,.F.);
#560=ORIENTED_EDGE('',*,*,#1079,.T.);
#561=ORIENTED_EDGE('',*,*,#1080,.T.);
#562=ORIENTED_EDGE('',*,*,#1081,.F.);
#563=ORIENTED_EDGE('',*,*,#1078,.T.);
#564=ORIENTED_EDGE('',*,*,#1081,.T.);
#565=ORIENTED_EDGE('',*,*,#1082,.F.);
#566=ORIENTED_EDGE('',*,*,#1077,.T.);
#567=ORIENTED_EDGE('',*,*,#1082,.T.);
#568=ORIENTED_EDGE('',*,*,#1083,.F.);
#569=ORIENTED_EDGE('',*,*,#1076,.T.);
#570=ORIENTED_EDGE('',*,*,#1083,.T.);
#571=ORIENTED_EDGE('',*,*,#1084,.F.);
#572=ORIENTED_EDGE('',*,*,#1085,.F.);
#573=ORIENTED_EDGE('',*,*,#1086,.T.);
#574=ORIENTED_EDGE('',*,*,#1087,.T.);
#575=ORIENTED_EDGE('',*,*,#1088,.T.);
#576=ORIENTED_EDGE('',*,*,#1089,.F.);
#577=ORIENTED_EDGE('',*,*,#1090,.F.);
#578=ORIENTED_EDGE('',*,*,#1085,.T.);
#579=ORIENTED_EDGE('',*,*,#1091,.F.);
#580=ORIENTED_EDGE('',*,*,#1092,.F.);
#581=ORIENTED_EDGE('',*,*,#1093,.T.);
#582=ORIENTED_EDGE('',*,*,#1089,.T.);
#583=ORIENTED_EDGE('',*,*,#1094,.T.);
#584=ORIENTED_EDGE('',*,*,#1095,.F.);
#585=ORIENTED_EDGE('',*,*,#1096,.F.);
#586=ORIENTED_EDGE('',*,*,#1092,.T.);
#587=ORIENTED_EDGE('',*,*,#1097,.T.);
#588=ORIENTED_EDGE('',*,*,#1098,.F.);
#589=ORIENTED_EDGE('',*,*,#1099,.F.);
#590=ORIENTED_EDGE('',*,*,#1095,.T.);
#591=ORIENTED_EDGE('',*,*,#1100,.T.);
#592=ORIENTED_EDGE('',*,*,#1101,.F.);
#593=ORIENTED_EDGE('',*,*,#1102,.F.);
#594=ORIENTED_EDGE('',*,*,#1098,.T.);
#595=ORIENTED_EDGE('',*,*,#1103,.T.);
#596=ORIENTED_EDGE('',*,*,#1104,.F.);
#597=ORIENTED_EDGE('',*,*,#1105,.F.);
#598=ORIENTED_EDGE('',*,*,#1101,.T.);
#599=ORIENTED_EDGE('',*,*,#1106,.T.);
#600=ORIENTED_EDGE('',*,*,#1087,.F.);
#601=ORIENTED_EDGE('',*,*,#1107,.F.);
#602=ORIENTED_EDGE('',*,*,#1104,.T.);
#603=ORIENTED_EDGE('',*,*,#1108,.F.);
#604=ORIENTED_EDGE('',*,*,#1109,.F.);
#605=ORIENTED_EDGE('',*,*,#1110,.F.);
#606=ORIENTED_EDGE('',*,*,#1111,.F.);
#607=ORIENTED_EDGE('',*,*,#1086,.F.);
#608=ORIENTED_EDGE('',*,*,#1090,.T.);
#609=ORIENTED_EDGE('',*,*,#1093,.F.);
#610=ORIENTED_EDGE('',*,*,#1096,.T.);
#611=ORIENTED_EDGE('',*,*,#1099,.T.);
#612=ORIENTED_EDGE('',*,*,#1102,.T.);
#613=ORIENTED_EDGE('',*,*,#1105,.T.);
#614=ORIENTED_EDGE('',*,*,#1107,.T.);
#615=ORIENTED_EDGE('',*,*,#1084,.T.);
#616=ORIENTED_EDGE('',*,*,#1106,.F.);
#617=ORIENTED_EDGE('',*,*,#1103,.F.);
#618=ORIENTED_EDGE('',*,*,#1100,.F.);
#619=ORIENTED_EDGE('',*,*,#1097,.F.);
#620=ORIENTED_EDGE('',*,*,#1094,.F.);
#621=ORIENTED_EDGE('',*,*,#1091,.T.);
#622=ORIENTED_EDGE('',*,*,#1088,.F.);
#623=ORIENTED_EDGE('',*,*,#1112,.F.);
#624=ORIENTED_EDGE('',*,*,#1111,.T.);
#625=ORIENTED_EDGE('',*,*,#1112,.T.);
#626=ORIENTED_EDGE('',*,*,#1113,.F.);
#627=ORIENTED_EDGE('',*,*,#1110,.T.);
#628=ORIENTED_EDGE('',*,*,#1113,.T.);
#629=ORIENTED_EDGE('',*,*,#1114,.F.);
#630=ORIENTED_EDGE('',*,*,#1109,.T.);
#631=ORIENTED_EDGE('',*,*,#1114,.T.);
#632=ORIENTED_EDGE('',*,*,#1115,.F.);
#633=ORIENTED_EDGE('',*,*,#1108,.T.);
#634=ORIENTED_EDGE('',*,*,#1115,.T.);
#635=ORIENTED_EDGE('',*,*,#1116,.F.);
#636=ORIENTED_EDGE('',*,*,#1117,.F.);
#637=ORIENTED_EDGE('',*,*,#1118,.T.);
#638=ORIENTED_EDGE('',*,*,#1119,.T.);
#639=ORIENTED_EDGE('',*,*,#1120,.T.);
#640=ORIENTED_EDGE('',*,*,#1121,.F.);
#641=ORIENTED_EDGE('',*,*,#1122,.F.);
#642=ORIENTED_EDGE('',*,*,#1117,.T.);
#643=ORIENTED_EDGE('',*,*,#1123,.F.);
#644=ORIENTED_EDGE('',*,*,#1124,.F.);
#645=ORIENTED_EDGE('',*,*,#1125,.T.);
#646=ORIENTED_EDGE('',*,*,#1121,.T.);
#647=ORIENTED_EDGE('',*,*,#1126,.T.);
#648=ORIENTED_EDGE('',*,*,#1127,.F.);
#649=ORIENTED_EDGE('',*,*,#1128,.F.);
#650=ORIENTED_EDGE('',*,*,#1124,.T.);
#651=ORIENTED_EDGE('',*,*,#1129,.T.);
#652=ORIENTED_EDGE('',*,*,#1130,.F.);
#653=ORIENTED_EDGE('',*,*,#1131,.F.);
#654=ORIENTED_EDGE('',*,*,#1127,.T.);
#655=ORIENTED_EDGE('',*,*,#1132,.T.);
#656=ORIENTED_EDGE('',*,*,#1133,.F.);
#657=ORIENTED_EDGE('',*,*,#1134,.F.);
#658=ORIENTED_EDGE('',*,*,#1130,.T.);
#659=ORIENTED_EDGE('',*,*,#1135,.T.);
#660=ORIENTED_EDGE('',*,*,#1136,.F.);
#661=ORIENTED_EDGE('',*,*,#1137,.F.);
#662=ORIENTED_EDGE('',*,*,#1133,.T.);
#663=ORIENTED_EDGE('',*,*,#1138,.T.);
#664=ORIENTED_EDGE('',*,*,#1119,.F.);
#665=ORIENTED_EDGE('',*,*,#1139,.F.);
#666=ORIENTED_EDGE('',*,*,#1136,.T.);
#667=ORIENTED_EDGE('',*,*,#1140,.F.);
#668=ORIENTED_EDGE('',*,*,#1141,.F.);
#669=ORIENTED_EDGE('',*,*,#1142,.F.);
#670=ORIENTED_EDGE('',*,*,#1143,.F.);
#671=ORIENTED_EDGE('',*,*,#1118,.F.);
#672=ORIENTED_EDGE('',*,*,#1122,.T.);
#673=ORIENTED_EDGE('',*,*,#1125,.F.);
#674=ORIENTED_EDGE('',*,*,#1128,.T.);
#675=ORIENTED_EDGE('',*,*,#1131,.T.);
#676=ORIENTED_EDGE('',*,*,#1134,.T.);
#677=ORIENTED_EDGE('',*,*,#1137,.T.);
#678=ORIENTED_EDGE('',*,*,#1139,.T.);
#679=ORIENTED_EDGE('',*,*,#1116,.T.);
#680=ORIENTED_EDGE('',*,*,#1138,.F.);
#681=ORIENTED_EDGE('',*,*,#1135,.F.);
#682=ORIENTED_EDGE('',*,*,#1132,.F.);
#683=ORIENTED_EDGE('',*,*,#1129,.F.);
#684=ORIENTED_EDGE('',*,*,#1126,.F.);
#685=ORIENTED_EDGE('',*,*,#1123,.T.);
#686=ORIENTED_EDGE('',*,*,#1120,.F.);
#687=ORIENTED_EDGE('',*,*,#1144,.F.);
#688=ORIENTED_EDGE('',*,*,#1143,.T.);
#689=ORIENTED_EDGE('',*,*,#1144,.T.);
#690=ORIENTED_EDGE('',*,*,#1145,.F.);
#691=ORIENTED_EDGE('',*,*,#1142,.T.);
#692=ORIENTED_EDGE('',*,*,#1145,.T.);
#693=ORIENTED_EDGE('',*,*,#1146,.F.);
#694=ORIENTED_EDGE('',*,*,#1141,.T.);
#695=ORIENTED_EDGE('',*,*,#1146,.T.);
#696=ORIENTED_EDGE('',*,*,#1147,.F.);
#697=ORIENTED_EDGE('',*,*,#1140,.T.);
#698=ORIENTED_EDGE('',*,*,#1147,.T.);
#699=ORIENTED_EDGE('',*,*,#1148,.F.);
#700=ORIENTED_EDGE('',*,*,#1148,.T.);
#701=ORIENTED_EDGE('',*,*,#1149,.F.);
#702=ORIENTED_EDGE('',*,*,#1149,.T.);
#703=ORIENTED_EDGE('',*,*,#1150,.F.);
#704=ORIENTED_EDGE('',*,*,#1150,.T.);
#705=ORIENTED_EDGE('',*,*,#1151,.F.);
#706=ORIENTED_EDGE('',*,*,#1152,.T.);
#707=ORIENTED_EDGE('',*,*,#1153,.T.);
#708=ORIENTED_EDGE('',*,*,#1154,.T.);
#709=ORIENTED_EDGE('',*,*,#1155,.T.);
#710=ORIENTED_EDGE('',*,*,#1156,.T.);
#711=ORIENTED_EDGE('',*,*,#1157,.T.);
#712=ORIENTED_EDGE('',*,*,#1158,.T.);
#713=ORIENTED_EDGE('',*,*,#1159,.T.);
#714=ORIENTED_EDGE('',*,*,#1160,.T.);
#715=ORIENTED_EDGE('',*,*,#1161,.T.);
#716=ORIENTED_EDGE('',*,*,#1162,.T.);
#717=ORIENTED_EDGE('',*,*,#1163,.T.);
#718=ORIENTED_EDGE('',*,*,#1164,.T.);
#719=ORIENTED_EDGE('',*,*,#1165,.T.);
#720=ORIENTED_EDGE('',*,*,#1166,.T.);
#721=ORIENTED_EDGE('',*,*,#1167,.T.);
#722=ORIENTED_EDGE('',*,*,#1168,.F.);
#723=ORIENTED_EDGE('',*,*,#1169,.F.);
#724=ORIENTED_EDGE('',*,*,#1170,.T.);
#725=ORIENTED_EDGE('',*,*,#1171,.T.);
#726=ORIENTED_EDGE('',*,*,#1172,.T.);
#727=ORIENTED_EDGE('',*,*,#1173,.T.);
#728=ORIENTED_EDGE('',*,*,#1174,.T.);
#729=ORIENTED_EDGE('',*,*,#1175,.T.);
#730=ORIENTED_EDGE('',*,*,#1176,.T.);
#731=ORIENTED_EDGE('',*,*,#1177,.T.);
#732=ORIENTED_EDGE('',*,*,#1178,.T.);
#733=ORIENTED_EDGE('',*,*,#1179,.T.);
#734=ORIENTED_EDGE('',*,*,#1180,.T.);
#735=ORIENTED_EDGE('',*,*,#1181,.T.);
#736=ORIENTED_EDGE('',*,*,#1182,.T.);
#737=ORIENTED_EDGE('',*,*,#1183,.T.);
#738=ORIENTED_EDGE('',*,*,#1184,.T.);
#739=ORIENTED_EDGE('',*,*,#1185,.T.);
#740=ORIENTED_EDGE('',*,*,#1186,.T.);
#741=ORIENTED_EDGE('',*,*,#1187,.T.);
#742=ORIENTED_EDGE('',*,*,#1188,.T.);
#743=ORIENTED_EDGE('',*,*,#1189,.T.);
#744=ORIENTED_EDGE('',*,*,#1190,.T.);
#745=ORIENTED_EDGE('',*,*,#1191,.T.);
#746=ORIENTED_EDGE('',*,*,#1192,.T.);
#747=ORIENTED_EDGE('',*,*,#1193,.T.);
#748=ORIENTED_EDGE('',*,*,#1194,.T.);
#749=ORIENTED_EDGE('',*,*,#1195,.T.);
#750=ORIENTED_EDGE('',*,*,#1196,.T.);
#751=ORIENTED_EDGE('',*,*,#1197,.T.);
#752=ORIENTED_EDGE('',*,*,#1198,.F.);
#753=ORIENTED_EDGE('',*,*,#1199,.T.);
#754=ORIENTED_EDGE('',*,*,#1198,.T.);
#755=ORIENTED_EDGE('',*,*,#1200,.T.);
#756=ORIENTED_EDGE('',*,*,#1201,.T.);
#757=ORIENTED_EDGE('',*,*,#1202,.T.);
#758=ORIENTED_EDGE('',*,*,#1203,.T.);
#759=ORIENTED_EDGE('',*,*,#1204,.T.);
#760=ORIENTED_EDGE('',*,*,#1205,.T.);
#761=ORIENTED_EDGE('',*,*,#1206,.T.);
#762=ORIENTED_EDGE('',*,*,#1207,.T.);
#763=ORIENTED_EDGE('',*,*,#1208,.T.);
#764=ORIENTED_EDGE('',*,*,#1209,.F.);
#765=ORIENTED_EDGE('',*,*,#1210,.T.);
#766=ORIENTED_EDGE('',*,*,#1169,.T.);
#767=ORIENTED_EDGE('',*,*,#1211,.F.);
#768=ORIENTED_EDGE('',*,*,#1161,.F.);
#769=ORIENTED_EDGE('',*,*,#1212,.T.);
#770=ORIENTED_EDGE('',*,*,#1213,.T.);
#771=ORIENTED_EDGE('',*,*,#1209,.T.);
#772=ORIENTED_EDGE('',*,*,#1214,.T.);
#773=ORIENTED_EDGE('',*,*,#1215,.T.);
#774=ORIENTED_EDGE('',*,*,#1168,.T.);
#775=ORIENTED_EDGE('',*,*,#1216,.T.);
#776=ORIENTED_EDGE('',*,*,#1172,.F.);
#777=ORIENTED_EDGE('',*,*,#1217,.T.);
#778=ORIENTED_EDGE('',*,*,#1156,.F.);
#779=ORIENTED_EDGE('',*,*,#1211,.T.);
#780=ORIENTED_EDGE('',*,*,#1218,.T.);
#781=ORIENTED_EDGE('',*,*,#1219,.T.);
#782=ORIENTED_EDGE('',*,*,#1220,.T.);
#783=ORIENTED_EDGE('',*,*,#1221,.T.);
#784=ORIENTED_EDGE('',*,*,#1222,.T.);
#785=ORIENTED_EDGE('',*,*,#1223,.T.);
#786=ORIENTED_EDGE('',*,*,#1224,.T.);
#787=ORIENTED_EDGE('',*,*,#1225,.T.);
#788=ORIENTED_EDGE('',*,*,#1186,.F.);
#789=ORIENTED_EDGE('',*,*,#1226,.T.);
#790=ORIENTED_EDGE('',*,*,#1188,.F.);
#791=ORIENTED_EDGE('',*,*,#1227,.T.);
#792=ORIENTED_EDGE('',*,*,#1190,.F.);
#793=ORIENTED_EDGE('',*,*,#1228,.T.);
#794=ORIENTED_EDGE('',*,*,#1192,.F.);
#795=ORIENTED_EDGE('',*,*,#1229,.T.);
#796=ORIENTED_EDGE('',*,*,#1201,.F.);
#797=ORIENTED_EDGE('',*,*,#1230,.T.);
#798=ORIENTED_EDGE('',*,*,#1203,.F.);
#799=ORIENTED_EDGE('',*,*,#1231,.T.);
#800=ORIENTED_EDGE('',*,*,#1205,.F.);
#801=ORIENTED_EDGE('',*,*,#1232,.T.);
#802=ORIENTED_EDGE('',*,*,#1207,.F.);
#803=ORIENTED_EDGE('',*,*,#1233,.T.);
#804=ORIENTED_EDGE('',*,*,#1182,.F.);
#805=ORIENTED_EDGE('',*,*,#1234,.T.);
#806=ORIENTED_EDGE('',*,*,#1184,.F.);
#807=ORIENTED_EDGE('',*,*,#1235,.T.);
#808=ORIENTED_EDGE('',*,*,#1178,.F.);
#809=ORIENTED_EDGE('',*,*,#1236,.T.);
#810=ORIENTED_EDGE('',*,*,#1180,.F.);
#811=ORIENTED_EDGE('',*,*,#1237,.T.);
#812=ORIENTED_EDGE('',*,*,#1174,.F.);
#813=ORIENTED_EDGE('',*,*,#1238,.T.);
#814=ORIENTED_EDGE('',*,*,#1176,.F.);
#815=ORIENTED_EDGE('',*,*,#1239,.T.);
#816=ORIENTED_EDGE('',*,*,#1194,.F.);
#817=ORIENTED_EDGE('',*,*,#1240,.T.);
#818=ORIENTED_EDGE('',*,*,#1196,.F.);
#819=ORIENTED_EDGE('',*,*,#1241,.T.);
#820=ORIENTED_EDGE('',*,*,#1242,.F.);
#821=ORIENTED_EDGE('',*,*,#1173,.F.);
#822=ORIENTED_EDGE('',*,*,#1216,.F.);
#823=ORIENTED_EDGE('',*,*,#1167,.F.);
#824=ORIENTED_EDGE('',*,*,#1238,.F.);
#825=ORIENTED_EDGE('',*,*,#1242,.T.);
#826=ORIENTED_EDGE('',*,*,#1243,.F.);
#827=ORIENTED_EDGE('',*,*,#1244,.F.);
#828=ORIENTED_EDGE('',*,*,#1177,.F.);
#829=ORIENTED_EDGE('',*,*,#1243,.T.);
#830=ORIENTED_EDGE('',*,*,#1166,.F.);
#831=ORIENTED_EDGE('',*,*,#1236,.F.);
#832=ORIENTED_EDGE('',*,*,#1244,.T.);
#833=ORIENTED_EDGE('',*,*,#1245,.F.);
#834=ORIENTED_EDGE('',*,*,#1246,.F.);
#835=ORIENTED_EDGE('',*,*,#1181,.F.);
#836=ORIENTED_EDGE('',*,*,#1245,.T.);
#837=ORIENTED_EDGE('',*,*,#1171,.F.);
#838=ORIENTED_EDGE('',*,*,#1234,.F.);
#839=ORIENTED_EDGE('',*,*,#1246,.T.);
#840=ORIENTED_EDGE('',*,*,#1247,.F.);
#841=ORIENTED_EDGE('',*,*,#1248,.F.);
#842=ORIENTED_EDGE('',*,*,#1214,.F.);
#843=ORIENTED_EDGE('',*,*,#1208,.F.);
#844=ORIENTED_EDGE('',*,*,#1249,.F.);
#845=ORIENTED_EDGE('',*,*,#1223,.F.);
#846=ORIENTED_EDGE('',*,*,#1250,.F.);
#847=ORIENTED_EDGE('',*,*,#1215,.F.);
#848=ORIENTED_EDGE('',*,*,#1248,.T.);
#849=ORIENTED_EDGE('',*,*,#1251,.F.);
#850=ORIENTED_EDGE('',*,*,#1185,.F.);
#851=ORIENTED_EDGE('',*,*,#1247,.T.);
#852=ORIENTED_EDGE('',*,*,#1170,.F.);
#853=ORIENTED_EDGE('',*,*,#1249,.T.);
#854=ORIENTED_EDGE('',*,*,#1232,.F.);
#855=ORIENTED_EDGE('',*,*,#1252,.F.);
#856=ORIENTED_EDGE('',*,*,#1224,.F.);
#857=ORIENTED_EDGE('',*,*,#1253,.F.);
#858=ORIENTED_EDGE('',*,*,#1226,.F.);
#859=ORIENTED_EDGE('',*,*,#1251,.T.);
#860=ORIENTED_EDGE('',*,*,#1250,.T.);
#861=ORIENTED_EDGE('',*,*,#1222,.F.);
#862=ORIENTED_EDGE('',*,*,#1254,.F.);
#863=ORIENTED_EDGE('',*,*,#1189,.F.);
#864=ORIENTED_EDGE('',*,*,#1253,.T.);
#865=ORIENTED_EDGE('',*,*,#1255,.F.);
#866=ORIENTED_EDGE('',*,*,#1256,.F.);
#867=ORIENTED_EDGE('',*,*,#1257,.F.);
#868=ORIENTED_EDGE('',*,*,#1165,.F.);
#869=ORIENTED_EDGE('',*,*,#1258,.F.);
#870=ORIENTED_EDGE('',*,*,#1255,.T.);
#871=ORIENTED_EDGE('',*,*,#1254,.T.);
#872=ORIENTED_EDGE('',*,*,#1225,.F.);
#873=ORIENTED_EDGE('',*,*,#1252,.T.);
#874=ORIENTED_EDGE('',*,*,#1204,.F.);
#875=ORIENTED_EDGE('',*,*,#1259,.F.);
#876=ORIENTED_EDGE('',*,*,#1228,.F.);
#877=ORIENTED_EDGE('',*,*,#1256,.T.);
#878=ORIENTED_EDGE('',*,*,#1258,.T.);
#879=ORIENTED_EDGE('',*,*,#1164,.F.);
#880=ORIENTED_EDGE('',*,*,#1260,.F.);
#881=ORIENTED_EDGE('',*,*,#1261,.F.);
#882=ORIENTED_EDGE('',*,*,#1193,.F.);
#883=ORIENTED_EDGE('',*,*,#1259,.T.);
#884=ORIENTED_EDGE('',*,*,#1262,.F.);
#885=ORIENTED_EDGE('',*,*,#1263,.F.);
#886=ORIENTED_EDGE('',*,*,#1240,.F.);
#887=ORIENTED_EDGE('',*,*,#1261,.T.);
#888=ORIENTED_EDGE('',*,*,#1264,.F.);
#889=ORIENTED_EDGE('',*,*,#1197,.F.);
#890=ORIENTED_EDGE('',*,*,#1263,.T.);
#891=ORIENTED_EDGE('',*,*,#1265,.F.);
#892=ORIENTED_EDGE('',*,*,#1257,.T.);
#893=ORIENTED_EDGE('',*,*,#1230,.F.);
#894=ORIENTED_EDGE('',*,*,#1266,.F.);
#895=ORIENTED_EDGE('',*,*,#1162,.F.);
#896=ORIENTED_EDGE('',*,*,#1260,.T.);
#897=ORIENTED_EDGE('',*,*,#1163,.F.);
#898=ORIENTED_EDGE('',*,*,#1266,.T.);
#899=ORIENTED_EDGE('',*,*,#1200,.F.);
#900=ORIENTED_EDGE('',*,*,#1265,.T.);
#901=ORIENTED_EDGE('',*,*,#1264,.T.);
#902=ORIENTED_EDGE('',*,*,#1262,.T.);
#903=ORIENTED_EDGE('',*,*,#1217,.F.);
#904=ORIENTED_EDGE('',*,*,#1175,.F.);
#905=ORIENTED_EDGE('',*,*,#1267,.F.);
#906=ORIENTED_EDGE('',*,*,#1157,.F.);
#907=ORIENTED_EDGE('',*,*,#1267,.T.);
#908=ORIENTED_EDGE('',*,*,#1239,.F.);
#909=ORIENTED_EDGE('',*,*,#1268,.F.);
#910=ORIENTED_EDGE('',*,*,#1268,.T.);
#911=ORIENTED_EDGE('',*,*,#1179,.F.);
#912=ORIENTED_EDGE('',*,*,#1269,.F.);
#913=ORIENTED_EDGE('',*,*,#1158,.F.);
#914=ORIENTED_EDGE('',*,*,#1269,.T.);
#915=ORIENTED_EDGE('',*,*,#1237,.F.);
#916=ORIENTED_EDGE('',*,*,#1270,.F.);
#917=ORIENTED_EDGE('',*,*,#1270,.T.);
#918=ORIENTED_EDGE('',*,*,#1183,.F.);
#919=ORIENTED_EDGE('',*,*,#1271,.F.);
#920=ORIENTED_EDGE('',*,*,#1159,.F.);
#921=ORIENTED_EDGE('',*,*,#1271,.T.);
#922=ORIENTED_EDGE('',*,*,#1235,.F.);
#923=ORIENTED_EDGE('',*,*,#1272,.F.);
#924=ORIENTED_EDGE('',*,*,#1273,.F.);
#925=ORIENTED_EDGE('',*,*,#1212,.F.);
#926=ORIENTED_EDGE('',*,*,#1160,.F.);
#927=ORIENTED_EDGE('',*,*,#1272,.T.);
#928=ORIENTED_EDGE('',*,*,#1187,.F.);
#929=ORIENTED_EDGE('',*,*,#1274,.F.);
#930=ORIENTED_EDGE('',*,*,#1213,.F.);
#931=ORIENTED_EDGE('',*,*,#1273,.T.);
#932=ORIENTED_EDGE('',*,*,#1275,.F.);
#933=ORIENTED_EDGE('',*,*,#1219,.F.);
#934=ORIENTED_EDGE('',*,*,#1276,.F.);
#935=ORIENTED_EDGE('',*,*,#1210,.F.);
#936=ORIENTED_EDGE('',*,*,#1274,.T.);
#937=ORIENTED_EDGE('',*,*,#1227,.F.);
#938=ORIENTED_EDGE('',*,*,#1277,.F.);
#939=ORIENTED_EDGE('',*,*,#1278,.F.);
#940=ORIENTED_EDGE('',*,*,#1220,.F.);
#941=ORIENTED_EDGE('',*,*,#1275,.T.);
#942=ORIENTED_EDGE('',*,*,#1276,.T.);
#943=ORIENTED_EDGE('',*,*,#1218,.F.);
#944=ORIENTED_EDGE('',*,*,#1279,.F.);
#945=ORIENTED_EDGE('',*,*,#1233,.F.);
#946=ORIENTED_EDGE('',*,*,#1280,.F.);
#947=ORIENTED_EDGE('',*,*,#1277,.T.);
#948=ORIENTED_EDGE('',*,*,#1191,.F.);
#949=ORIENTED_EDGE('',*,*,#1281,.F.);
#950=ORIENTED_EDGE('',*,*,#1278,.T.);
#951=ORIENTED_EDGE('',*,*,#1280,.T.);
#952=ORIENTED_EDGE('',*,*,#1282,.F.);
#953=ORIENTED_EDGE('',*,*,#1155,.F.);
#954=ORIENTED_EDGE('',*,*,#1283,.F.);
#955=ORIENTED_EDGE('',*,*,#1206,.F.);
#956=ORIENTED_EDGE('',*,*,#1279,.T.);
#957=ORIENTED_EDGE('',*,*,#1221,.F.);
#958=ORIENTED_EDGE('',*,*,#1284,.F.);
#959=ORIENTED_EDGE('',*,*,#1199,.F.);
#960=ORIENTED_EDGE('',*,*,#1285,.F.);
#961=ORIENTED_EDGE('',*,*,#1286,.F.);
#962=ORIENTED_EDGE('',*,*,#1241,.F.);
#963=ORIENTED_EDGE('',*,*,#1284,.T.);
#964=ORIENTED_EDGE('',*,*,#1287,.F.);
#965=ORIENTED_EDGE('',*,*,#1288,.F.);
#966=ORIENTED_EDGE('',*,*,#1195,.F.);
#967=ORIENTED_EDGE('',*,*,#1286,.T.);
#968=ORIENTED_EDGE('',*,*,#1289,.F.);
#969=ORIENTED_EDGE('',*,*,#1229,.F.);
#970=ORIENTED_EDGE('',*,*,#1288,.T.);
#971=ORIENTED_EDGE('',*,*,#1290,.F.);
#972=ORIENTED_EDGE('',*,*,#1152,.F.);
#973=ORIENTED_EDGE('',*,*,#1282,.T.);
#974=ORIENTED_EDGE('',*,*,#1281,.T.);
#975=ORIENTED_EDGE('',*,*,#1283,.T.);
#976=ORIENTED_EDGE('',*,*,#1154,.F.);
#977=ORIENTED_EDGE('',*,*,#1291,.F.);
#978=ORIENTED_EDGE('',*,*,#1231,.F.);
#979=ORIENTED_EDGE('',*,*,#1285,.T.);
#980=ORIENTED_EDGE('',*,*,#1202,.F.);
#981=ORIENTED_EDGE('',*,*,#1291,.T.);
#982=ORIENTED_EDGE('',*,*,#1153,.F.);
#983=ORIENTED_EDGE('',*,*,#1290,.T.);
#984=ORIENTED_EDGE('',*,*,#1289,.T.);
#985=ORIENTED_EDGE('',*,*,#1287,.T.);
#986=EDGE_CURVE('',#1292,#1293,#1498,.T.);
#987=EDGE_CURVE('',#1294,#1293,#1499,.T.);
#988=EDGE_CURVE('',#1295,#1294,#1500,.T.);
#989=EDGE_CURVE('',#1295,#1292,#1501,.T.);
#990=EDGE_CURVE('',#1293,#1296,#159,.T.);
#991=EDGE_CURVE('',#1297,#1296,#1502,.T.);
#992=EDGE_CURVE('',#1294,#1297,#160,.T.);
#993=EDGE_CURVE('',#1298,#1296,#1503,.T.);
#994=EDGE_CURVE('',#1299,#1298,#1504,.T.);
#995=EDGE_CURVE('',#1299,#1297,#1505,.T.);
#996=EDGE_CURVE('',#1298,#1300,#161,.T.);
#997=EDGE_CURVE('',#1301,#1300,#1506,.T.);
#998=EDGE_CURVE('',#1299,#1301,#162,.T.);
#999=EDGE_CURVE('',#1302,#1300,#1507,.T.);
#1000=EDGE_CURVE('',#1303,#1302,#1508,.T.);
#1001=EDGE_CURVE('',#1303,#1301,#1509,.T.);
#1002=EDGE_CURVE('',#1302,#1304,#163,.T.);
#1003=EDGE_CURVE('',#1305,#1304,#1510,.T.);
#1004=EDGE_CURVE('',#1303,#1305,#164,.T.);
#1005=EDGE_CURVE('',#1304,#1306,#1511,.T.);
#1006=EDGE_CURVE('',#1307,#1306,#1512,.T.);
#1007=EDGE_CURVE('',#1305,#1307,#1513,.T.);
#1008=EDGE_CURVE('',#1306,#1292,#165,.T.);
#1009=EDGE_CURVE('',#1307,#1295,#166,.T.);
#1010=EDGE_CURVE('',#1308,#1308,#167,.T.);
#1011=EDGE_CURVE('',#1309,#1309,#168,.T.);
#1012=EDGE_CURVE('',#1310,#1310,#169,.T.);
#1013=EDGE_CURVE('',#1311,#1311,#170,.T.);
#1014=EDGE_CURVE('',#1312,#1312,#171,.T.);
#1015=EDGE_CURVE('',#1313,#1313,#172,.T.);
#1016=EDGE_CURVE('',#1314,#1314,#173,.T.);
#1017=EDGE_CURVE('',#1315,#1315,#174,.T.);
#1018=EDGE_CURVE('',#1316,#1317,#1514,.T.);
#1019=EDGE_CURVE('',#1318,#1316,#1515,.T.);
#1020=EDGE_CURVE('',#1318,#1319,#1516,.T.);
#1021=EDGE_CURVE('',#1319,#1317,#1517,.T.);
#1022=EDGE_CURVE('',#1316,#1320,#175,.T.);
#1023=EDGE_CURVE('',#1321,#1320,#1518,.T.);
#1024=EDGE_CURVE('',#1318,#1321,#176,.T.);
#1025=EDGE_CURVE('',#1320,#1322,#1519,.T.);
#1026=EDGE_CURVE('',#1323,#1322,#1520,.T.);
#1027=EDGE_CURVE('',#1321,#1323,#1521,.T.);
#1028=EDGE_CURVE('',#1322,#1324,#177,.T.);
#1029=EDGE_CURVE('',#1325,#1324,#1522,.T.);
#1030=EDGE_CURVE('',#1323,#1325,#178,.T.);
#1031=EDGE_CURVE('',#1324,#1326,#1523,.T.);
#1032=EDGE_CURVE('',#1327,#1326,#1524,.T.);
#1033=EDGE_CURVE('',#1325,#1327,#1525,.T.);
#1034=EDGE_CURVE('',#1326,#1328,#179,.T.);
#1035=EDGE_CURVE('',#1329,#1328,#1526,.T.);
#1036=EDGE_CURVE('',#1327,#1329,#180,.T.);
#1037=EDGE_CURVE('',#1330,#1328,#1527,.T.);
#1038=EDGE_CURVE('',#1331,#1330,#1528,.T.);
#1039=EDGE_CURVE('',#1331,#1329,#1529,.T.);
#1040=EDGE_CURVE('',#1330,#1317,#181,.T.);
#1041=EDGE_CURVE('',#1331,#1319,#182,.T.);
#1042=EDGE_CURVE('',#1332,#1332,#183,.T.);
#1043=EDGE_CURVE('',#1333,#1333,#184,.T.);
#1044=EDGE_CURVE('',#1334,#1334,#185,.T.);
#1045=EDGE_CURVE('',#1335,#1335,#186,.T.);
#1046=EDGE_CURVE('',#1336,#1336,#187,.T.);
#1047=EDGE_CURVE('',#1337,#1337,#188,.T.);
#1048=EDGE_CURVE('',#1338,#1338,#189,.T.);
#1049=EDGE_CURVE('',#1339,#1339,#190,.T.);
#1050=EDGE_CURVE('',#1340,#1340,#191,.T.);
#1051=EDGE_CURVE('',#1341,#1341,#192,.T.);
#1052=EDGE_CURVE('',#1342,#1343,#1530,.T.);
#1053=EDGE_CURVE('',#1344,#1342,#1531,.T.);
#1054=EDGE_CURVE('',#1344,#1345,#1532,.T.);
#1055=EDGE_CURVE('',#1345,#1343,#1533,.T.);
#1056=EDGE_CURVE('',#1342,#1346,#193,.T.);
#1057=EDGE_CURVE('',#1347,#1346,#1534,.T.);
#1058=EDGE_CURVE('',#1344,#1347,#194,.T.);
#1059=EDGE_CURVE('',#1348,#1346,#1535,.T.);
#1060=EDGE_CURVE('',#1349,#1348,#1536,.T.);
#1061=EDGE_CURVE('',#1349,#1347,#1537,.T.);
#1062=EDGE_CURVE('',#1348,#1350,#195,.T.);
#1063=EDGE_CURVE('',#1351,#1350,#1538,.T.);
#1064=EDGE_CURVE('',#1349,#1351,#196,.T.);
#1065=EDGE_CURVE('',#1350,#1352,#1539,.T.);
#1066=EDGE_CURVE('',#1353,#1352,#1540,.T.);
#1067=EDGE_CURVE('',#1351,#1353,#1541,.T.);
#1068=EDGE_CURVE('',#1352,#1354,#197,.T.);
#1069=EDGE_CURVE('',#1355,#1354,#1542,.T.);
#1070=EDGE_CURVE('',#1353,#1355,#198,.T.);
#1071=EDGE_CURVE('',#1354,#1356,#1543,.T.);
#1072=EDGE_CURVE('',#1357,#1356,#1544,.T.);
#1073=EDGE_CURVE('',#1355,#1357,#1545,.T.);
#1074=EDGE_CURVE('',#1356,#1343,#199,.T.);
#1075=EDGE_CURVE('',#1357,#1345,#200,.T.);
#1076=EDGE_CURVE('',#1358,#1358,#201,.T.);
#1077=EDGE_CURVE('',#1359,#1359,#202,.T.);
#1078=EDGE_CURVE('',#1360,#1360,#203,.T.);
#1079=EDGE_CURVE('',#1361,#1361,#204,.T.);
#1080=EDGE_CURVE('',#1362,#1362,#205,.T.);
#1081=EDGE_CURVE('',#1363,#1363,#206,.T.);
#1082=EDGE_CURVE('',#1364,#1364,#207,.T.);
#1083=EDGE_CURVE('',#1365,#1365,#208,.T.);
#1084=EDGE_CURVE('',#1366,#1367,#1546,.T.);
#1085=EDGE_CURVE('',#1368,#1366,#1547,.T.);
#1086=EDGE_CURVE('',#1368,#1369,#1548,.T.);
#1087=EDGE_CURVE('',#1369,#1367,#1549,.T.);
#1088=EDGE_CURVE('',#1366,#1370,#209,.T.);
#1089=EDGE_CURVE('',#1371,#1370,#1550,.T.);
#1090=EDGE_CURVE('',#1368,#1371,#210,.T.);
#1091=EDGE_CURVE('',#1372,#1370,#1551,.T.);
#1092=EDGE_CURVE('',#1373,#1372,#1552,.T.);
#1093=EDGE_CURVE('',#1373,#1371,#1553,.T.);
#1094=EDGE_CURVE('',#1372,#1374,#211,.T.);
#1095=EDGE_CURVE('',#1375,#1374,#1554,.T.);
#1096=EDGE_CURVE('',#1373,#1375,#212,.T.);
#1097=EDGE_CURVE('',#1374,#1376,#1555,.T.);
#1098=EDGE_CURVE('',#1377,#1376,#1556,.T.);
#1099=EDGE_CURVE('',#1375,#1377,#1557,.T.);
#1100=EDGE_CURVE('',#1376,#1378,#213,.T.);
#1101=EDGE_CURVE('',#1379,#1378,#1558,.T.);
#1102=EDGE_CURVE('',#1377,#1379,#214,.T.);
#1103=EDGE_CURVE('',#1378,#1380,#1559,.T.);
#1104=EDGE_CURVE('',#1381,#1380,#1560,.T.);
#1105=EDGE_CURVE('',#1379,#1381,#1561,.T.);
#1106=EDGE_CURVE('',#1380,#1367,#215,.T.);
#1107=EDGE_CURVE('',#1381,#1369,#216,.T.);
#1108=EDGE_CURVE('',#1382,#1382,#217,.T.);
#1109=EDGE_CURVE('',#1383,#1383,#218,.T.);
#1110=EDGE_CURVE('',#1384,#1384,#219,.T.);
#1111=EDGE_CURVE('',#1385,#1385,#220,.T.);
#1112=EDGE_CURVE('',#1386,#1386,#221,.T.);
#1113=EDGE_CURVE('',#1387,#1387,#222,.T.);
#1114=EDGE_CURVE('',#1388,#1388,#223,.T.);
#1115=EDGE_CURVE('',#1389,#1389,#224,.T.);
#1116=EDGE_CURVE('',#1390,#1391,#1562,.T.);
#1117=EDGE_CURVE('',#1392,#1390,#1563,.T.);
#1118=EDGE_CURVE('',#1392,#1393,#1564,.T.);
#1119=EDGE_CURVE('',#1393,#1391,#1565,.T.);
#1120=EDGE_CURVE('',#1390,#1394,#225,.T.);
#1121=EDGE_CURVE('',#1395,#1394,#1566,.T.);
#1122=EDGE_CURVE('',#1392,#1395,#226,.T.);
#1123=EDGE_CURVE('',#1396,#1394,#1567,.T.);
#1124=EDGE_CURVE('',#1397,#1396,#1568,.T.);
#1125=EDGE_CURVE('',#1397,#1395,#1569,.T.);
#1126=EDGE_CURVE('',#1396,#1398,#227,.T.);
#1127=EDGE_CURVE('',#1399,#1398,#1570,.T.);
#1128=EDGE_CURVE('',#1397,#1399,#228,.T.);
#1129=EDGE_CURVE('',#1398,#1400,#1571,.T.);
#1130=EDGE_CURVE('',#1401,#1400,#1572,.T.);
#1131=EDGE_CURVE('',#1399,#1401,#1573,.T.);
#1132=EDGE_CURVE('',#1400,#1402,#229,.T.);
#1133=EDGE_CURVE('',#1403,#1402,#1574,.T.);
#1134=EDGE_CURVE('',#1401,#1403,#230,.T.);
#1135=EDGE_CURVE('',#1402,#1404,#1575,.T.);
#1136=EDGE_CURVE('',#1405,#1404,#1576,.T.);
#1137=EDGE_CURVE('',#1403,#1405,#1577,.T.);
#1138=EDGE_CURVE('',#1404,#1391,#231,.T.);
#1139=EDGE_CURVE('',#1405,#1393,#232,.T.);
#1140=EDGE_CURVE('',#1406,#1406,#233,.T.);
#1141=EDGE_CURVE('',#1407,#1407,#234,.T.);
#1142=EDGE_CURVE('',#1408,#1408,#235,.T.);
#1143=EDGE_CURVE('',#1409,#1409,#236,.T.);
#1144=EDGE_CURVE('',#1410,#1410,#237,.T.);
#1145=EDGE_CURVE('',#1411,#1411,#238,.T.);
#1146=EDGE_CURVE('',#1412,#1412,#239,.T.);
#1147=EDGE_CURVE('',#1413,#1413,#240,.T.);
#1148=EDGE_CURVE('',#1414,#1414,#241,.T.);
#1149=EDGE_CURVE('',#1415,#1415,#242,.T.);
#1150=EDGE_CURVE('',#1416,#1416,#243,.T.);
#1151=EDGE_CURVE('',#1417,#1417,#244,.T.);
#1152=EDGE_CURVE('',#1418,#1419,#245,.F.);
#1153=EDGE_CURVE('',#1419,#1420,#1578,.T.);
#1154=EDGE_CURVE('',#1420,#1421,#246,.T.);
#1155=EDGE_CURVE('',#1421,#1418,#1579,.T.);
#1156=EDGE_CURVE('',#1422,#1423,#1580,.T.);
#1157=EDGE_CURVE('',#1423,#1424,#1581,.F.);
#1158=EDGE_CURVE('',#1424,#1425,#1582,.F.);
#1159=EDGE_CURVE('',#1425,#1426,#1583,.F.);
#1160=EDGE_CURVE('',#1426,#1427,#1584,.F.);
#1161=EDGE_CURVE('',#1427,#1422,#1585,.T.);
#1162=EDGE_CURVE('',#1428,#1429,#247,.F.);
#1163=EDGE_CURVE('',#1429,#1430,#1586,.F.);
#1164=EDGE_CURVE('',#1430,#1431,#248,.T.);
#1165=EDGE_CURVE('',#1431,#1428,#1587,.F.);
#1166=EDGE_CURVE('',#1432,#1433,#1588,.T.);
#1167=EDGE_CURVE('',#1433,#1434,#1589,.T.);
#1168=EDGE_CURVE('',#1435,#1434,#1590,.T.);
#1169=EDGE_CURVE('',#1436,#1435,#1591,.T.);
#1170=EDGE_CURVE('',#1436,#1437,#1592,.T.);
#1171=EDGE_CURVE('',#1437,#1432,#1593,.T.);
#1172=EDGE_CURVE('',#1438,#1439,#1594,.T.);
#1173=EDGE_CURVE('',#1439,#1440,#1595,.F.);
#1174=EDGE_CURVE('',#1440,#1441,#1596,.F.);
#1175=EDGE_CURVE('',#1441,#1438,#1597,.T.);
#1176=EDGE_CURVE('',#1442,#1443,#1598,.T.);
#1177=EDGE_CURVE('',#1443,#1444,#1599,.F.);
#1178=EDGE_CURVE('',#1444,#1445,#1600,.F.);
#1179=EDGE_CURVE('',#1445,#1442,#1601,.T.);
#1180=EDGE_CURVE('',#1446,#1447,#1602,.T.);
#1181=EDGE_CURVE('',#1447,#1448,#1603,.F.);
#1182=EDGE_CURVE('',#1448,#1449,#1604,.F.);
#1183=EDGE_CURVE('',#1449,#1446,#1605,.T.);
#1184=EDGE_CURVE('',#1450,#1451,#1606,.T.);
#1185=EDGE_CURVE('',#1451,#1452,#1607,.F.);
#1186=EDGE_CURVE('',#1452,#1453,#1608,.F.);
#1187=EDGE_CURVE('',#1453,#1450,#1609,.T.);
#1188=EDGE_CURVE('',#1454,#1455,#1610,.T.);
#1189=EDGE_CURVE('',#1455,#1456,#1611,.F.);
#1190=EDGE_CURVE('',#1456,#1457,#1612,.F.);
#1191=EDGE_CURVE('',#1457,#1454,#1613,.T.);
#1192=EDGE_CURVE('',#1458,#1459,#1614,.T.);
#1193=EDGE_CURVE('',#1459,#1460,#1615,.F.);
#1194=EDGE_CURVE('',#1460,#1461,#1616,.F.);
#1195=EDGE_CURVE('',#1461,#1458,#1617,.F.);
#1196=EDGE_CURVE('',#1462,#1463,#1618,.T.);
#1197=EDGE_CURVE('',#1463,#1464,#1619,.F.);
#1198=EDGE_CURVE('',#1465,#1464,#1620,.T.);
#1199=EDGE_CURVE('',#1465,#1462,#1621,.F.);
#1200=EDGE_CURVE('',#1464,#1466,#1622,.T.);
#1201=EDGE_CURVE('',#1466,#1467,#1623,.F.);
#1202=EDGE_CURVE('',#1467,#1465,#1624,.F.);
#1203=EDGE_CURVE('',#1468,#1469,#1625,.T.);
#1204=EDGE_CURVE('',#1469,#1470,#1626,.T.);
#1205=EDGE_CURVE('',#1470,#1471,#1627,.F.);
#1206=EDGE_CURVE('',#1471,#1468,#1628,.F.);
#1207=EDGE_CURVE('',#1472,#1473,#1629,.T.);
#1208=EDGE_CURVE('',#1473,#1474,#1630,.T.);
#1209=EDGE_CURVE('',#1475,#1474,#1631,.T.);
#1210=EDGE_CURVE('',#1475,#1472,#1632,.F.);
#1211=EDGE_CURVE('',#1422,#1435,#1633,.T.);
#1212=EDGE_CURVE('',#1427,#1476,#249,.F.);
#1213=EDGE_CURVE('',#1476,#1475,#250,.T.);
#1214=EDGE_CURVE('',#1474,#1477,#251,.T.);
#1215=EDGE_CURVE('',#1477,#1436,#252,.F.);
#1216=EDGE_CURVE('',#1434,#1439,#36,.F.);
#1217=EDGE_CURVE('',#1438,#1423,#37,.F.);
#1218=EDGE_CURVE('',#1478,#1479,#253,.T.);
#1219=EDGE_CURVE('',#1479,#1480,#1634,.T.);
#1220=EDGE_CURVE('',#1480,#1481,#254,.F.);
#1221=EDGE_CURVE('',#1481,#1478,#1635,.T.);
#1222=EDGE_CURVE('',#1482,#1483,#255,.T.);
#1223=EDGE_CURVE('',#1483,#1484,#1636,.F.);
#1224=EDGE_CURVE('',#1484,#1485,#256,.F.);
#1225=EDGE_CURVE('',#1485,#1482,#1637,.F.);
#1226=EDGE_CURVE('',#1452,#1455,#257,.F.);
#1227=EDGE_CURVE('',#1454,#1453,#258,.T.);
#1228=EDGE_CURVE('',#1456,#1459,#259,.F.);
#1229=EDGE_CURVE('',#1458,#1457,#260,.T.);
#1230=EDGE_CURVE('',#1466,#1469,#261,.T.);
#1231=EDGE_CURVE('',#1468,#1467,#262,.F.);
#1232=EDGE_CURVE('',#1470,#1473,#263,.T.);
#1233=EDGE_CURVE('',#1472,#1471,#264,.F.);
#1234=EDGE_CURVE('',#1448,#1451,#265,.F.);
#1235=EDGE_CURVE('',#1450,#1449,#266,.T.);
#1236=EDGE_CURVE('',#1444,#1447,#267,.F.);
#1237=EDGE_CURVE('',#1446,#1445,#268,.T.);
#1238=EDGE_CURVE('',#1440,#1443,#269,.F.);
#1239=EDGE_CURVE('',#1442,#1441,#270,.T.);
#1240=EDGE_CURVE('',#1460,#1463,#271,.T.);
#1241=EDGE_CURVE('',#1462,#1461,#272,.F.);
#1242=EDGE_CURVE('',#1440,#1433,#273,.T.);
#1243=EDGE_CURVE('',#1443,#1433,#274,.T.);
#1244=EDGE_CURVE('',#1444,#1432,#275,.T.);
#1245=EDGE_CURVE('',#1447,#1432,#276,.T.);
#1246=EDGE_CURVE('',#1448,#1437,#277,.T.);
#1247=EDGE_CURVE('',#1451,#1437,#278,.T.);
#1248=EDGE_CURVE('',#1477,#1486,#1638,.F.);
#1249=EDGE_CURVE('',#1484,#1473,#279,.T.);
#1250=EDGE_CURVE('',#1486,#1483,#18,.T.);
#1251=EDGE_CURVE('',#1452,#1486,#280,.T.);
#1252=EDGE_CURVE('',#1485,#1470,#281,.T.);
#1253=EDGE_CURVE('',#1455,#1487,#282,.T.);
#1254=EDGE_CURVE('',#1487,#1482,#19,.T.);
#1255=EDGE_CURVE('',#1488,#1487,#1639,.F.);
#1256=EDGE_CURVE('',#1456,#1488,#283,.T.);
#1257=EDGE_CURVE('',#1428,#1469,#284,.T.);
#1258=EDGE_CURVE('',#1488,#1431,#20,.F.);
#1259=EDGE_CURVE('',#1459,#1489,#285,.T.);
#1260=EDGE_CURVE('',#1489,#1430,#21,.T.);
#1261=EDGE_CURVE('',#1460,#1490,#286,.T.);
#1262=EDGE_CURVE('',#1490,#1489,#1640,.F.);
#1263=EDGE_CURVE('',#1463,#1491,#287,.T.);
#1264=EDGE_CURVE('',#1491,#1490,#22,.T.);
#1265=EDGE_CURVE('',#1464,#1491,#38,.F.);
#1266=EDGE_CURVE('',#1429,#1466,#288,.T.);
#1267=EDGE_CURVE('',#1424,#1441,#289,.T.);
#1268=EDGE_CURVE('',#1424,#1442,#290,.T.);
#1269=EDGE_CURVE('',#1425,#1445,#291,.T.);
#1270=EDGE_CURVE('',#1425,#1446,#292,.T.);
#1271=EDGE_CURVE('',#1426,#1449,#293,.T.);
#1272=EDGE_CURVE('',#1426,#1450,#294,.T.);
#1273=EDGE_CURVE('',#1476,#1492,#1641,.T.);
#1274=EDGE_CURVE('',#1492,#1453,#295,.F.);
#1275=EDGE_CURVE('',#1480,#1492,#23,.F.);
#1276=EDGE_CURVE('',#1472,#1479,#296,.T.);
#1277=EDGE_CURVE('',#1493,#1454,#297,.T.);
#1278=EDGE_CURVE('',#1481,#1493,#24,.T.);
#1279=EDGE_CURVE('',#1471,#1478,#298,.T.);
#1280=EDGE_CURVE('',#1493,#1494,#1642,.F.);
#1281=EDGE_CURVE('',#1494,#1457,#299,.T.);
#1282=EDGE_CURVE('',#1418,#1494,#25,.F.);
#1283=EDGE_CURVE('',#1468,#1421,#300,.T.);
#1284=EDGE_CURVE('',#1462,#1495,#301,.T.);
#1285=EDGE_CURVE('',#1495,#1465,#39,.F.);
#1286=EDGE_CURVE('',#1461,#1496,#302,.T.);
#1287=EDGE_CURVE('',#1496,#1495,#26,.F.);
#1288=EDGE_CURVE('',#1458,#1497,#303,.T.);
#1289=EDGE_CURVE('',#1497,#1496,#1643,.F.);
#1290=EDGE_CURVE('',#1419,#1497,#27,.F.);
#1291=EDGE_CURVE('',#1467,#1420,#304,.T.);
#1292=VERTEX_POINT('',#3980);
#1293=VERTEX_POINT('',#3981);
#1294=VERTEX_POINT('',#3983);
#1295=VERTEX_POINT('',#3985);
#1296=VERTEX_POINT('',#3989);
#1297=VERTEX_POINT('',#3991);
#1298=VERTEX_POINT('',#3995);
#1299=VERTEX_POINT('',#3997);
#1300=VERTEX_POINT('',#4001);
#1301=VERTEX_POINT('',#4003);
#1302=VERTEX_POINT('',#4007);
#1303=VERTEX_POINT('',#4009);
#1304=VERTEX_POINT('',#4013);
#1305=VERTEX_POINT('',#4015);
#1306=VERTEX_POINT('',#4019);
#1307=VERTEX_POINT('',#4021);
#1308=VERTEX_POINT('',#4028);
#1309=VERTEX_POINT('',#4030);
#1310=VERTEX_POINT('',#4032);
#1311=VERTEX_POINT('',#4034);
#1312=VERTEX_POINT('',#4038);
#1313=VERTEX_POINT('',#4042);
#1314=VERTEX_POINT('',#4046);
#1315=VERTEX_POINT('',#4050);
#1316=VERTEX_POINT('',#4055);
#1317=VERTEX_POINT('',#4056);
#1318=VERTEX_POINT('',#4058);
#1319=VERTEX_POINT('',#4060);
#1320=VERTEX_POINT('',#4064);
#1321=VERTEX_POINT('',#4066);
#1322=VERTEX_POINT('',#4070);
#1323=VERTEX_POINT('',#4072);
#1324=VERTEX_POINT('',#4076);
#1325=VERTEX_POINT('',#4078);
#1326=VERTEX_POINT('',#4082);
#1327=VERTEX_POINT('',#4084);
#1328=VERTEX_POINT('',#4088);
#1329=VERTEX_POINT('',#4090);
#1330=VERTEX_POINT('',#4094);
#1331=VERTEX_POINT('',#4096);
#1332=VERTEX_POINT('',#4104);
#1333=VERTEX_POINT('',#4106);
#1334=VERTEX_POINT('',#4108);
#1335=VERTEX_POINT('',#4110);
#1336=VERTEX_POINT('',#4112);
#1337=VERTEX_POINT('',#4115);
#1338=VERTEX_POINT('',#4119);
#1339=VERTEX_POINT('',#4123);
#1340=VERTEX_POINT('',#4127);
#1341=VERTEX_POINT('',#4131);
#1342=VERTEX_POINT('',#4137);
#1343=VERTEX_POINT('',#4138);
#1344=VERTEX_POINT('',#4140);
#1345=VERTEX_POINT('',#4142);
#1346=VERTEX_POINT('',#4146);
#1347=VERTEX_POINT('',#4148);
#1348=VERTEX_POINT('',#4152);
#1349=VERTEX_POINT('',#4154);
#1350=VERTEX_POINT('',#4158);
#1351=VERTEX_POINT('',#4160);
#1352=VERTEX_POINT('',#4164);
#1353=VERTEX_POINT('',#4166);
#1354=VERTEX_POINT('',#4170);
#1355=VERTEX_POINT('',#4172);
#1356=VERTEX_POINT('',#4176);
#1357=VERTEX_POINT('',#4178);
#1358=VERTEX_POINT('',#4185);
#1359=VERTEX_POINT('',#4187);
#1360=VERTEX_POINT('',#4189);
#1361=VERTEX_POINT('',#4191);
#1362=VERTEX_POINT('',#4195);
#1363=VERTEX_POINT('',#4199);
#1364=VERTEX_POINT('',#4203);
#1365=VERTEX_POINT('',#4207);
#1366=VERTEX_POINT('',#4212);
#1367=VERTEX_POINT('',#4213);
#1368=VERTEX_POINT('',#4215);
#1369=VERTEX_POINT('',#4217);
#1370=VERTEX_POINT('',#4221);
#1371=VERTEX_POINT('',#4223);
#1372=VERTEX_POINT('',#4227);
#1373=VERTEX_POINT('',#4229);
#1374=VERTEX_POINT('',#4233);
#1375=VERTEX_POINT('',#4235);
#1376=VERTEX_POINT('',#4239);
#1377=VERTEX_POINT('',#4241);
#1378=VERTEX_POINT('',#4245);
#1379=VERTEX_POINT('',#4247);
#1380=VERTEX_POINT('',#4251);
#1381=VERTEX_POINT('',#4253);
#1382=VERTEX_POINT('',#4260);
#1383=VERTEX_POINT('',#4262);
#1384=VERTEX_POINT('',#4264);
#1385=VERTEX_POINT('',#4266);
#1386=VERTEX_POINT('',#4270);
#1387=VERTEX_POINT('',#4274);
#1388=VERTEX_POINT('',#4278);
#1389=VERTEX_POINT('',#4282);
#1390=VERTEX_POINT('',#4288);
#1391=VERTEX_POINT('',#4289);
#1392=VERTEX_POINT('',#4291);
#1393=VERTEX_POINT('',#4293);
#1394=VERTEX_POINT('',#4297);
#1395=VERTEX_POINT('',#4299);
#1396=VERTEX_POINT('',#4303);
#1397=VERTEX_POINT('',#4305);
#1398=VERTEX_POINT('',#4309);
#1399=VERTEX_POINT('',#4311);
#1400=VERTEX_POINT('',#4315);
#1401=VERTEX_POINT('',#4317);
#1402=VERTEX_POINT('',#4321);
#1403=VERTEX_POINT('',#4323);
#1404=VERTEX_POINT('',#4327);
#1405=VERTEX_POINT('',#4329);
#1406=VERTEX_POINT('',#4336);
#1407=VERTEX_POINT('',#4338);
#1408=VERTEX_POINT('',#4340);
#1409=VERTEX_POINT('',#4342);
#1410=VERTEX_POINT('',#4346);
#1411=VERTEX_POINT('',#4350);
#1412=VERTEX_POINT('',#4354);
#1413=VERTEX_POINT('',#4358);
#1414=VERTEX_POINT('',#4363);
#1415=VERTEX_POINT('',#4366);
#1416=VERTEX_POINT('',#4463);
#1417=VERTEX_POINT('',#4466);
#1418=VERTEX_POINT('',#4471);
#1419=VERTEX_POINT('',#4472);
#1420=VERTEX_POINT('',#4474);
#1421=VERTEX_POINT('',#4476);
#1422=VERTEX_POINT('',#4480);
#1423=VERTEX_POINT('',#4481);
#1424=VERTEX_POINT('',#4483);
#1425=VERTEX_POINT('',#4485);
#1426=VERTEX_POINT('',#4487);
#1427=VERTEX_POINT('',#4489);
#1428=VERTEX_POINT('',#4493);
#1429=VERTEX_POINT('',#4494);
#1430=VERTEX_POINT('',#4496);
#1431=VERTEX_POINT('',#4498);
#1432=VERTEX_POINT('',#4502);
#1433=VERTEX_POINT('',#4503);
#1434=VERTEX_POINT('',#4505);
#1435=VERTEX_POINT('',#4507);
#1436=VERTEX_POINT('',#4509);
#1437=VERTEX_POINT('',#4511);
#1438=VERTEX_POINT('',#4515);
#1439=VERTEX_POINT('',#4516);
#1440=VERTEX_POINT('',#4518);
#1441=VERTEX_POINT('',#4520);
#1442=VERTEX_POINT('',#4524);
#1443=VERTEX_POINT('',#4525);
#1444=VERTEX_POINT('',#4527);
#1445=VERTEX_POINT('',#4529);
#1446=VERTEX_POINT('',#4533);
#1447=VERTEX_POINT('',#4534);
#1448=VERTEX_POINT('',#4536);
#1449=VERTEX_POINT('',#4538);
#1450=VERTEX_POINT('',#4542);
#1451=VERTEX_POINT('',#4543);
#1452=VERTEX_POINT('',#4545);
#1453=VERTEX_POINT('',#4547);
#1454=VERTEX_POINT('',#4551);
#1455=VERTEX_POINT('',#4552);
#1456=VERTEX_POINT('',#4554);
#1457=VERTEX_POINT('',#4556);
#1458=VERTEX_POINT('',#4560);
#1459=VERTEX_POINT('',#4561);
#1460=VERTEX_POINT('',#4563);
#1461=VERTEX_POINT('',#4565);
#1462=VERTEX_POINT('',#4569);
#1463=VERTEX_POINT('',#4570);
#1464=VERTEX_POINT('',#4572);
#1465=VERTEX_POINT('',#4574);
#1466=VERTEX_POINT('',#4578);
#1467=VERTEX_POINT('',#4580);
#1468=VERTEX_POINT('',#4584);
#1469=VERTEX_POINT('',#4585);
#1470=VERTEX_POINT('',#4587);
#1471=VERTEX_POINT('',#4589);
#1472=VERTEX_POINT('',#4593);
#1473=VERTEX_POINT('',#4594);
#1474=VERTEX_POINT('',#4596);
#1475=VERTEX_POINT('',#4598);
#1476=VERTEX_POINT('',#4603);
#1477=VERTEX_POINT('',#4606);
#1478=VERTEX_POINT('',#4613);
#1479=VERTEX_POINT('',#4614);
#1480=VERTEX_POINT('',#4616);
#1481=VERTEX_POINT('',#4618);
#1482=VERTEX_POINT('',#4622);
#1483=VERTEX_POINT('',#4623);
#1484=VERTEX_POINT('',#4625);
#1485=VERTEX_POINT('',#4627);
#1486=VERTEX_POINT('',#4667);
#1487=VERTEX_POINT('',#4679);
#1488=VERTEX_POINT('',#4686);
#1489=VERTEX_POINT('',#4696);
#1490=VERTEX_POINT('',#4703);
#1491=VERTEX_POINT('',#4707);
#1492=VERTEX_POINT('',#4731);
#1493=VERTEX_POINT('',#4741);
#1494=VERTEX_POINT('',#4750);
#1495=VERTEX_POINT('',#4760);
#1496=VERTEX_POINT('',#4764);
#1497=VERTEX_POINT('',#4771);
#1498=LINE('',#3979,#1644);
#1499=LINE('',#3982,#1645);
#1500=LINE('',#3984,#1646);
#1501=LINE('',#3986,#1647);
#1502=LINE('',#3990,#1648);
#1503=LINE('',#3994,#1649);
#1504=LINE('',#3996,#1650);
#1505=LINE('',#3998,#1651);
#1506=LINE('',#4002,#1652);
#1507=LINE('',#4006,#1653);
#1508=LINE('',#4008,#1654);
#1509=LINE('',#4010,#1655);
#1510=LINE('',#4014,#1656);
#1511=LINE('',#4018,#1657);
#1512=LINE('',#4020,#1658);
#1513=LINE('',#4022,#1659);
#1514=LINE('',#4054,#1660);
#1515=LINE('',#4057,#1661);
#1516=LINE('',#4059,#1662);
#1517=LINE('',#4061,#1663);
#1518=LINE('',#4065,#1664);
#1519=LINE('',#4069,#1665);
#1520=LINE('',#4071,#1666);
#1521=LINE('',#4073,#1667);
#1522=LINE('',#4077,#1668);
#1523=LINE('',#4081,#1669);
#1524=LINE('',#4083,#1670);
#1525=LINE('',#4085,#1671);
#1526=LINE('',#4089,#1672);
#1527=LINE('',#4093,#1673);
#1528=LINE('',#4095,#1674);
#1529=LINE('',#4097,#1675);
#1530=LINE('',#4136,#1676);
#1531=LINE('',#4139,#1677);
#1532=LINE('',#4141,#1678);
#1533=LINE('',#4143,#1679);
#1534=LINE('',#4147,#1680);
#1535=LINE('',#4151,#1681);
#1536=LINE('',#4153,#1682);
#1537=LINE('',#4155,#1683);
#1538=LINE('',#4159,#1684);
#1539=LINE('',#4163,#1685);
#1540=LINE('',#4165,#1686);
#1541=LINE('',#4167,#1687);
#1542=LINE('',#4171,#1688);
#1543=LINE('',#4175,#1689);
#1544=LINE('',#4177,#1690);
#1545=LINE('',#4179,#1691);
#1546=LINE('',#4211,#1692);
#1547=LINE('',#4214,#1693);
#1548=LINE('',#4216,#1694);
#1549=LINE('',#4218,#1695);
#1550=LINE('',#4222,#1696);
#1551=LINE('',#4226,#1697);
#1552=LINE('',#4228,#1698);
#1553=LINE('',#4230,#1699);
#1554=LINE('',#4234,#1700);
#1555=LINE('',#4238,#1701);
#1556=LINE('',#4240,#1702);
#1557=LINE('',#4242,#1703);
#1558=LINE('',#4246,#1704);
#1559=LINE('',#4250,#1705);
#1560=LINE('',#4252,#1706);
#1561=LINE('',#4254,#1707);
#1562=LINE('',#4287,#1708);
#1563=LINE('',#4290,#1709);
#1564=LINE('',#4292,#1710);
#1565=LINE('',#4294,#1711);
#1566=LINE('',#4298,#1712);
#1567=LINE('',#4302,#1713);
#1568=LINE('',#4304,#1714);
#1569=LINE('',#4306,#1715);
#1570=LINE('',#4310,#1716);
#1571=LINE('',#4314,#1717);
#1572=LINE('',#4316,#1718);
#1573=LINE('',#4318,#1719);
#1574=LINE('',#4322,#1720);
#1575=LINE('',#4326,#1721);
#1576=LINE('',#4328,#1722);
#1577=LINE('',#4330,#1723);
#1578=LINE('',#4473,#1724);
#1579=LINE('',#4477,#1725);
#1580=LINE('',#4479,#1726);
#1581=LINE('',#4482,#1727);
#1582=LINE('',#4484,#1728);
#1583=LINE('',#4486,#1729);
#1584=LINE('',#4488,#1730);
#1585=LINE('',#4490,#1731);
#1586=LINE('',#4495,#1732);
#1587=LINE('',#4499,#1733);
#1588=LINE('',#4501,#1734);
#1589=LINE('',#4504,#1735);
#1590=LINE('',#4506,#1736);
#1591=LINE('',#4508,#1737);
#1592=LINE('',#4510,#1738);
#1593=LINE('',#4512,#1739);
#1594=LINE('',#4514,#1740);
#1595=LINE('',#4517,#1741);
#1596=LINE('',#4519,#1742);
#1597=LINE('',#4521,#1743);
#1598=LINE('',#4523,#1744);
#1599=LINE('',#4526,#1745);
#1600=LINE('',#4528,#1746);
#1601=LINE('',#4530,#1747);
#1602=LINE('',#4532,#1748);
#1603=LINE('',#4535,#1749);
#1604=LINE('',#4537,#1750);
#1605=LINE('',#4539,#1751);
#1606=LINE('',#4541,#1752);
#1607=LINE('',#4544,#1753);
#1608=LINE('',#4546,#1754);
#1609=LINE('',#4548,#1755);
#1610=LINE('',#4550,#1756);
#1611=LINE('',#4553,#1757);
#1612=LINE('',#4555,#1758);
#1613=LINE('',#4557,#1759);
#1614=LINE('',#4559,#1760);
#1615=LINE('',#4562,#1761);
#1616=LINE('',#4564,#1762);
#1617=LINE('',#4566,#1763);
#1618=LINE('',#4568,#1764);
#1619=LINE('',#4571,#1765);
#1620=LINE('',#4573,#1766);
#1621=LINE('',#4575,#1767);
#1622=LINE('',#4577,#1768);
#1623=LINE('',#4579,#1769);
#1624=LINE('',#4581,#1770);
#1625=LINE('',#4583,#1771);
#1626=LINE('',#4586,#1772);
#1627=LINE('',#4588,#1773);
#1628=LINE('',#4590,#1774);
#1629=LINE('',#4592,#1775);
#1630=LINE('',#4595,#1776);
#1631=LINE('',#4597,#1777);
#1632=LINE('',#4599,#1778);
#1633=LINE('',#4601,#1779);
#1634=LINE('',#4615,#1780);
#1635=LINE('',#4619,#1781);
#1636=LINE('',#4624,#1782);
#1637=LINE('',#4628,#1783);
#1638=LINE('',#4666,#1784);
#1639=LINE('',#4685,#1785);
#1640=LINE('',#4704,#1786);
#1641=LINE('',#4730,#1787);
#1642=LINE('',#4749,#1788);
#1643=LINE('',#4772,#1789);
#1644=VECTOR('',#3199,1.);
#1645=VECTOR('',#3200,1.);
#1646=VECTOR('',#3201,1.);
#1647=VECTOR('',#3202,1.);
#1648=VECTOR('',#3207,1.);
#1649=VECTOR('',#3212,1.);
#1650=VECTOR('',#3213,1.);
#1651=VECTOR('',#3214,1.);
#1652=VECTOR('',#3219,1.);
#1653=VECTOR('',#3224,1.);
#1654=VECTOR('',#3225,1.);
#1655=VECTOR('',#3226,1.);
#1656=VECTOR('',#3231,1.);
#1657=VECTOR('',#3236,1.);
#1658=VECTOR('',#3237,1.);
#1659=VECTOR('',#3238,1.);
#1660=VECTOR('',#3285,1.);
#1661=VECTOR('',#3286,1.);
#1662=VECTOR('',#3287,1.);
#1663=VECTOR('',#3288,1.);
#1664=VECTOR('',#3293,1.);
#1665=VECTOR('',#3298,1.);
#1666=VECTOR('',#3299,1.);
#1667=VECTOR('',#3300,1.);
#1668=VECTOR('',#3305,1.);
#1669=VECTOR('',#3310,1.);
#1670=VECTOR('',#3311,1.);
#1671=VECTOR('',#3312,1.);
#1672=VECTOR('',#3317,1.);
#1673=VECTOR('',#3322,1.);
#1674=VECTOR('',#3323,1.);
#1675=VECTOR('',#3324,1.);
#1676=VECTOR('',#3381,1.);
#1677=VECTOR('',#3382,1.);
#1678=VECTOR('',#3383,1.);
#1679=VECTOR('',#3384,1.);
#1680=VECTOR('',#3389,1.);
#1681=VECTOR('',#3394,1.);
#1682=VECTOR('',#3395,1.);
#1683=VECTOR('',#3396,1.);
#1684=VECTOR('',#3401,1.);
#1685=VECTOR('',#3406,1.);
#1686=VECTOR('',#3407,1.);
#1687=VECTOR('',#3408,1.);
#1688=VECTOR('',#3413,1.);
#1689=VECTOR('',#3418,1.);
#1690=VECTOR('',#3419,1.);
#1691=VECTOR('',#3420,1.);
#1692=VECTOR('',#3467,1.);
#1693=VECTOR('',#3468,1.);
#1694=VECTOR('',#3469,1.);
#1695=VECTOR('',#3470,1.);
#1696=VECTOR('',#3475,1.);
#1697=VECTOR('',#3480,1.);
#1698=VECTOR('',#3481,1.);
#1699=VECTOR('',#3482,1.);
#1700=VECTOR('',#3487,1.);
#1701=VECTOR('',#3492,1.);
#1702=VECTOR('',#3493,1.);
#1703=VECTOR('',#3494,1.);
#1704=VECTOR('',#3499,1.);
#1705=VECTOR('',#3504,1.);
#1706=VECTOR('',#3505,1.);
#1707=VECTOR('',#3506,1.);
#1708=VECTOR('',#3555,1.);
#1709=VECTOR('',#3556,1.);
#1710=VECTOR('',#3557,1.);
#1711=VECTOR('',#3558,1.);
#1712=VECTOR('',#3563,1.);
#1713=VECTOR('',#3568,1.);
#1714=VECTOR('',#3569,1.);
#1715=VECTOR('',#3570,1.);
#1716=VECTOR('',#3575,1.);
#1717=VECTOR('',#3580,1.);
#1718=VECTOR('',#3581,1.);
#1719=VECTOR('',#3582,1.);
#1720=VECTOR('',#3587,1.);
#1721=VECTOR('',#3592,1.);
#1722=VECTOR('',#3593,1.);
#1723=VECTOR('',#3594,1.);
#1724=VECTOR('',#3661,1.);
#1725=VECTOR('',#3664,1.);
#1726=VECTOR('',#3667,1.);
#1727=VECTOR('',#3668,1.);
#1728=VECTOR('',#3669,1.);
#1729=VECTOR('',#3670,1.);
#1730=VECTOR('',#3671,1.);
#1731=VECTOR('',#3672,1.);
#1732=VECTOR('',#3677,1.);
#1733=VECTOR('',#3680,1.);
#1734=VECTOR('',#3683,1.);
#1735=VECTOR('',#3684,1.);
#1736=VECTOR('',#3685,1.);
#1737=VECTOR('',#3686,1.);
#1738=VECTOR('',#3687,1.);
#1739=VECTOR('',#3688,1.);
#1740=VECTOR('',#3691,1.);
#1741=VECTOR('',#3692,1.);
#1742=VECTOR('',#3693,1.);
#1743=VECTOR('',#3694,1.);
#1744=VECTOR('',#3697,1.);
#1745=VECTOR('',#3698,1.);
#1746=VECTOR('',#3699,1.);
#1747=VECTOR('',#3700,1.);
#1748=VECTOR('',#3703,1.);
#1749=VECTOR('',#3704,1.);
#1750=VECTOR('',#3705,1.);
#1751=VECTOR('',#3706,1.);
#1752=VECTOR('',#3709,1.);
#1753=VECTOR('',#3710,1.);
#1754=VECTOR('',#3711,1.);
#1755=VECTOR('',#3712,1.);
#1756=VECTOR('',#3715,1.);
#1757=VECTOR('',#3716,1.);
#1758=VECTOR('',#3717,1.);
#1759=VECTOR('',#3718,1.);
#1760=VECTOR('',#3721,1.);
#1761=VECTOR('',#3722,1.);
#1762=VECTOR('',#3723,1.);
#1763=VECTOR('',#3724,1.);
#1764=VECTOR('',#3727,1.);
#1765=VECTOR('',#3728,1.);
#1766=VECTOR('',#3729,1.);
#1767=VECTOR('',#3730,1.);
#1768=VECTOR('',#3733,1.);
#1769=VECTOR('',#3734,1.);
#1770=VECTOR('',#3735,1.);
#1771=VECTOR('',#3738,1.);
#1772=VECTOR('',#3739,1.);
#1773=VECTOR('',#3740,1.);
#1774=VECTOR('',#3741,1.);
#1775=VECTOR('',#3744,1.);
#1776=VECTOR('',#3745,1.);
#1777=VECTOR('',#3746,1.);
#1778=VECTOR('',#3747,1.);
#1779=VECTOR('',#3750,1.);
#1780=VECTOR('',#3769,1.);
#1781=VECTOR('',#3772,1.);
#1782=VECTOR('',#3777,1.);
#1783=VECTOR('',#3780,1.);
#1784=VECTOR('',#3855,1.);
#1785=VECTOR('',#3872,1.);
#1786=VECTOR('',#3887,1.);
#1787=VECTOR('',#3928,1.);
#1788=VECTOR('',#3945,1.);
#1789=VECTOR('',#3966,1.);
#1790=EDGE_LOOP('',(#375,#376,#377,#378));
#1791=EDGE_LOOP('',(#379,#380,#381,#382));
#1792=EDGE_LOOP('',(#383,#384,#385,#386));
#1793=EDGE_LOOP('',(#387,#388,#389,#390));
#1794=EDGE_LOOP('',(#391,#392,#393,#394));
#1795=EDGE_LOOP('',(#395,#396,#397,#398));
#1796=EDGE_LOOP('',(#399,#400,#401,#402));
#1797=EDGE_LOOP('',(#403,#404,#405,#406));
#1798=EDGE_LOOP('',(#407));
#1799=EDGE_LOOP('',(#408));
#1800=EDGE_LOOP('',(#409));
#1801=EDGE_LOOP('',(#410));
#1802=EDGE_LOOP('',(#411,#412,#413,#414,#415,#416,#417,#418));
#1803=EDGE_LOOP('',(#419,#420,#421,#422,#423,#424,#425,#426));
#1804=EDGE_LOOP('',(#427));
#1805=EDGE_LOOP('',(#428));
#1806=EDGE_LOOP('',(#429));
#1807=EDGE_LOOP('',(#430));
#1808=EDGE_LOOP('',(#431));
#1809=EDGE_LOOP('',(#432));
#1810=EDGE_LOOP('',(#433));
#1811=EDGE_LOOP('',(#434));
#1812=EDGE_LOOP('',(#435));
#1813=EDGE_LOOP('',(#436));
#1814=EDGE_LOOP('',(#437));
#1815=EDGE_LOOP('',(#438));
#1816=EDGE_LOOP('',(#439,#440,#441,#442));
#1817=EDGE_LOOP('',(#443,#444,#445,#446));
#1818=EDGE_LOOP('',(#447,#448,#449,#450));
#1819=EDGE_LOOP('',(#451,#452,#453,#454));
#1820=EDGE_LOOP('',(#455,#456,#457,#458));
#1821=EDGE_LOOP('',(#459,#460,#461,#462));
#1822=EDGE_LOOP('',(#463,#464,#465,#466));
#1823=EDGE_LOOP('',(#467,#468,#469,#470));
#1824=EDGE_LOOP('',(#471,#472,#473,#474,#475,#476,#477,#478));
#1825=EDGE_LOOP('',(#479));
#1826=EDGE_LOOP('',(#480));
#1827=EDGE_LOOP('',(#481));
#1828=EDGE_LOOP('',(#482));
#1829=EDGE_LOOP('',(#483));
#1830=EDGE_LOOP('',(#484,#485,#486,#487,#488,#489,#490,#491));
#1831=EDGE_LOOP('',(#492));
#1832=EDGE_LOOP('',(#493));
#1833=EDGE_LOOP('',(#494));
#1834=EDGE_LOOP('',(#495));
#1835=EDGE_LOOP('',(#496));
#1836=EDGE_LOOP('',(#497));
#1837=EDGE_LOOP('',(#498));
#1838=EDGE_LOOP('',(#499));
#1839=EDGE_LOOP('',(#500));
#1840=EDGE_LOOP('',(#501));
#1841=EDGE_LOOP('',(#502));
#1842=EDGE_LOOP('',(#503));
#1843=EDGE_LOOP('',(#504));
#1844=EDGE_LOOP('',(#505));
#1845=EDGE_LOOP('',(#506));
#1846=EDGE_LOOP('',(#507,#508,#509,#510));
#1847=EDGE_LOOP('',(#511,#512,#513,#514));
#1848=EDGE_LOOP('',(#515,#516,#517,#518));
#1849=EDGE_LOOP('',(#519,#520,#521,#522));
#1850=EDGE_LOOP('',(#523,#524,#525,#526));
#1851=EDGE_LOOP('',(#527,#528,#529,#530));
#1852=EDGE_LOOP('',(#531,#532,#533,#534));
#1853=EDGE_LOOP('',(#535,#536,#537,#538));
#1854=EDGE_LOOP('',(#539));
#1855=EDGE_LOOP('',(#540));
#1856=EDGE_LOOP('',(#541));
#1857=EDGE_LOOP('',(#542));
#1858=EDGE_LOOP('',(#543,#544,#545,#546,#547,#548,#549,#550));
#1859=EDGE_LOOP('',(#551,#552,#553,#554,#555,#556,#557,#558));
#1860=EDGE_LOOP('',(#559));
#1861=EDGE_LOOP('',(#560));
#1862=EDGE_LOOP('',(#561));
#1863=EDGE_LOOP('',(#562));
#1864=EDGE_LOOP('',(#563));
#1865=EDGE_LOOP('',(#564));
#1866=EDGE_LOOP('',(#565));
#1867=EDGE_LOOP('',(#566));
#1868=EDGE_LOOP('',(#567));
#1869=EDGE_LOOP('',(#568));
#1870=EDGE_LOOP('',(#569));
#1871=EDGE_LOOP('',(#570));
#1872=EDGE_LOOP('',(#571,#572,#573,#574));
#1873=EDGE_LOOP('',(#575,#576,#577,#578));
#1874=EDGE_LOOP('',(#579,#580,#581,#582));
#1875=EDGE_LOOP('',(#583,#584,#585,#586));
#1876=EDGE_LOOP('',(#587,#588,#589,#590));
#1877=EDGE_LOOP('',(#591,#592,#593,#594));
#1878=EDGE_LOOP('',(#595,#596,#597,#598));
#1879=EDGE_LOOP('',(#599,#600,#601,#602));
#1880=EDGE_LOOP('',(#603));
#1881=EDGE_LOOP('',(#604));
#1882=EDGE_LOOP('',(#605));
#1883=EDGE_LOOP('',(#606));
#1884=EDGE_LOOP('',(#607,#608,#609,#610,#611,#612,#613,#614));
#1885=EDGE_LOOP('',(#615,#616,#617,#618,#619,#620,#621,#622));
#1886=EDGE_LOOP('',(#623));
#1887=EDGE_LOOP('',(#624));
#1888=EDGE_LOOP('',(#625));
#1889=EDGE_LOOP('',(#626));
#1890=EDGE_LOOP('',(#627));
#1891=EDGE_LOOP('',(#628));
#1892=EDGE_LOOP('',(#629));
#1893=EDGE_LOOP('',(#630));
#1894=EDGE_LOOP('',(#631));
#1895=EDGE_LOOP('',(#632));
#1896=EDGE_LOOP('',(#633));
#1897=EDGE_LOOP('',(#634));
#1898=EDGE_LOOP('',(#635,#636,#637,#638));
#1899=EDGE_LOOP('',(#639,#640,#641,#642));
#1900=EDGE_LOOP('',(#643,#644,#645,#646));
#1901=EDGE_LOOP('',(#647,#648,#649,#650));
#1902=EDGE_LOOP('',(#651,#652,#653,#654));
#1903=EDGE_LOOP('',(#655,#656,#657,#658));
#1904=EDGE_LOOP('',(#659,#660,#661,#662));
#1905=EDGE_LOOP('',(#663,#664,#665,#666));
#1906=EDGE_LOOP('',(#667));
#1907=EDGE_LOOP('',(#668));
#1908=EDGE_LOOP('',(#669));
#1909=EDGE_LOOP('',(#670));
#1910=EDGE_LOOP('',(#671,#672,#673,#674,#675,#676,#677,#678));
#1911=EDGE_LOOP('',(#679,#680,#681,#682,#683,#684,#685,#686));
#1912=EDGE_LOOP('',(#687));
#1913=EDGE_LOOP('',(#688));
#1914=EDGE_LOOP('',(#689));
#1915=EDGE_LOOP('',(#690));
#1916=EDGE_LOOP('',(#691));
#1917=EDGE_LOOP('',(#692));
#1918=EDGE_LOOP('',(#693));
#1919=EDGE_LOOP('',(#694));
#1920=EDGE_LOOP('',(#695));
#1921=EDGE_LOOP('',(#696));
#1922=EDGE_LOOP('',(#697));
#1923=EDGE_LOOP('',(#698));
#1924=EDGE_LOOP('',(#699));
#1925=EDGE_LOOP('',(#700));
#1926=EDGE_LOOP('',(#701));
#1927=EDGE_LOOP('',(#702));
#1928=EDGE_LOOP('',(#703));
#1929=EDGE_LOOP('',(#704));
#1930=EDGE_LOOP('',(#705));
#1931=EDGE_LOOP('',(#706,#707,#708,#709));
#1932=EDGE_LOOP('',(#710,#711,#712,#713,#714,#715));
#1933=EDGE_LOOP('',(#716,#717,#718,#719));
#1934=EDGE_LOOP('',(#720,#721,#722,#723,#724,#725));
#1935=EDGE_LOOP('',(#726,#727,#728,#729));
#1936=EDGE_LOOP('',(#730,#731,#732,#733));
#1937=EDGE_LOOP('',(#734,#735,#736,#737));
#1938=EDGE_LOOP('',(#738,#739,#740,#741));
#1939=EDGE_LOOP('',(#742,#743,#744,#745));
#1940=EDGE_LOOP('',(#746,#747,#748,#749));
#1941=EDGE_LOOP('',(#750,#751,#752,#753));
#1942=EDGE_LOOP('',(#754,#755,#756,#757));
#1943=EDGE_LOOP('',(#758,#759,#760,#761));
#1944=EDGE_LOOP('',(#762,#763,#764,#765));
#1945=EDGE_LOOP('',(#766,#767,#768,#769,#770,#771,#772,#773));
#1946=EDGE_LOOP('',(#774,#775,#776,#777,#778,#779));
#1947=EDGE_LOOP('',(#780,#781,#782,#783));
#1948=EDGE_LOOP('',(#784,#785,#786,#787));
#1949=EDGE_LOOP('',(#788,#789,#790,#791));
#1950=EDGE_LOOP('',(#792,#793,#794,#795));
#1951=EDGE_LOOP('',(#796,#797,#798,#799));
#1952=EDGE_LOOP('',(#800,#801,#802,#803));
#1953=EDGE_LOOP('',(#804,#805,#806,#807));
#1954=EDGE_LOOP('',(#808,#809,#810,#811));
#1955=EDGE_LOOP('',(#812,#813,#814,#815));
#1956=EDGE_LOOP('',(#816,#817,#818,#819));
#1957=EDGE_LOOP('',(#820,#821,#822,#823));
#1958=EDGE_LOOP('',(#824,#825,#826));
#1959=EDGE_LOOP('',(#827,#828,#829,#830));
#1960=EDGE_LOOP('',(#831,#832,#833));
#1961=EDGE_LOOP('',(#834,#835,#836,#837));
#1962=EDGE_LOOP('',(#838,#839,#840));
#1963=EDGE_LOOP('',(#841,#842,#843,#844,#845,#846));
#1964=EDGE_LOOP('',(#847,#848,#849,#850,#851,#852));
#1965=EDGE_LOOP('',(#853,#854,#855,#856));
#1966=EDGE_LOOP('',(#857,#858,#859,#860,#861,#862));
#1967=EDGE_LOOP('',(#863,#864,#865,#866));
#1968=EDGE_LOOP('',(#867,#868,#869,#870,#871,#872,#873,#874));
#1969=EDGE_LOOP('',(#875,#876,#877,#878,#879,#880));
#1970=EDGE_LOOP('',(#881,#882,#883,#884));
#1971=EDGE_LOOP('',(#885,#886,#887,#888));
#1972=EDGE_LOOP('',(#889,#890,#891));
#1973=EDGE_LOOP('',(#892,#893,#894,#895));
#1974=EDGE_LOOP('',(#896,#897,#898,#899,#900,#901,#902));
#1975=EDGE_LOOP('',(#903,#904,#905,#906));
#1976=EDGE_LOOP('',(#907,#908,#909));
#1977=EDGE_LOOP('',(#910,#911,#912,#913));
#1978=EDGE_LOOP('',(#914,#915,#916));
#1979=EDGE_LOOP('',(#917,#918,#919,#920));
#1980=EDGE_LOOP('',(#921,#922,#923));
#1981=EDGE_LOOP('',(#924,#925,#926,#927,#928,#929));
#1982=EDGE_LOOP('',(#930,#931,#932,#933,#934,#935));
#1983=EDGE_LOOP('',(#936,#937,#938,#939,#940,#941));
#1984=EDGE_LOOP('',(#942,#943,#944,#945));
#1985=EDGE_LOOP('',(#946,#947,#948,#949));
#1986=EDGE_LOOP('',(#950,#951,#952,#953,#954,#955,#956,#957));
#1987=EDGE_LOOP('',(#958,#959,#960));
#1988=EDGE_LOOP('',(#961,#962,#963,#964));
#1989=EDGE_LOOP('',(#965,#966,#967,#968));
#1990=EDGE_LOOP('',(#969,#970,#971,#972,#973,#974));
#1991=EDGE_LOOP('',(#975,#976,#977,#978));
#1992=EDGE_LOOP('',(#979,#980,#981,#982,#983,#984,#985));
#1993=FACE_BOUND('',#1790,.T.);
#1994=FACE_BOUND('',#1791,.T.);
#1995=FACE_BOUND('',#1792,.T.);
#1996=FACE_BOUND('',#1793,.T.);
#1997=FACE_BOUND('',#1794,.T.);
#1998=FACE_BOUND('',#1795,.T.);
#1999=FACE_BOUND('',#1796,.T.);
#2000=FACE_BOUND('',#1797,.T.);
#2001=FACE_BOUND('',#1798,.T.);
#2002=FACE_BOUND('',#1799,.T.);
#2003=FACE_BOUND('',#1800,.T.);
#2004=FACE_BOUND('',#1801,.T.);
#2005=FACE_BOUND('',#1802,.T.);
#2006=FACE_BOUND('',#1803,.T.);
#2007=FACE_BOUND('',#1804,.T.);
#2008=FACE_BOUND('',#1805,.T.);
#2009=FACE_BOUND('',#1806,.T.);
#2010=FACE_BOUND('',#1807,.T.);
#2011=FACE_BOUND('',#1808,.T.);
#2012=FACE_BOUND('',#1809,.T.);
#2013=FACE_BOUND('',#1810,.T.);
#2014=FACE_BOUND('',#1811,.T.);
#2015=FACE_BOUND('',#1812,.T.);
#2016=FACE_BOUND('',#1813,.T.);
#2017=FACE_BOUND('',#1814,.T.);
#2018=FACE_BOUND('',#1815,.T.);
#2019=FACE_BOUND('',#1816,.T.);
#2020=FACE_BOUND('',#1817,.T.);
#2021=FACE_BOUND('',#1818,.T.);
#2022=FACE_BOUND('',#1819,.T.);
#2023=FACE_BOUND('',#1820,.T.);
#2024=FACE_BOUND('',#1821,.T.);
#2025=FACE_BOUND('',#1822,.T.);
#2026=FACE_BOUND('',#1823,.T.);
#2027=FACE_BOUND('',#1824,.T.);
#2028=FACE_BOUND('',#1825,.T.);
#2029=FACE_BOUND('',#1826,.T.);
#2030=FACE_BOUND('',#1827,.T.);
#2031=FACE_BOUND('',#1828,.T.);
#2032=FACE_BOUND('',#1829,.T.);
#2033=FACE_BOUND('',#1830,.T.);
#2034=FACE_BOUND('',#1831,.T.);
#2035=FACE_BOUND('',#1832,.T.);
#2036=FACE_BOUND('',#1833,.T.);
#2037=FACE_BOUND('',#1834,.T.);
#2038=FACE_BOUND('',#1835,.T.);
#2039=FACE_BOUND('',#1836,.T.);
#2040=FACE_BOUND('',#1837,.T.);
#2041=FACE_BOUND('',#1838,.T.);
#2042=FACE_BOUND('',#1839,.T.);
#2043=FACE_BOUND('',#1840,.T.);
#2044=FACE_BOUND('',#1841,.T.);
#2045=FACE_BOUND('',#1842,.T.);
#2046=FACE_BOUND('',#1843,.T.);
#2047=FACE_BOUND('',#1844,.T.);
#2048=FACE_BOUND('',#1845,.T.);
#2049=FACE_BOUND('',#1846,.T.);
#2050=FACE_BOUND('',#1847,.T.);
#2051=FACE_BOUND('',#1848,.T.);
#2052=FACE_BOUND('',#1849,.T.);
#2053=FACE_BOUND('',#1850,.T.);
#2054=FACE_BOUND('',#1851,.T.);
#2055=FACE_BOUND('',#1852,.T.);
#2056=FACE_BOUND('',#1853,.T.);
#2057=FACE_BOUND('',#1854,.T.);
#2058=FACE_BOUND('',#1855,.T.);
#2059=FACE_BOUND('',#1856,.T.);
#2060=FACE_BOUND('',#1857,.T.);
#2061=FACE_BOUND('',#1858,.T.);
#2062=FACE_BOUND('',#1859,.T.);
#2063=FACE_BOUND('',#1860,.T.);
#2064=FACE_BOUND('',#1861,.T.);
#2065=FACE_BOUND('',#1862,.T.);
#2066=FACE_BOUND('',#1863,.T.);
#2067=FACE_BOUND('',#1864,.T.);
#2068=FACE_BOUND('',#1865,.T.);
#2069=FACE_BOUND('',#1866,.T.);
#2070=FACE_BOUND('',#1867,.T.);
#2071=FACE_BOUND('',#1868,.T.);
#2072=FACE_BOUND('',#1869,.T.);
#2073=FACE_BOUND('',#1870,.T.);
#2074=FACE_BOUND('',#1871,.T.);
#2075=FACE_BOUND('',#1872,.T.);
#2076=FACE_BOUND('',#1873,.T.);
#2077=FACE_BOUND('',#1874,.T.);
#2078=FACE_BOUND('',#1875,.T.);
#2079=FACE_BOUND('',#1876,.T.);
#2080=FACE_BOUND('',#1877,.T.);
#2081=FACE_BOUND('',#1878,.T.);
#2082=FACE_BOUND('',#1879,.T.);
#2083=FACE_BOUND('',#1880,.T.);
#2084=FACE_BOUND('',#1881,.T.);
#2085=FACE_BOUND('',#1882,.T.);
#2086=FACE_BOUND('',#1883,.T.);
#2087=FACE_BOUND('',#1884,.T.);
#2088=FACE_BOUND('',#1885,.T.);
#2089=FACE_BOUND('',#1886,.T.);
#2090=FACE_BOUND('',#1887,.T.);
#2091=FACE_BOUND('',#1888,.T.);
#2092=FACE_BOUND('',#1889,.T.);
#2093=FACE_BOUND('',#1890,.T.);
#2094=FACE_BOUND('',#1891,.T.);
#2095=FACE_BOUND('',#1892,.T.);
#2096=FACE_BOUND('',#1893,.T.);
#2097=FACE_BOUND('',#1894,.T.);
#2098=FACE_BOUND('',#1895,.T.);
#2099=FACE_BOUND('',#1896,.T.);
#2100=FACE_BOUND('',#1897,.T.);
#2101=FACE_BOUND('',#1898,.T.);
#2102=FACE_BOUND('',#1899,.T.);
#2103=FACE_BOUND('',#1900,.T.);
#2104=FACE_BOUND('',#1901,.T.);
#2105=FACE_BOUND('',#1902,.T.);
#2106=FACE_BOUND('',#1903,.T.);
#2107=FACE_BOUND('',#1904,.T.);
#2108=FACE_BOUND('',#1905,.T.);
#2109=FACE_BOUND('',#1906,.T.);
#2110=FACE_BOUND('',#1907,.T.);
#2111=FACE_BOUND('',#1908,.T.);
#2112=FACE_BOUND('',#1909,.T.);
#2113=FACE_BOUND('',#1910,.T.);
#2114=FACE_BOUND('',#1911,.T.);
#2115=FACE_BOUND('',#1912,.T.);
#2116=FACE_BOUND('',#1913,.T.);
#2117=FACE_BOUND('',#1914,.T.);
#2118=FACE_BOUND('',#1915,.T.);
#2119=FACE_BOUND('',#1916,.T.);
#2120=FACE_BOUND('',#1917,.T.);
#2121=FACE_BOUND('',#1918,.T.);
#2122=FACE_BOUND('',#1919,.T.);
#2123=FACE_BOUND('',#1920,.T.);
#2124=FACE_BOUND('',#1921,.T.);
#2125=FACE_BOUND('',#1922,.T.);
#2126=FACE_BOUND('',#1923,.T.);
#2127=FACE_BOUND('',#1924,.T.);
#2128=FACE_BOUND('',#1925,.T.);
#2129=FACE_BOUND('',#1926,.T.);
#2130=FACE_BOUND('',#1927,.T.);
#2131=FACE_BOUND('',#1928,.T.);
#2132=FACE_BOUND('',#1929,.T.);
#2133=FACE_BOUND('',#1930,.T.);
#2134=FACE_BOUND('',#1931,.T.);
#2135=FACE_BOUND('',#1932,.T.);
#2136=FACE_BOUND('',#1933,.T.);
#2137=FACE_BOUND('',#1934,.T.);
#2138=FACE_BOUND('',#1935,.T.);
#2139=FACE_BOUND('',#1936,.T.);
#2140=FACE_BOUND('',#1937,.T.);
#2141=FACE_BOUND('',#1938,.T.);
#2142=FACE_BOUND('',#1939,.T.);
#2143=FACE_BOUND('',#1940,.T.);
#2144=FACE_BOUND('',#1941,.T.);
#2145=FACE_BOUND('',#1942,.T.);
#2146=FACE_BOUND('',#1943,.T.);
#2147=FACE_BOUND('',#1944,.T.);
#2148=FACE_BOUND('',#1945,.T.);
#2149=FACE_BOUND('',#1946,.T.);
#2150=FACE_BOUND('',#1947,.T.);
#2151=FACE_BOUND('',#1948,.T.);
#2152=FACE_BOUND('',#1949,.T.);
#2153=FACE_BOUND('',#1950,.T.);
#2154=FACE_BOUND('',#1951,.T.);
#2155=FACE_BOUND('',#1952,.T.);
#2156=FACE_BOUND('',#1953,.T.);
#2157=FACE_BOUND('',#1954,.T.);
#2158=FACE_BOUND('',#1955,.T.);
#2159=FACE_BOUND('',#1956,.T.);
#2160=FACE_BOUND('',#1957,.T.);
#2161=FACE_BOUND('',#1958,.T.);
#2162=FACE_BOUND('',#1959,.T.);
#2163=FACE_BOUND('',#1960,.T.);
#2164=FACE_BOUND('',#1961,.T.);
#2165=FACE_BOUND('',#1962,.T.);
#2166=FACE_BOUND('',#1963,.T.);
#2167=FACE_BOUND('',#1964,.T.);
#2168=FACE_BOUND('',#1965,.T.);
#2169=FACE_BOUND('',#1966,.T.);
#2170=FACE_BOUND('',#1967,.T.);
#2171=FACE_BOUND('',#1968,.T.);
#2172=FACE_BOUND('',#1969,.T.);
#2173=FACE_BOUND('',#1970,.T.);
#2174=FACE_BOUND('',#1971,.T.);
#2175=FACE_BOUND('',#1972,.T.);
#2176=FACE_BOUND('',#1973,.T.);
#2177=FACE_BOUND('',#1974,.T.);
#2178=FACE_BOUND('',#1975,.T.);
#2179=FACE_BOUND('',#1976,.T.);
#2180=FACE_BOUND('',#1977,.T.);
#2181=FACE_BOUND('',#1978,.T.);
#2182=FACE_BOUND('',#1979,.T.);
#2183=FACE_BOUND('',#1980,.T.);
#2184=FACE_BOUND('',#1981,.T.);
#2185=FACE_BOUND('',#1982,.T.);
#2186=FACE_BOUND('',#1983,.T.);
#2187=FACE_BOUND('',#1984,.T.);
#2188=FACE_BOUND('',#1985,.T.);
#2189=FACE_BOUND('',#1986,.T.);
#2190=FACE_BOUND('',#1987,.T.);
#2191=FACE_BOUND('',#1988,.T.);
#2192=FACE_BOUND('',#1989,.T.);
#2193=FACE_BOUND('',#1990,.T.);
#2194=FACE_BOUND('',#1991,.T.);
#2195=FACE_BOUND('',#1992,.T.);
#2196=PLANE('',#2878);
#2197=PLANE('',#2882);
#2198=PLANE('',#2886);
#2199=PLANE('',#2890);
#2200=PLANE('',#2894);
#2201=PLANE('',#2899);
#2202=PLANE('',#2902);
#2203=PLANE('',#2905);
#2204=PLANE('',#2908);
#2205=PLANE('',#2911);
#2206=PLANE('',#2913);
#2207=PLANE('',#2917);
#2208=PLANE('',#2921);
#2209=PLANE('',#2925);
#2210=PLANE('',#2929);
#2211=PLANE('',#2930);
#2212=PLANE('',#2938);
#2213=PLANE('',#2941);
#2214=PLANE('',#2944);
#2215=PLANE('',#2947);
#2216=PLANE('',#2950);
#2217=PLANE('',#2953);
#2218=PLANE('',#2957);
#2219=PLANE('',#2961);
#2220=PLANE('',#2965);
#2221=PLANE('',#2969);
#2222=PLANE('',#2974);
#2223=PLANE('',#2977);
#2224=PLANE('',#2980);
#2225=PLANE('',#2983);
#2226=PLANE('',#2986);
#2227=PLANE('',#2988);
#2228=PLANE('',#2992);
#2229=PLANE('',#2996);
#2230=PLANE('',#3000);
#2231=PLANE('',#3004);
#2232=PLANE('',#3009);
#2233=PLANE('',#3012);
#2234=PLANE('',#3015);
#2235=PLANE('',#3018);
#2236=PLANE('',#3021);
#2237=PLANE('',#3024);
#2238=PLANE('',#3028);
#2239=PLANE('',#3032);
#2240=PLANE('',#3036);
#2241=PLANE('',#3040);
#2242=PLANE('',#3045);
#2243=PLANE('',#3048);
#2244=PLANE('',#3051);
#2245=PLANE('',#3054);
#2246=PLANE('',#3057);
#2247=PLANE('',#3059);
#2248=PLANE('',#3064);
#2249=PLANE('',#3068);
#2250=PLANE('',#3071);
#2251=PLANE('',#3072);
#2252=PLANE('',#3075);
#2253=PLANE('',#3076);
#2254=PLANE('',#3077);
#2255=PLANE('',#3078);
#2256=PLANE('',#3079);
#2257=PLANE('',#3080);
#2258=PLANE('',#3081);
#2259=PLANE('',#3082);
#2260=PLANE('',#3083);
#2261=PLANE('',#3084);
#2262=PLANE('',#3085);
#2263=PLANE('',#3086);
#2264=PLANE('',#3091);
#2265=PLANE('',#3094);
#2266=PLANE('',#3097);
#2267=ADVANCED_FACE('',(#1993),#2196,.F.);
#2268=ADVANCED_FACE('',(#1994),#305,.T.);
#2269=ADVANCED_FACE('',(#1995),#2197,.T.);
#2270=ADVANCED_FACE('',(#1996),#306,.T.);
#2271=ADVANCED_FACE('',(#1997),#2198,.T.);
#2272=ADVANCED_FACE('',(#1998),#307,.T.);
#2273=ADVANCED_FACE('',(#1999),#2199,.F.);
#2274=ADVANCED_FACE('',(#2000),#308,.T.);
#2275=ADVANCED_FACE('',(#2001,#2002,#2003,#2004,#2005),#2200,.T.);
#2276=ADVANCED_FACE('',(#2006),#2201,.F.);
#2277=ADVANCED_FACE('',(#2007,#2008),#309,.F.);
#2278=ADVANCED_FACE('',(#2009),#2202,.T.);
#2279=ADVANCED_FACE('',(#2010,#2011),#310,.F.);
#2280=ADVANCED_FACE('',(#2012),#2203,.T.);
#2281=ADVANCED_FACE('',(#2013,#2014),#311,.F.);
#2282=ADVANCED_FACE('',(#2015),#2204,.T.);
#2283=ADVANCED_FACE('',(#2016,#2017),#312,.F.);
#2284=ADVANCED_FACE('',(#2018),#2205,.T.);
#2285=ADVANCED_FACE('',(#2019),#2206,.T.);
#2286=ADVANCED_FACE('',(#2020),#313,.T.);
#2287=ADVANCED_FACE('',(#2021),#2207,.F.);
#2288=ADVANCED_FACE('',(#2022),#314,.T.);
#2289=ADVANCED_FACE('',(#2023),#2208,.F.);
#2290=ADVANCED_FACE('',(#2024),#315,.T.);
#2291=ADVANCED_FACE('',(#2025),#2209,.T.);
#2292=ADVANCED_FACE('',(#2026),#316,.T.);
#2293=ADVANCED_FACE('',(#2027),#2210,.T.);
#2294=ADVANCED_FACE('',(#2028,#2029,#2030,#2031,#2032,#2033),#2211,.F.);
#2295=ADVANCED_FACE('',(#2034,#2035),#317,.F.);
#2296=ADVANCED_FACE('',(#2036),#2212,.F.);
#2297=ADVANCED_FACE('',(#2037,#2038),#318,.F.);
#2298=ADVANCED_FACE('',(#2039),#2213,.F.);
#2299=ADVANCED_FACE('',(#2040,#2041),#319,.F.);
#2300=ADVANCED_FACE('',(#2042),#2214,.F.);
#2301=ADVANCED_FACE('',(#2043,#2044),#320,.F.);
#2302=ADVANCED_FACE('',(#2045),#2215,.F.);
#2303=ADVANCED_FACE('',(#2046,#2047),#321,.F.);
#2304=ADVANCED_FACE('',(#2048),#2216,.T.);
#2305=ADVANCED_FACE('',(#2049),#2217,.T.);
#2306=ADVANCED_FACE('',(#2050),#322,.T.);
#2307=ADVANCED_FACE('',(#2051),#2218,.T.);
#2308=ADVANCED_FACE('',(#2052),#323,.T.);
#2309=ADVANCED_FACE('',(#2053),#2219,.F.);
#2310=ADVANCED_FACE('',(#2054),#324,.T.);
#2311=ADVANCED_FACE('',(#2055),#2220,.F.);
#2312=ADVANCED_FACE('',(#2056),#325,.T.);
#2313=ADVANCED_FACE('',(#2057,#2058,#2059,#2060,#2061),#2221,.T.);
#2314=ADVANCED_FACE('',(#2062),#2222,.F.);
#2315=ADVANCED_FACE('',(#2063,#2064),#326,.F.);
#2316=ADVANCED_FACE('',(#2065),#2223,.T.);
#2317=ADVANCED_FACE('',(#2066,#2067),#327,.F.);
#2318=ADVANCED_FACE('',(#2068),#2224,.T.);
#2319=ADVANCED_FACE('',(#2069,#2070),#328,.F.);
#2320=ADVANCED_FACE('',(#2071),#2225,.T.);
#2321=ADVANCED_FACE('',(#2072,#2073),#329,.F.);
#2322=ADVANCED_FACE('',(#2074),#2226,.T.);
#2323=ADVANCED_FACE('',(#2075),#2227,.T.);
#2324=ADVANCED_FACE('',(#2076),#330,.T.);
#2325=ADVANCED_FACE('',(#2077),#2228,.T.);
#2326=ADVANCED_FACE('',(#2078),#331,.T.);
#2327=ADVANCED_FACE('',(#2079),#2229,.F.);
#2328=ADVANCED_FACE('',(#2080),#332,.T.);
#2329=ADVANCED_FACE('',(#2081),#2230,.F.);
#2330=ADVANCED_FACE('',(#2082),#333,.T.);
#2331=ADVANCED_FACE('',(#2083,#2084,#2085,#2086,#2087),#2231,.T.);
#2332=ADVANCED_FACE('',(#2088),#2232,.F.);
#2333=ADVANCED_FACE('',(#2089,#2090),#334,.F.);
#2334=ADVANCED_FACE('',(#2091),#2233,.T.);
#2335=ADVANCED_FACE('',(#2092,#2093),#335,.F.);
#2336=ADVANCED_FACE('',(#2094),#2234,.T.);
#2337=ADVANCED_FACE('',(#2095,#2096),#336,.F.);
#2338=ADVANCED_FACE('',(#2097),#2235,.T.);
#2339=ADVANCED_FACE('',(#2098,#2099),#337,.F.);
#2340=ADVANCED_FACE('',(#2100),#2236,.T.);
#2341=ADVANCED_FACE('',(#2101),#2237,.T.);
#2342=ADVANCED_FACE('',(#2102),#338,.T.);
#2343=ADVANCED_FACE('',(#2103),#2238,.T.);
#2344=ADVANCED_FACE('',(#2104),#339,.T.);
#2345=ADVANCED_FACE('',(#2105),#2239,.F.);
#2346=ADVANCED_FACE('',(#2106),#340,.T.);
#2347=ADVANCED_FACE('',(#2107),#2240,.F.);
#2348=ADVANCED_FACE('',(#2108),#341,.T.);
#2349=ADVANCED_FACE('',(#2109,#2110,#2111,#2112,#2113),#2241,.T.);
#2350=ADVANCED_FACE('',(#2114),#2242,.F.);
#2351=ADVANCED_FACE('',(#2115,#2116),#342,.F.);
#2352=ADVANCED_FACE('',(#2117),#2243,.T.);
#2353=ADVANCED_FACE('',(#2118,#2119),#343,.F.);
#2354=ADVANCED_FACE('',(#2120),#2244,.T.);
#2355=ADVANCED_FACE('',(#2121,#2122),#344,.F.);
#2356=ADVANCED_FACE('',(#2123),#2245,.T.);
#2357=ADVANCED_FACE('',(#2124,#2125),#345,.F.);
#2358=ADVANCED_FACE('',(#2126),#2246,.T.);
#2359=ADVANCED_FACE('',(#2127),#2247,.T.);
#2360=ADVANCED_FACE('',(#2128,#2129),#346,.F.);
#2361=ADVANCED_FACE('',(#2130,#2131),#103,.F.);
#2362=ADVANCED_FACE('',(#2132,#2133),#2248,.T.);
#2363=ADVANCED_FACE('',(#2134),#2249,.T.);
#2364=ADVANCED_FACE('',(#2135),#2250,.T.);
#2365=ADVANCED_FACE('',(#2136),#2251,.F.);
#2366=ADVANCED_FACE('',(#2137),#2252,.F.);
#2367=ADVANCED_FACE('',(#2138),#2253,.T.);
#2368=ADVANCED_FACE('',(#2139),#2254,.T.);
#2369=ADVANCED_FACE('',(#2140),#2255,.T.);
#2370=ADVANCED_FACE('',(#2141),#2256,.T.);
#2371=ADVANCED_FACE('',(#2142),#2257,.T.);
#2372=ADVANCED_FACE('',(#2143),#2258,.T.);
#2373=ADVANCED_FACE('',(#2144),#2259,.F.);
#2374=ADVANCED_FACE('',(#2145),#2260,.F.);
#2375=ADVANCED_FACE('',(#2146),#2261,.F.);
#2376=ADVANCED_FACE('',(#2147),#2262,.F.);
#2377=ADVANCED_FACE('',(#2148),#2263,.F.);
#2378=ADVANCED_FACE('',(#2149),#2264,.F.);
#2379=ADVANCED_FACE('',(#2150),#2265,.T.);
#2380=ADVANCED_FACE('',(#2151),#2266,.F.);
#2381=ADVANCED_FACE('',(#2152),#347,.F.);
#2382=ADVANCED_FACE('',(#2153),#348,.F.);
#2383=ADVANCED_FACE('',(#2154),#349,.T.);
#2384=ADVANCED_FACE('',(#2155),#350,.T.);
#2385=ADVANCED_FACE('',(#2156),#351,.T.);
#2386=ADVANCED_FACE('',(#2157),#352,.T.);
#2387=ADVANCED_FACE('',(#2158),#353,.T.);
#2388=ADVANCED_FACE('',(#2159),#354,.T.);
#2389=ADVANCED_FACE('',(#2160),#355,.T.);
#2390=ADVANCED_FACE('',(#2161),#28,.T.);
#2391=ADVANCED_FACE('',(#2162),#356,.T.);
#2392=ADVANCED_FACE('',(#2163),#29,.T.);
#2393=ADVANCED_FACE('',(#2164),#357,.T.);
#2394=ADVANCED_FACE('',(#2165),#30,.T.);
#2395=ADVANCED_FACE('',(#2166),#358,.T.);
#2396=ADVANCED_FACE('',(#2167),#359,.T.);
#2397=ADVANCED_FACE('',(#2168),#10,.T.);
#2398=ADVANCED_FACE('',(#2169),#11,.T.);
#2399=ADVANCED_FACE('',(#2170),#360,.T.);
#2400=ADVANCED_FACE('',(#2171),#361,.T.);
#2401=ADVANCED_FACE('',(#2172),#12,.T.);
#2402=ADVANCED_FACE('',(#2173),#362,.T.);
#2403=ADVANCED_FACE('',(#2174),#31,.T.);
#2404=ADVANCED_FACE('',(#2175),#363,.T.);
#2405=ADVANCED_FACE('',(#2176),#13,.T.);
#2406=ADVANCED_FACE('',(#2177),#364,.T.);
#2407=ADVANCED_FACE('',(#2178),#365,.T.);
#2408=ADVANCED_FACE('',(#2179),#32,.T.);
#2409=ADVANCED_FACE('',(#2180),#366,.T.);
#2410=ADVANCED_FACE('',(#2181),#33,.T.);
#2411=ADVANCED_FACE('',(#2182),#367,.T.);
#2412=ADVANCED_FACE('',(#2183),#34,.T.);
#2413=ADVANCED_FACE('',(#2184),#368,.T.);
#2414=ADVANCED_FACE('',(#2185),#369,.T.);
#2415=ADVANCED_FACE('',(#2186),#14,.T.);
#2416=ADVANCED_FACE('',(#2187),#15,.T.);
#2417=ADVANCED_FACE('',(#2188),#370,.T.);
#2418=ADVANCED_FACE('',(#2189),#371,.T.);
#2419=ADVANCED_FACE('',(#2190),#372,.T.);
#2420=ADVANCED_FACE('',(#2191),#35,.T.);
#2421=ADVANCED_FACE('',(#2192),#373,.T.);
#2422=ADVANCED_FACE('',(#2193),#16,.T.);
#2423=ADVANCED_FACE('',(#2194),#17,.T.);
#2424=ADVANCED_FACE('',(#2195),#374,.T.);
#2425=CLOSED_SHELL('',(#2267,#2268,#2269,#2270,#2271,#2272,#2273,#2274,
#2275,#2276,#2277,#2278,#2279,#2280,#2281,#2282,#2283,#2284));
#2426=CLOSED_SHELL('',(#2285,#2286,#2287,#2288,#2289,#2290,#2291,#2292,
#2293,#2294,#2295,#2296,#2297,#2298,#2299,#2300,#2301,#2302,#2303,#2304));
#2427=CLOSED_SHELL('',(#2305,#2306,#2307,#2308,#2309,#2310,#2311,#2312,
#2313,#2314,#2315,#2316,#2317,#2318,#2319,#2320,#2321,#2322));
#2428=CLOSED_SHELL('',(#2323,#2324,#2325,#2326,#2327,#2328,#2329,#2330,
#2331,#2332,#2333,#2334,#2335,#2336,#2337,#2338,#2339,#2340));
#2429=CLOSED_SHELL('',(#2341,#2342,#2343,#2344,#2345,#2346,#2347,#2348,
#2349,#2350,#2351,#2352,#2353,#2354,#2355,#2356,#2357,#2358));
#2430=CLOSED_SHELL('',(#2363,#2364,#2365,#2366,#2367,#2368,#2369,#2370,
#2371,#2372,#2373,#2374,#2375,#2376,#2377,#2378,#2379,#2380,#2381,#2382,
#2383,#2384,#2385,#2386,#2387,#2388,#2389,#2390,#2391,#2392,#2393,#2394,
#2395,#2396,#2397,#2398,#2399,#2400,#2401,#2402,#2403,#2404,#2405,#2406,
#2407,#2408,#2409,#2410,#2411,#2412,#2413,#2414,#2415,#2416,#2417,#2418,
#2419,#2420,#2421,#2422,#2423,#2424));
#2431=STYLED_ITEM('',(#2438),#2855);
#2432=STYLED_ITEM('',(#2439),#2856);
#2433=STYLED_ITEM('',(#2440),#2857);
#2434=STYLED_ITEM('',(#2441),#2858);
#2435=STYLED_ITEM('',(#2442),#2859);
#2436=STYLED_ITEM('',(#2443),#105);
#2437=STYLED_ITEM('',(#2444),#2860);
#2438=PRESENTATION_STYLE_ASSIGNMENT((#2507));
#2439=PRESENTATION_STYLE_ASSIGNMENT((#2508));
#2440=PRESENTATION_STYLE_ASSIGNMENT((#2509));
#2441=PRESENTATION_STYLE_ASSIGNMENT((#2510));
#2442=PRESENTATION_STYLE_ASSIGNMENT((#2511));
#2443=PRESENTATION_STYLE_ASSIGNMENT((#2512));
#2444=PRESENTATION_STYLE_ASSIGNMENT((#2513));
#2445=PRESENTATION_STYLE_ASSIGNMENT((#2514));
#2446=PRESENTATION_STYLE_ASSIGNMENT((#2515));
#2447=PRESENTATION_STYLE_ASSIGNMENT((#2516));
#2448=PRESENTATION_STYLE_ASSIGNMENT((#2517));
#2449=PRESENTATION_STYLE_ASSIGNMENT((#2518));
#2450=PRESENTATION_STYLE_ASSIGNMENT((#2519));
#2451=PRESENTATION_STYLE_ASSIGNMENT((#2520));
#2452=PRESENTATION_STYLE_ASSIGNMENT((#2521));
#2453=PRESENTATION_STYLE_ASSIGNMENT((#2522));
#2454=PRESENTATION_STYLE_ASSIGNMENT((#2523));
#2455=PRESENTATION_STYLE_ASSIGNMENT((#2524));
#2456=PRESENTATION_STYLE_ASSIGNMENT((#2525));
#2457=PRESENTATION_STYLE_ASSIGNMENT((#2526));
#2458=PRESENTATION_STYLE_ASSIGNMENT((#2527));
#2459=PRESENTATION_STYLE_ASSIGNMENT((#2528));
#2460=PRESENTATION_STYLE_ASSIGNMENT((#2529));
#2461=PRESENTATION_STYLE_ASSIGNMENT((#2530));
#2462=PRESENTATION_STYLE_ASSIGNMENT((#2531));
#2463=PRESENTATION_STYLE_ASSIGNMENT((#2532));
#2464=PRESENTATION_STYLE_ASSIGNMENT((#2533));
#2465=PRESENTATION_STYLE_ASSIGNMENT((#2534));
#2466=PRESENTATION_STYLE_ASSIGNMENT((#2535));
#2467=PRESENTATION_STYLE_ASSIGNMENT((#2536));
#2468=PRESENTATION_STYLE_ASSIGNMENT((#2537));
#2469=PRESENTATION_STYLE_ASSIGNMENT((#2538));
#2470=PRESENTATION_STYLE_ASSIGNMENT((#2539));
#2471=PRESENTATION_STYLE_ASSIGNMENT((#2540));
#2472=PRESENTATION_STYLE_ASSIGNMENT((#2541));
#2473=PRESENTATION_STYLE_ASSIGNMENT((#2542));
#2474=PRESENTATION_STYLE_ASSIGNMENT((#2543));
#2475=PRESENTATION_STYLE_ASSIGNMENT((#2544));
#2476=PRESENTATION_STYLE_ASSIGNMENT((#2545));
#2477=PRESENTATION_STYLE_ASSIGNMENT((#2546));
#2478=PRESENTATION_STYLE_ASSIGNMENT((#2547));
#2479=PRESENTATION_STYLE_ASSIGNMENT((#2548));
#2480=PRESENTATION_STYLE_ASSIGNMENT((#2549));
#2481=PRESENTATION_STYLE_ASSIGNMENT((#2550));
#2482=PRESENTATION_STYLE_ASSIGNMENT((#2551));
#2483=PRESENTATION_STYLE_ASSIGNMENT((#2552));
#2484=PRESENTATION_STYLE_ASSIGNMENT((#2553));
#2485=PRESENTATION_STYLE_ASSIGNMENT((#2554));
#2486=PRESENTATION_STYLE_ASSIGNMENT((#2555));
#2487=PRESENTATION_STYLE_ASSIGNMENT((#2556));
#2488=PRESENTATION_STYLE_ASSIGNMENT((#2557));
#2489=PRESENTATION_STYLE_ASSIGNMENT((#2558));
#2490=PRESENTATION_STYLE_ASSIGNMENT((#2559));
#2491=PRESENTATION_STYLE_ASSIGNMENT((#2560));
#2492=PRESENTATION_STYLE_ASSIGNMENT((#2561));
#2493=PRESENTATION_STYLE_ASSIGNMENT((#2562));
#2494=PRESENTATION_STYLE_ASSIGNMENT((#2563));
#2495=PRESENTATION_STYLE_ASSIGNMENT((#2564));
#2496=PRESENTATION_STYLE_ASSIGNMENT((#2565));
#2497=PRESENTATION_STYLE_ASSIGNMENT((#2566));
#2498=PRESENTATION_STYLE_ASSIGNMENT((#2567));
#2499=PRESENTATION_STYLE_ASSIGNMENT((#2568));
#2500=PRESENTATION_STYLE_ASSIGNMENT((#2569));
#2501=PRESENTATION_STYLE_ASSIGNMENT((#2570));
#2502=PRESENTATION_STYLE_ASSIGNMENT((#2571));
#2503=PRESENTATION_STYLE_ASSIGNMENT((#2572));
#2504=PRESENTATION_STYLE_ASSIGNMENT((#2573));
#2505=PRESENTATION_STYLE_ASSIGNMENT((#2574));
#2506=PRESENTATION_STYLE_ASSIGNMENT((#2575));
#2507=SURFACE_STYLE_USAGE(.BOTH.,#2576);
#2508=SURFACE_STYLE_USAGE(.BOTH.,#2577);
#2509=SURFACE_STYLE_USAGE(.BOTH.,#2578);
#2510=SURFACE_STYLE_USAGE(.BOTH.,#2579);
#2511=SURFACE_STYLE_USAGE(.BOTH.,#2580);
#2512=SURFACE_STYLE_USAGE(.BOTH.,#2581);
#2513=SURFACE_STYLE_USAGE(.BOTH.,#2582);
#2514=SURFACE_STYLE_USAGE(.BOTH.,#2583);
#2515=SURFACE_STYLE_USAGE(.BOTH.,#2584);
#2516=SURFACE_STYLE_USAGE(.BOTH.,#2585);
#2517=SURFACE_STYLE_USAGE(.BOTH.,#2586);
#2518=SURFACE_STYLE_USAGE(.BOTH.,#2587);
#2519=SURFACE_STYLE_USAGE(.BOTH.,#2588);
#2520=SURFACE_STYLE_USAGE(.BOTH.,#2589);
#2521=SURFACE_STYLE_USAGE(.BOTH.,#2590);
#2522=SURFACE_STYLE_USAGE(.BOTH.,#2591);
#2523=SURFACE_STYLE_USAGE(.BOTH.,#2592);
#2524=SURFACE_STYLE_USAGE(.BOTH.,#2593);
#2525=SURFACE_STYLE_USAGE(.BOTH.,#2594);
#2526=SURFACE_STYLE_USAGE(.BOTH.,#2595);
#2527=SURFACE_STYLE_USAGE(.BOTH.,#2596);
#2528=SURFACE_STYLE_USAGE(.BOTH.,#2597);
#2529=SURFACE_STYLE_USAGE(.BOTH.,#2598);
#2530=SURFACE_STYLE_USAGE(.BOTH.,#2599);
#2531=SURFACE_STYLE_USAGE(.BOTH.,#2600);
#2532=SURFACE_STYLE_USAGE(.BOTH.,#2601);
#2533=SURFACE_STYLE_USAGE(.BOTH.,#2602);
#2534=SURFACE_STYLE_USAGE(.BOTH.,#2603);
#2535=SURFACE_STYLE_USAGE(.BOTH.,#2604);
#2536=SURFACE_STYLE_USAGE(.BOTH.,#2605);
#2537=SURFACE_STYLE_USAGE(.BOTH.,#2606);
#2538=SURFACE_STYLE_USAGE(.BOTH.,#2607);
#2539=SURFACE_STYLE_USAGE(.BOTH.,#2608);
#2540=SURFACE_STYLE_USAGE(.BOTH.,#2609);
#2541=SURFACE_STYLE_USAGE(.BOTH.,#2610);
#2542=SURFACE_STYLE_USAGE(.BOTH.,#2611);
#2543=SURFACE_STYLE_USAGE(.BOTH.,#2612);
#2544=SURFACE_STYLE_USAGE(.BOTH.,#2613);
#2545=SURFACE_STYLE_USAGE(.BOTH.,#2614);
#2546=SURFACE_STYLE_USAGE(.BOTH.,#2615);
#2547=SURFACE_STYLE_USAGE(.BOTH.,#2616);
#2548=SURFACE_STYLE_USAGE(.BOTH.,#2617);
#2549=SURFACE_STYLE_USAGE(.BOTH.,#2618);
#2550=SURFACE_STYLE_USAGE(.BOTH.,#2619);
#2551=SURFACE_STYLE_USAGE(.BOTH.,#2620);
#2552=SURFACE_STYLE_USAGE(.BOTH.,#2621);
#2553=SURFACE_STYLE_USAGE(.BOTH.,#2622);
#2554=SURFACE_STYLE_USAGE(.BOTH.,#2623);
#2555=SURFACE_STYLE_USAGE(.BOTH.,#2624);
#2556=SURFACE_STYLE_USAGE(.BOTH.,#2625);
#2557=SURFACE_STYLE_USAGE(.BOTH.,#2626);
#2558=SURFACE_STYLE_USAGE(.BOTH.,#2627);
#2559=SURFACE_STYLE_USAGE(.BOTH.,#2628);
#2560=SURFACE_STYLE_USAGE(.BOTH.,#2629);
#2561=SURFACE_STYLE_USAGE(.BOTH.,#2630);
#2562=SURFACE_STYLE_USAGE(.BOTH.,#2631);
#2563=SURFACE_STYLE_USAGE(.BOTH.,#2632);
#2564=SURFACE_STYLE_USAGE(.BOTH.,#2633);
#2565=SURFACE_STYLE_USAGE(.BOTH.,#2634);
#2566=SURFACE_STYLE_USAGE(.BOTH.,#2635);
#2567=SURFACE_STYLE_USAGE(.BOTH.,#2636);
#2568=SURFACE_STYLE_USAGE(.BOTH.,#2637);
#2569=SURFACE_STYLE_USAGE(.BOTH.,#2638);
#2570=SURFACE_STYLE_USAGE(.BOTH.,#2639);
#2571=SURFACE_STYLE_USAGE(.BOTH.,#2640);
#2572=SURFACE_STYLE_USAGE(.BOTH.,#2641);
#2573=SURFACE_STYLE_USAGE(.BOTH.,#2642);
#2574=SURFACE_STYLE_USAGE(.BOTH.,#2643);
#2575=SURFACE_STYLE_USAGE(.BOTH.,#2644);
#2576=SURFACE_SIDE_STYLE('',(#2645));
#2577=SURFACE_SIDE_STYLE('',(#2646));
#2578=SURFACE_SIDE_STYLE('',(#2647));
#2579=SURFACE_SIDE_STYLE('',(#2648));
#2580=SURFACE_SIDE_STYLE('',(#2649));
#2581=SURFACE_SIDE_STYLE('',(#2650));
#2582=SURFACE_SIDE_STYLE('',(#2651));
#2583=SURFACE_SIDE_STYLE('',(#2652));
#2584=SURFACE_SIDE_STYLE('',(#2653));
#2585=SURFACE_SIDE_STYLE('',(#2654));
#2586=SURFACE_SIDE_STYLE('',(#2655));
#2587=SURFACE_SIDE_STYLE('',(#2656));
#2588=SURFACE_SIDE_STYLE('',(#2657));
#2589=SURFACE_SIDE_STYLE('',(#2658));
#2590=SURFACE_SIDE_STYLE('',(#2659));
#2591=SURFACE_SIDE_STYLE('',(#2660));
#2592=SURFACE_SIDE_STYLE('',(#2661));
#2593=SURFACE_SIDE_STYLE('',(#2662));
#2594=SURFACE_SIDE_STYLE('',(#2663));
#2595=SURFACE_SIDE_STYLE('',(#2664));
#2596=SURFACE_SIDE_STYLE('',(#2665));
#2597=SURFACE_SIDE_STYLE('',(#2666));
#2598=SURFACE_SIDE_STYLE('',(#2667));
#2599=SURFACE_SIDE_STYLE('',(#2668));
#2600=SURFACE_SIDE_STYLE('',(#2669));
#2601=SURFACE_SIDE_STYLE('',(#2670));
#2602=SURFACE_SIDE_STYLE('',(#2671));
#2603=SURFACE_SIDE_STYLE('',(#2672));
#2604=SURFACE_SIDE_STYLE('',(#2673));
#2605=SURFACE_SIDE_STYLE('',(#2674));
#2606=SURFACE_SIDE_STYLE('',(#2675));
#2607=SURFACE_SIDE_STYLE('',(#2676));
#2608=SURFACE_SIDE_STYLE('',(#2677));
#2609=SURFACE_SIDE_STYLE('',(#2678));
#2610=SURFACE_SIDE_STYLE('',(#2679));
#2611=SURFACE_SIDE_STYLE('',(#2680));
#2612=SURFACE_SIDE_STYLE('',(#2681));
#2613=SURFACE_SIDE_STYLE('',(#2682));
#2614=SURFACE_SIDE_STYLE('',(#2683));
#2615=SURFACE_SIDE_STYLE('',(#2684));
#2616=SURFACE_SIDE_STYLE('',(#2685));
#2617=SURFACE_SIDE_STYLE('',(#2686));
#2618=SURFACE_SIDE_STYLE('',(#2687));
#2619=SURFACE_SIDE_STYLE('',(#2688));
#2620=SURFACE_SIDE_STYLE('',(#2689));
#2621=SURFACE_SIDE_STYLE('',(#2690));
#2622=SURFACE_SIDE_STYLE('',(#2691));
#2623=SURFACE_SIDE_STYLE('',(#2692));
#2624=SURFACE_SIDE_STYLE('',(#2693));
#2625=SURFACE_SIDE_STYLE('',(#2694));
#2626=SURFACE_SIDE_STYLE('',(#2695));
#2627=SURFACE_SIDE_STYLE('',(#2696));
#2628=SURFACE_SIDE_STYLE('',(#2697));
#2629=SURFACE_SIDE_STYLE('',(#2698));
#2630=SURFACE_SIDE_STYLE('',(#2699));
#2631=SURFACE_SIDE_STYLE('',(#2700));
#2632=SURFACE_SIDE_STYLE('',(#2701));
#2633=SURFACE_SIDE_STYLE('',(#2702));
#2634=SURFACE_SIDE_STYLE('',(#2703));
#2635=SURFACE_SIDE_STYLE('',(#2704));
#2636=SURFACE_SIDE_STYLE('',(#2705));
#2637=SURFACE_SIDE_STYLE('',(#2706));
#2638=SURFACE_SIDE_STYLE('',(#2707));
#2639=SURFACE_SIDE_STYLE('',(#2708));
#2640=SURFACE_SIDE_STYLE('',(#2709));
#2641=SURFACE_SIDE_STYLE('',(#2710));
#2642=SURFACE_SIDE_STYLE('',(#2711));
#2643=SURFACE_SIDE_STYLE('',(#2712));
#2644=SURFACE_SIDE_STYLE('',(#2713));
#2645=SURFACE_STYLE_FILL_AREA(#2714);
#2646=SURFACE_STYLE_FILL_AREA(#2715);
#2647=SURFACE_STYLE_FILL_AREA(#2716);
#2648=SURFACE_STYLE_FILL_AREA(#2717);
#2649=SURFACE_STYLE_FILL_AREA(#2718);
#2650=SURFACE_STYLE_FILL_AREA(#2719);
#2651=SURFACE_STYLE_FILL_AREA(#2720);
#2652=SURFACE_STYLE_FILL_AREA(#2721);
#2653=SURFACE_STYLE_FILL_AREA(#2722);
#2654=SURFACE_STYLE_FILL_AREA(#2723);
#2655=SURFACE_STYLE_FILL_AREA(#2724);
#2656=SURFACE_STYLE_FILL_AREA(#2725);
#2657=SURFACE_STYLE_FILL_AREA(#2726);
#2658=SURFACE_STYLE_FILL_AREA(#2727);
#2659=SURFACE_STYLE_FILL_AREA(#2728);
#2660=SURFACE_STYLE_FILL_AREA(#2729);
#2661=SURFACE_STYLE_FILL_AREA(#2730);
#2662=SURFACE_STYLE_FILL_AREA(#2731);
#2663=SURFACE_STYLE_FILL_AREA(#2732);
#2664=SURFACE_STYLE_FILL_AREA(#2733);
#2665=SURFACE_STYLE_FILL_AREA(#2734);
#2666=SURFACE_STYLE_FILL_AREA(#2735);
#2667=SURFACE_STYLE_FILL_AREA(#2736);
#2668=SURFACE_STYLE_FILL_AREA(#2737);
#2669=SURFACE_STYLE_FILL_AREA(#2738);
#2670=SURFACE_STYLE_FILL_AREA(#2739);
#2671=SURFACE_STYLE_FILL_AREA(#2740);
#2672=SURFACE_STYLE_FILL_AREA(#2741);
#2673=SURFACE_STYLE_FILL_AREA(#2742);
#2674=SURFACE_STYLE_FILL_AREA(#2743);
#2675=SURFACE_STYLE_FILL_AREA(#2744);
#2676=SURFACE_STYLE_FILL_AREA(#2745);
#2677=SURFACE_STYLE_FILL_AREA(#2746);
#2678=SURFACE_STYLE_FILL_AREA(#2747);
#2679=SURFACE_STYLE_FILL_AREA(#2748);
#2680=SURFACE_STYLE_FILL_AREA(#2749);
#2681=SURFACE_STYLE_FILL_AREA(#2750);
#2682=SURFACE_STYLE_FILL_AREA(#2751);
#2683=SURFACE_STYLE_FILL_AREA(#2752);
#2684=SURFACE_STYLE_FILL_AREA(#2753);
#2685=SURFACE_STYLE_FILL_AREA(#2754);
#2686=SURFACE_STYLE_FILL_AREA(#2755);
#2687=SURFACE_STYLE_FILL_AREA(#2756);
#2688=SURFACE_STYLE_FILL_AREA(#2757);
#2689=SURFACE_STYLE_FILL_AREA(#2758);
#2690=SURFACE_STYLE_FILL_AREA(#2759);
#2691=SURFACE_STYLE_FILL_AREA(#2760);
#2692=SURFACE_STYLE_FILL_AREA(#2761);
#2693=SURFACE_STYLE_FILL_AREA(#2762);
#2694=SURFACE_STYLE_FILL_AREA(#2763);
#2695=SURFACE_STYLE_FILL_AREA(#2764);
#2696=SURFACE_STYLE_FILL_AREA(#2765);
#2697=SURFACE_STYLE_FILL_AREA(#2766);
#2698=SURFACE_STYLE_FILL_AREA(#2767);
#2699=SURFACE_STYLE_FILL_AREA(#2768);
#2700=SURFACE_STYLE_FILL_AREA(#2769);
#2701=SURFACE_STYLE_FILL_AREA(#2770);
#2702=SURFACE_STYLE_FILL_AREA(#2771);
#2703=SURFACE_STYLE_FILL_AREA(#2772);
#2704=SURFACE_STYLE_FILL_AREA(#2773);
#2705=SURFACE_STYLE_FILL_AREA(#2774);
#2706=SURFACE_STYLE_FILL_AREA(#2775);
#2707=SURFACE_STYLE_FILL_AREA(#2776);
#2708=SURFACE_STYLE_FILL_AREA(#2777);
#2709=SURFACE_STYLE_FILL_AREA(#2778);
#2710=SURFACE_STYLE_FILL_AREA(#2779);
#2711=SURFACE_STYLE_FILL_AREA(#2780);
#2712=SURFACE_STYLE_FILL_AREA(#2781);
#2713=SURFACE_STYLE_FILL_AREA(#2782);
#2714=FILL_AREA_STYLE('',(#2783));
#2715=FILL_AREA_STYLE('',(#2784));
#2716=FILL_AREA_STYLE('',(#2785));
#2717=FILL_AREA_STYLE('',(#2786));
#2718=FILL_AREA_STYLE('',(#2787));
#2719=FILL_AREA_STYLE('',(#2788));
#2720=FILL_AREA_STYLE('',(#2789));
#2721=FILL_AREA_STYLE('',(#2790));
#2722=FILL_AREA_STYLE('',(#2791));
#2723=FILL_AREA_STYLE('',(#2792));
#2724=FILL_AREA_STYLE('',(#2793));
#2725=FILL_AREA_STYLE('',(#2794));
#2726=FILL_AREA_STYLE('',(#2795));
#2727=FILL_AREA_STYLE('',(#2796));
#2728=FILL_AREA_STYLE('',(#2797));
#2729=FILL_AREA_STYLE('',(#2798));
#2730=FILL_AREA_STYLE('',(#2799));
#2731=FILL_AREA_STYLE('',(#2800));
#2732=FILL_AREA_STYLE('',(#2801));
#2733=FILL_AREA_STYLE('',(#2802));
#2734=FILL_AREA_STYLE('',(#2803));
#2735=FILL_AREA_STYLE('',(#2804));
#2736=FILL_AREA_STYLE('',(#2805));
#2737=FILL_AREA_STYLE('',(#2806));
#2738=FILL_AREA_STYLE('',(#2807));
#2739=FILL_AREA_STYLE('',(#2808));
#2740=FILL_AREA_STYLE('',(#2809));
#2741=FILL_AREA_STYLE('',(#2810));
#2742=FILL_AREA_STYLE('',(#2811));
#2743=FILL_AREA_STYLE('',(#2812));
#2744=FILL_AREA_STYLE('',(#2813));
#2745=FILL_AREA_STYLE('',(#2814));
#2746=FILL_AREA_STYLE('',(#2815));
#2747=FILL_AREA_STYLE('',(#2816));
#2748=FILL_AREA_STYLE('',(#2817));
#2749=FILL_AREA_STYLE('',(#2818));
#2750=FILL_AREA_STYLE('',(#2819));
#2751=FILL_AREA_STYLE('',(#2820));
#2752=FILL_AREA_STYLE('',(#2821));
#2753=FILL_AREA_STYLE('',(#2822));
#2754=FILL_AREA_STYLE('',(#2823));
#2755=FILL_AREA_STYLE('',(#2824));
#2756=FILL_AREA_STYLE('',(#2825));
#2757=FILL_AREA_STYLE('',(#2826));
#2758=FILL_AREA_STYLE('',(#2827));
#2759=FILL_AREA_STYLE('',(#2828));
#2760=FILL_AREA_STYLE('',(#2829));
#2761=FILL_AREA_STYLE('',(#2830));
#2762=FILL_AREA_STYLE('',(#2831));
#2763=FILL_AREA_STYLE('',(#2832));
#2764=FILL_AREA_STYLE('',(#2833));
#2765=FILL_AREA_STYLE('',(#2834));
#2766=FILL_AREA_STYLE('',(#2835));
#2767=FILL_AREA_STYLE('',(#2836));
#2768=FILL_AREA_STYLE('',(#2837));
#2769=FILL_AREA_STYLE('',(#2838));
#2770=FILL_AREA_STYLE('',(#2839));
#2771=FILL_AREA_STYLE('',(#2840));
#2772=FILL_AREA_STYLE('',(#2841));
#2773=FILL_AREA_STYLE('',(#2842));
#2774=FILL_AREA_STYLE('',(#2843));
#2775=FILL_AREA_STYLE('',(#2844));
#2776=FILL_AREA_STYLE('',(#2845));
#2777=FILL_AREA_STYLE('',(#2846));
#2778=FILL_AREA_STYLE('',(#2847));
#2779=FILL_AREA_STYLE('',(#2848));
#2780=FILL_AREA_STYLE('',(#2849));
#2781=FILL_AREA_STYLE('',(#2850));
#2782=FILL_AREA_STYLE('',(#2851));
#2783=FILL_AREA_STYLE_COLOUR('',#2852);
#2784=FILL_AREA_STYLE_COLOUR('',#2852);
#2785=FILL_AREA_STYLE_COLOUR('',#2852);
#2786=FILL_AREA_STYLE_COLOUR('',#2852);
#2787=FILL_AREA_STYLE_COLOUR('',#2852);
#2788=FILL_AREA_STYLE_COLOUR('',#2853);
#2789=FILL_AREA_STYLE_COLOUR('',#2852);
#2790=FILL_AREA_STYLE_COLOUR('',#2854);
#2791=FILL_AREA_STYLE_COLOUR('',#2854);
#2792=FILL_AREA_STYLE_COLOUR('',#2854);
#2793=FILL_AREA_STYLE_COLOUR('',#2854);
#2794=FILL_AREA_STYLE_COLOUR('',#2854);
#2795=FILL_AREA_STYLE_COLOUR('',#2854);
#2796=FILL_AREA_STYLE_COLOUR('',#2854);
#2797=FILL_AREA_STYLE_COLOUR('',#2854);
#2798=FILL_AREA_STYLE_COLOUR('',#2854);
#2799=FILL_AREA_STYLE_COLOUR('',#2854);
#2800=FILL_AREA_STYLE_COLOUR('',#2854);
#2801=FILL_AREA_STYLE_COLOUR('',#2854);
#2802=FILL_AREA_STYLE_COLOUR('',#2854);
#2803=FILL_AREA_STYLE_COLOUR('',#2854);
#2804=FILL_AREA_STYLE_COLOUR('',#2854);
#2805=FILL_AREA_STYLE_COLOUR('',#2854);
#2806=FILL_AREA_STYLE_COLOUR('',#2854);
#2807=FILL_AREA_STYLE_COLOUR('',#2854);
#2808=FILL_AREA_STYLE_COLOUR('',#2854);
#2809=FILL_AREA_STYLE_COLOUR('',#2854);
#2810=FILL_AREA_STYLE_COLOUR('',#2854);
#2811=FILL_AREA_STYLE_COLOUR('',#2854);
#2812=FILL_AREA_STYLE_COLOUR('',#2854);
#2813=FILL_AREA_STYLE_COLOUR('',#2854);
#2814=FILL_AREA_STYLE_COLOUR('',#2854);
#2815=FILL_AREA_STYLE_COLOUR('',#2854);
#2816=FILL_AREA_STYLE_COLOUR('',#2854);
#2817=FILL_AREA_STYLE_COLOUR('',#2854);
#2818=FILL_AREA_STYLE_COLOUR('',#2854);
#2819=FILL_AREA_STYLE_COLOUR('',#2854);
#2820=FILL_AREA_STYLE_COLOUR('',#2854);
#2821=FILL_AREA_STYLE_COLOUR('',#2854);
#2822=FILL_AREA_STYLE_COLOUR('',#2854);
#2823=FILL_AREA_STYLE_COLOUR('',#2854);
#2824=FILL_AREA_STYLE_COLOUR('',#2854);
#2825=FILL_AREA_STYLE_COLOUR('',#2854);
#2826=FILL_AREA_STYLE_COLOUR('',#2854);
#2827=FILL_AREA_STYLE_COLOUR('',#2854);
#2828=FILL_AREA_STYLE_COLOUR('',#2854);
#2829=FILL_AREA_STYLE_COLOUR('',#2854);
#2830=FILL_AREA_STYLE_COLOUR('',#2854);
#2831=FILL_AREA_STYLE_COLOUR('',#2854);
#2832=FILL_AREA_STYLE_COLOUR('',#2854);
#2833=FILL_AREA_STYLE_COLOUR('',#2854);
#2834=FILL_AREA_STYLE_COLOUR('',#2854);
#2835=FILL_AREA_STYLE_COLOUR('',#2854);
#2836=FILL_AREA_STYLE_COLOUR('',#2854);
#2837=FILL_AREA_STYLE_COLOUR('',#2854);
#2838=FILL_AREA_STYLE_COLOUR('',#2854);
#2839=FILL_AREA_STYLE_COLOUR('',#2854);
#2840=FILL_AREA_STYLE_COLOUR('',#2854);
#2841=FILL_AREA_STYLE_COLOUR('',#2854);
#2842=FILL_AREA_STYLE_COLOUR('',#2854);
#2843=FILL_AREA_STYLE_COLOUR('',#2854);
#2844=FILL_AREA_STYLE_COLOUR('',#2854);
#2845=FILL_AREA_STYLE_COLOUR('',#2854);
#2846=FILL_AREA_STYLE_COLOUR('',#2854);
#2847=FILL_AREA_STYLE_COLOUR('',#2854);
#2848=FILL_AREA_STYLE_COLOUR('',#2854);
#2849=FILL_AREA_STYLE_COLOUR('',#2854);
#2850=FILL_AREA_STYLE_COLOUR('',#2854);
#2851=FILL_AREA_STYLE_COLOUR('',#2854);
#2852=COLOUR_RGB('',0.615686274509804,0.811764705882353,0.929411764705882);
#2853=COLOUR_RGB('',0.917647058823529,0.917647058823529,0.917647058823529);
#2854=COLOUR_RGB('',0.709803921568628,0.643137254901961,0.584313725490196);
#2855=MANIFOLD_SOLID_BREP('Part 3',#2425);
#2856=MANIFOLD_SOLID_BREP('Part 1',#2426);
#2857=MANIFOLD_SOLID_BREP('Part 2',#2427);
#2858=MANIFOLD_SOLID_BREP('Part 4',#2428);
#2859=MANIFOLD_SOLID_BREP('Part 1',#2429);
#2860=MANIFOLD_SOLID_BREP('Part 1',#2430);
#2861=SHAPE_DEFINITION_REPRESENTATION(#4802,#2869);
#2862=SHAPE_DEFINITION_REPRESENTATION(#4803,#2870);
#2863=SHAPE_DEFINITION_REPRESENTATION(#4805,#2871);
#2864=SHAPE_DEFINITION_REPRESENTATION(#4808,#2872);
#2865=SHAPE_DEFINITION_REPRESENTATION(#4810,#2873);
#2866=SHAPE_DEFINITION_REPRESENTATION(#4813,#2874);
#2867=SHAPE_DEFINITION_REPRESENTATION(#4815,#2875);
#2868=SHAPE_DEFINITION_REPRESENTATION(#4818,#2876);
#2869=SHAPE_REPRESENTATION('Assembly 1',(#2877,#2912,#2951,#2952,#2987,
#3022,#3023,#3058,#3066,#3067,#3194),#4783);
#2870=SHAPE_REPRESENTATION('Part 3',(#2877),#4784);
#2871=SHAPE_REPRESENTATION('Part 1',(#2877),#4785);
#2872=SHAPE_REPRESENTATION('Part 2',(#2877),#4786);
#2873=SHAPE_REPRESENTATION('Part 4',(#2877),#4787);
#2874=SHAPE_REPRESENTATION('Part 1',(#2877),#4788);
#2875=SHAPE_REPRESENTATION('Surface 1',(#2877),#4789);
#2876=SHAPE_REPRESENTATION('Part 1',(#2877),#4790);
#2877=AXIS2_PLACEMENT_3D('',#3977,#3195,#3196);
#2878=AXIS2_PLACEMENT_3D('',#3978,#3197,#3198);
#2879=AXIS2_PLACEMENT_3D('',#3987,#3203,#3204);
#2880=AXIS2_PLACEMENT_3D('',#3988,#3205,#3206);
#2881=AXIS2_PLACEMENT_3D('',#3992,#3208,#3209);
#2882=AXIS2_PLACEMENT_3D('',#3993,#3210,#3211);
#2883=AXIS2_PLACEMENT_3D('',#3999,#3215,#3216);
#2884=AXIS2_PLACEMENT_3D('',#4000,#3217,#3218);
#2885=AXIS2_PLACEMENT_3D('',#4004,#3220,#3221);
#2886=AXIS2_PLACEMENT_3D('',#4005,#3222,#3223);
#2887=AXIS2_PLACEMENT_3D('',#4011,#3227,#3228);
#2888=AXIS2_PLACEMENT_3D('',#4012,#3229,#3230);
#2889=AXIS2_PLACEMENT_3D('',#4016,#3232,#3233);
#2890=AXIS2_PLACEMENT_3D('',#4017,#3234,#3235);
#2891=AXIS2_PLACEMENT_3D('',#4023,#3239,#3240);
#2892=AXIS2_PLACEMENT_3D('',#4024,#3241,#3242);
#2893=AXIS2_PLACEMENT_3D('',#4025,#3243,#3244);
#2894=AXIS2_PLACEMENT_3D('',#4026,#3245,#3246);
#2895=AXIS2_PLACEMENT_3D('',#4027,#3247,#3248);
#2896=AXIS2_PLACEMENT_3D('',#4029,#3249,#3250);
#2897=AXIS2_PLACEMENT_3D('',#4031,#3251,#3252);
#2898=AXIS2_PLACEMENT_3D('',#4033,#3253,#3254);
#2899=AXIS2_PLACEMENT_3D('',#4035,#3255,#3256);
#2900=AXIS2_PLACEMENT_3D('',#4036,#3257,#3258);
#2901=AXIS2_PLACEMENT_3D('',#4037,#3259,#3260);
#2902=AXIS2_PLACEMENT_3D('',#4039,#3261,#3262);
#2903=AXIS2_PLACEMENT_3D('',#4040,#3263,#3264);
#2904=AXIS2_PLACEMENT_3D('',#4041,#3265,#3266);
#2905=AXIS2_PLACEMENT_3D('',#4043,#3267,#3268);
#2906=AXIS2_PLACEMENT_3D('',#4044,#3269,#3270);
#2907=AXIS2_PLACEMENT_3D('',#4045,#3271,#3272);
#2908=AXIS2_PLACEMENT_3D('',#4047,#3273,#3274);
#2909=AXIS2_PLACEMENT_3D('',#4048,#3275,#3276);
#2910=AXIS2_PLACEMENT_3D('',#4049,#3277,#3278);
#2911=AXIS2_PLACEMENT_3D('',#4051,#3279,#3280);
#2912=AXIS2_PLACEMENT_3D('',#4052,#3281,#3282);
#2913=AXIS2_PLACEMENT_3D('',#4053,#3283,#3284);
#2914=AXIS2_PLACEMENT_3D('',#4062,#3289,#3290);
#2915=AXIS2_PLACEMENT_3D('',#4063,#3291,#3292);
#2916=AXIS2_PLACEMENT_3D('',#4067,#3294,#3295);
#2917=AXIS2_PLACEMENT_3D('',#4068,#3296,#3297);
#2918=AXIS2_PLACEMENT_3D('',#4074,#3301,#3302);
#2919=AXIS2_PLACEMENT_3D('',#4075,#3303,#3304);
#2920=AXIS2_PLACEMENT_3D('',#4079,#3306,#3307);
#2921=AXIS2_PLACEMENT_3D('',#4080,#3308,#3309);
#2922=AXIS2_PLACEMENT_3D('',#4086,#3313,#3314);
#2923=AXIS2_PLACEMENT_3D('',#4087,#3315,#3316);
#2924=AXIS2_PLACEMENT_3D('',#4091,#3318,#3319);
#2925=AXIS2_PLACEMENT_3D('',#4092,#3320,#3321);
#2926=AXIS2_PLACEMENT_3D('',#4098,#3325,#3326);
#2927=AXIS2_PLACEMENT_3D('',#4099,#3327,#3328);
#2928=AXIS2_PLACEMENT_3D('',#4100,#3329,#3330);
#2929=AXIS2_PLACEMENT_3D('',#4101,#3331,#3332);
#2930=AXIS2_PLACEMENT_3D('',#4102,#3333,#3334);
#2931=AXIS2_PLACEMENT_3D('',#4103,#3335,#3336);
#2932=AXIS2_PLACEMENT_3D('',#4105,#3337,#3338);
#2933=AXIS2_PLACEMENT_3D('',#4107,#3339,#3340);
#2934=AXIS2_PLACEMENT_3D('',#4109,#3341,#3342);
#2935=AXIS2_PLACEMENT_3D('',#4111,#3343,#3344);
#2936=AXIS2_PLACEMENT_3D('',#4113,#3345,#3346);
#2937=AXIS2_PLACEMENT_3D('',#4114,#3347,#3348);
#2938=AXIS2_PLACEMENT_3D('',#4116,#3349,#3350);
#2939=AXIS2_PLACEMENT_3D('',#4117,#3351,#3352);
#2940=AXIS2_PLACEMENT_3D('',#4118,#3353,#3354);
#2941=AXIS2_PLACEMENT_3D('',#4120,#3355,#3356);
#2942=AXIS2_PLACEMENT_3D('',#4121,#3357,#3358);
#2943=AXIS2_PLACEMENT_3D('',#4122,#3359,#3360);
#2944=AXIS2_PLACEMENT_3D('',#4124,#3361,#3362);
#2945=AXIS2_PLACEMENT_3D('',#4125,#3363,#3364);
#2946=AXIS2_PLACEMENT_3D('',#4126,#3365,#3366);
#2947=AXIS2_PLACEMENT_3D('',#4128,#3367,#3368);
#2948=AXIS2_PLACEMENT_3D('',#4129,#3369,#3370);
#2949=AXIS2_PLACEMENT_3D('',#4130,#3371,#3372);
#2950=AXIS2_PLACEMENT_3D('',#4132,#3373,#3374);
#2951=AXIS2_PLACEMENT_3D('',#4133,#3375,#3376);
#2952=AXIS2_PLACEMENT_3D('',#4134,#3377,#3378);
#2953=AXIS2_PLACEMENT_3D('',#4135,#3379,#3380);
#2954=AXIS2_PLACEMENT_3D('',#4144,#3385,#3386);
#2955=AXIS2_PLACEMENT_3D('',#4145,#3387,#3388);
#2956=AXIS2_PLACEMENT_3D('',#4149,#3390,#3391);
#2957=AXIS2_PLACEMENT_3D('',#4150,#3392,#3393);
#2958=AXIS2_PLACEMENT_3D('',#4156,#3397,#3398);
#2959=AXIS2_PLACEMENT_3D('',#4157,#3399,#3400);
#2960=AXIS2_PLACEMENT_3D('',#4161,#3402,#3403);
#2961=AXIS2_PLACEMENT_3D('',#4162,#3404,#3405);
#2962=AXIS2_PLACEMENT_3D('',#4168,#3409,#3410);
#2963=AXIS2_PLACEMENT_3D('',#4169,#3411,#3412);
#2964=AXIS2_PLACEMENT_3D('',#4173,#3414,#3415);
#2965=AXIS2_PLACEMENT_3D('',#4174,#3416,#3417);
#2966=AXIS2_PLACEMENT_3D('',#4180,#3421,#3422);
#2967=AXIS2_PLACEMENT_3D('',#4181,#3423,#3424);
#2968=AXIS2_PLACEMENT_3D('',#4182,#3425,#3426);
#2969=AXIS2_PLACEMENT_3D('',#4183,#3427,#3428);
#2970=AXIS2_PLACEMENT_3D('',#4184,#3429,#3430);
#2971=AXIS2_PLACEMENT_3D('',#4186,#3431,#3432);
#2972=AXIS2_PLACEMENT_3D('',#4188,#3433,#3434);
#2973=AXIS2_PLACEMENT_3D('',#4190,#3435,#3436);
#2974=AXIS2_PLACEMENT_3D('',#4192,#3437,#3438);
#2975=AXIS2_PLACEMENT_3D('',#4193,#3439,#3440);
#2976=AXIS2_PLACEMENT_3D('',#4194,#3441,#3442);
#2977=AXIS2_PLACEMENT_3D('',#4196,#3443,#3444);
#2978=AXIS2_PLACEMENT_3D('',#4197,#3445,#3446);
#2979=AXIS2_PLACEMENT_3D('',#4198,#3447,#3448);
#2980=AXIS2_PLACEMENT_3D('',#4200,#3449,#3450);
#2981=AXIS2_PLACEMENT_3D('',#4201,#3451,#3452);
#2982=AXIS2_PLACEMENT_3D('',#4202,#3453,#3454);
#2983=AXIS2_PLACEMENT_3D('',#4204,#3455,#3456);
#2984=AXIS2_PLACEMENT_3D('',#4205,#3457,#3458);
#2985=AXIS2_PLACEMENT_3D('',#4206,#3459,#3460);
#2986=AXIS2_PLACEMENT_3D('',#4208,#3461,#3462);
#2987=AXIS2_PLACEMENT_3D('',#4209,#3463,#3464);
#2988=AXIS2_PLACEMENT_3D('',#4210,#3465,#3466);
#2989=AXIS2_PLACEMENT_3D('',#4219,#3471,#3472);
#2990=AXIS2_PLACEMENT_3D('',#4220,#3473,#3474);
#2991=AXIS2_PLACEMENT_3D('',#4224,#3476,#3477);
#2992=AXIS2_PLACEMENT_3D('',#4225,#3478,#3479);
#2993=AXIS2_PLACEMENT_3D('',#4231,#3483,#3484);
#2994=AXIS2_PLACEMENT_3D('',#4232,#3485,#3486);
#2995=AXIS2_PLACEMENT_3D('',#4236,#3488,#3489);
#2996=AXIS2_PLACEMENT_3D('',#4237,#3490,#3491);
#2997=AXIS2_PLACEMENT_3D('',#4243,#3495,#3496);
#2998=AXIS2_PLACEMENT_3D('',#4244,#3497,#3498);
#2999=AXIS2_PLACEMENT_3D('',#4248,#3500,#3501);
#3000=AXIS2_PLACEMENT_3D('',#4249,#3502,#3503);
#3001=AXIS2_PLACEMENT_3D('',#4255,#3507,#3508);
#3002=AXIS2_PLACEMENT_3D('',#4256,#3509,#3510);
#3003=AXIS2_PLACEMENT_3D('',#4257,#3511,#3512);
#3004=AXIS2_PLACEMENT_3D('',#4258,#3513,#3514);
#3005=AXIS2_PLACEMENT_3D('',#4259,#3515,#3516);
#3006=AXIS2_PLACEMENT_3D('',#4261,#3517,#3518);
#3007=AXIS2_PLACEMENT_3D('',#4263,#3519,#3520);
#3008=AXIS2_PLACEMENT_3D('',#4265,#3521,#3522);
#3009=AXIS2_PLACEMENT_3D('',#4267,#3523,#3524);
#3010=AXIS2_PLACEMENT_3D('',#4268,#3525,#3526);
#3011=AXIS2_PLACEMENT_3D('',#4269,#3527,#3528);
#3012=AXIS2_PLACEMENT_3D('',#4271,#3529,#3530);
#3013=AXIS2_PLACEMENT_3D('',#4272,#3531,#3532);
#3014=AXIS2_PLACEMENT_3D('',#4273,#3533,#3534);
#3015=AXIS2_PLACEMENT_3D('',#4275,#3535,#3536);
#3016=AXIS2_PLACEMENT_3D('',#4276,#3537,#3538);
#3017=AXIS2_PLACEMENT_3D('',#4277,#3539,#3540);
#3018=AXIS2_PLACEMENT_3D('',#4279,#3541,#3542);
#3019=AXIS2_PLACEMENT_3D('',#4280,#3543,#3544);
#3020=AXIS2_PLACEMENT_3D('',#4281,#3545,#3546);
#3021=AXIS2_PLACEMENT_3D('',#4283,#3547,#3548);
#3022=AXIS2_PLACEMENT_3D('',#4284,#3549,#3550);
#3023=AXIS2_PLACEMENT_3D('',#4285,#3551,#3552);
#3024=AXIS2_PLACEMENT_3D('',#4286,#3553,#3554);
#3025=AXIS2_PLACEMENT_3D('',#4295,#3559,#3560);
#3026=AXIS2_PLACEMENT_3D('',#4296,#3561,#3562);
#3027=AXIS2_PLACEMENT_3D('',#4300,#3564,#3565);
#3028=AXIS2_PLACEMENT_3D('',#4301,#3566,#3567);
#3029=AXIS2_PLACEMENT_3D('',#4307,#3571,#3572);
#3030=AXIS2_PLACEMENT_3D('',#4308,#3573,#3574);
#3031=AXIS2_PLACEMENT_3D('',#4312,#3576,#3577);
#3032=AXIS2_PLACEMENT_3D('',#4313,#3578,#3579);
#3033=AXIS2_PLACEMENT_3D('',#4319,#3583,#3584);
#3034=AXIS2_PLACEMENT_3D('',#4320,#3585,#3586);
#3035=AXIS2_PLACEMENT_3D('',#4324,#3588,#3589);
#3036=AXIS2_PLACEMENT_3D('',#4325,#3590,#3591);
#3037=AXIS2_PLACEMENT_3D('',#4331,#3595,#3596);
#3038=AXIS2_PLACEMENT_3D('',#4332,#3597,#3598);
#3039=AXIS2_PLACEMENT_3D('',#4333,#3599,#3600);
#3040=AXIS2_PLACEMENT_3D('',#4334,#3601,#3602);
#3041=AXIS2_PLACEMENT_3D('',#4335,#3603,#3604);
#3042=AXIS2_PLACEMENT_3D('',#4337,#3605,#3606);
#3043=AXIS2_PLACEMENT_3D('',#4339,#3607,#3608);
#3044=AXIS2_PLACEMENT_3D('',#4341,#3609,#3610);
#3045=AXIS2_PLACEMENT_3D('',#4343,#3611,#3612);
#3046=AXIS2_PLACEMENT_3D('',#4344,#3613,#3614);
#3047=AXIS2_PLACEMENT_3D('',#4345,#3615,#3616);
#3048=AXIS2_PLACEMENT_3D('',#4347,#3617,#3618);
#3049=AXIS2_PLACEMENT_3D('',#4348,#3619,#3620);
#3050=AXIS2_PLACEMENT_3D('',#4349,#3621,#3622);
#3051=AXIS2_PLACEMENT_3D('',#4351,#3623,#3624);
#3052=AXIS2_PLACEMENT_3D('',#4352,#3625,#3626);
#3053=AXIS2_PLACEMENT_3D('',#4353,#3627,#3628);
#3054=AXIS2_PLACEMENT_3D('',#4355,#3629,#3630);
#3055=AXIS2_PLACEMENT_3D('',#4356,#3631,#3632);
#3056=AXIS2_PLACEMENT_3D('',#4357,#3633,#3634);
#3057=AXIS2_PLACEMENT_3D('',#4359,#3635,#3636);
#3058=AXIS2_PLACEMENT_3D('',#4360,#3637,#3638);
#3059=AXIS2_PLACEMENT_3D('',#4361,#3639,#3640);
#3060=AXIS2_PLACEMENT_3D('',#4362,#3641,#3642);
#3061=AXIS2_PLACEMENT_3D('',#4364,#3643,#3644);
#3062=AXIS2_PLACEMENT_3D('',#4365,#3645,#3646);
#3063=AXIS2_PLACEMENT_3D('',#4462,#3647,#3648);
#3064=AXIS2_PLACEMENT_3D('',#4464,#3649,#3650);
#3065=AXIS2_PLACEMENT_3D('',#4465,#3651,#3652);
#3066=AXIS2_PLACEMENT_3D('',#4467,#3653,#3654);
#3067=AXIS2_PLACEMENT_3D('',#4468,#3655,#3656);
#3068=AXIS2_PLACEMENT_3D('',#4469,#3657,#3658);
#3069=AXIS2_PLACEMENT_3D('',#4470,#3659,#3660);
#3070=AXIS2_PLACEMENT_3D('',#4475,#3662,#3663);
#3071=AXIS2_PLACEMENT_3D('',#4478,#3665,#3666);
#3072=AXIS2_PLACEMENT_3D('',#4491,#3673,#3674);
#3073=AXIS2_PLACEMENT_3D('',#4492,#3675,#3676);
#3074=AXIS2_PLACEMENT_3D('',#4497,#3678,#3679);
#3075=AXIS2_PLACEMENT_3D('',#4500,#3681,#3682);
#3076=AXIS2_PLACEMENT_3D('',#4513,#3689,#3690);
#3077=AXIS2_PLACEMENT_3D('',#4522,#3695,#3696);
#3078=AXIS2_PLACEMENT_3D('',#4531,#3701,#3702);
#3079=AXIS2_PLACEMENT_3D('',#4540,#3707,#3708);
#3080=AXIS2_PLACEMENT_3D('',#4549,#3713,#3714);
#3081=AXIS2_PLACEMENT_3D('',#4558,#3719,#3720);
#3082=AXIS2_PLACEMENT_3D('',#4567,#3725,#3726);
#3083=AXIS2_PLACEMENT_3D('',#4576,#3731,#3732);
#3084=AXIS2_PLACEMENT_3D('',#4582,#3736,#3737);
#3085=AXIS2_PLACEMENT_3D('',#4591,#3742,#3743);
#3086=AXIS2_PLACEMENT_3D('',#4600,#3748,#3749);
#3087=AXIS2_PLACEMENT_3D('',#4602,#3751,#3752);
#3088=AXIS2_PLACEMENT_3D('',#4604,#3753,#3754);
#3089=AXIS2_PLACEMENT_3D('',#4605,#3755,#3756);
#3090=AXIS2_PLACEMENT_3D('',#4607,#3757,#3758);
#3091=AXIS2_PLACEMENT_3D('',#4608,#3759,#3760);
#3092=AXIS2_PLACEMENT_3D('',#4609,#3761,#3762);
#3093=AXIS2_PLACEMENT_3D('',#4610,#3763,#3764);
#3094=AXIS2_PLACEMENT_3D('',#4611,#3765,#3766);
#3095=AXIS2_PLACEMENT_3D('',#4612,#3767,#3768);
#3096=AXIS2_PLACEMENT_3D('',#4617,#3770,#3771);
#3097=AXIS2_PLACEMENT_3D('',#4620,#3773,#3774);
#3098=AXIS2_PLACEMENT_3D('',#4621,#3775,#3776);
#3099=AXIS2_PLACEMENT_3D('',#4626,#3778,#3779);
#3100=AXIS2_PLACEMENT_3D('',#4629,#3781,#3782);
#3101=AXIS2_PLACEMENT_3D('',#4630,#3783,#3784);
#3102=AXIS2_PLACEMENT_3D('',#4631,#3785,#3786);
#3103=AXIS2_PLACEMENT_3D('',#4632,#3787,#3788);
#3104=AXIS2_PLACEMENT_3D('',#4633,#3789,#3790);
#3105=AXIS2_PLACEMENT_3D('',#4634,#3791,#3792);
#3106=AXIS2_PLACEMENT_3D('',#4635,#3793,#3794);
#3107=AXIS2_PLACEMENT_3D('',#4636,#3795,#3796);
#3108=AXIS2_PLACEMENT_3D('',#4637,#3797,#3798);
#3109=AXIS2_PLACEMENT_3D('',#4638,#3799,#3800);
#3110=AXIS2_PLACEMENT_3D('',#4639,#3801,#3802);
#3111=AXIS2_PLACEMENT_3D('',#4640,#3803,#3804);
#3112=AXIS2_PLACEMENT_3D('',#4641,#3805,#3806);
#3113=AXIS2_PLACEMENT_3D('',#4642,#3807,#3808);
#3114=AXIS2_PLACEMENT_3D('',#4643,#3809,#3810);
#3115=AXIS2_PLACEMENT_3D('',#4644,#3811,#3812);
#3116=AXIS2_PLACEMENT_3D('',#4645,#3813,#3814);
#3117=AXIS2_PLACEMENT_3D('',#4646,#3815,#3816);
#3118=AXIS2_PLACEMENT_3D('',#4647,#3817,#3818);
#3119=AXIS2_PLACEMENT_3D('',#4648,#3819,#3820);
#3120=AXIS2_PLACEMENT_3D('',#4649,#3821,#3822);
#3121=AXIS2_PLACEMENT_3D('',#4650,#3823,#3824);
#3122=AXIS2_PLACEMENT_3D('',#4651,#3825,#3826);
#3123=AXIS2_PLACEMENT_3D('',#4652,#3827,#3828);
#3124=AXIS2_PLACEMENT_3D('',#4653,#3829,#3830);
#3125=AXIS2_PLACEMENT_3D('',#4654,#3831,#3832);
#3126=AXIS2_PLACEMENT_3D('',#4655,#3833,#3834);
#3127=AXIS2_PLACEMENT_3D('',#4656,#3835,#3836);
#3128=AXIS2_PLACEMENT_3D('',#4657,#3837,#3838);
#3129=AXIS2_PLACEMENT_3D('',#4658,#3839,#3840);
#3130=AXIS2_PLACEMENT_3D('',#4659,#3841,#3842);
#3131=AXIS2_PLACEMENT_3D('',#4660,#3843,#3844);
#3132=AXIS2_PLACEMENT_3D('',#4661,#3845,#3846);
#3133=AXIS2_PLACEMENT_3D('',#4662,#3847,#3848);
#3134=AXIS2_PLACEMENT_3D('',#4663,#3849,#3850);
#3135=AXIS2_PLACEMENT_3D('',#4664,#3851,#3852);
#3136=AXIS2_PLACEMENT_3D('',#4665,#3853,#3854);
#3137=AXIS2_PLACEMENT_3D('',#4668,#3856,#3857);
#3138=AXIS2_PLACEMENT_3D('',#4673,#3858,#3859);
#3139=AXIS2_PLACEMENT_3D('',#4674,#3860,#3861);
#3140=AXIS2_PLACEMENT_3D('',#4675,#3862,#3863);
#3141=AXIS2_PLACEMENT_3D('',#4676,#3864,#3865);
#3142=AXIS2_PLACEMENT_3D('',#4677,#3866,#3867);
#3143=AXIS2_PLACEMENT_3D('',#4678,#3868,#3869);
#3144=AXIS2_PLACEMENT_3D('',#4684,#3870,#3871);
#3145=AXIS2_PLACEMENT_3D('',#4687,#3873,#3874);
#3146=AXIS2_PLACEMENT_3D('',#4688,#3875,#3876);
#3147=AXIS2_PLACEMENT_3D('',#4689,#3877,#3878);
#3148=AXIS2_PLACEMENT_3D('',#4694,#3879,#3880);
#3149=AXIS2_PLACEMENT_3D('',#4695,#3881,#3882);
#3150=AXIS2_PLACEMENT_3D('',#4701,#3883,#3884);
#3151=AXIS2_PLACEMENT_3D('',#4702,#3885,#3886);
#3152=AXIS2_PLACEMENT_3D('',#4705,#3888,#3889);
#3153=AXIS2_PLACEMENT_3D('',#4706,#3890,#3891);
#3154=AXIS2_PLACEMENT_3D('',#4712,#3892,#3893);
#3155=AXIS2_PLACEMENT_3D('',#4713,#3894,#3895);
#3156=AXIS2_PLACEMENT_3D('',#4714,#3896,#3897);
#3157=AXIS2_PLACEMENT_3D('',#4715,#3898,#3899);
#3158=AXIS2_PLACEMENT_3D('',#4716,#3900,#3901);
#3159=AXIS2_PLACEMENT_3D('',#4717,#3902,#3903);
#3160=AXIS2_PLACEMENT_3D('',#4718,#3904,#3905);
#3161=AXIS2_PLACEMENT_3D('',#4719,#3906,#3907);
#3162=AXIS2_PLACEMENT_3D('',#4720,#3908,#3909);
#3163=AXIS2_PLACEMENT_3D('',#4721,#3910,#3911);
#3164=AXIS2_PLACEMENT_3D('',#4722,#3912,#3913);
#3165=AXIS2_PLACEMENT_3D('',#4723,#3914,#3915);
#3166=AXIS2_PLACEMENT_3D('',#4724,#3916,#3917);
#3167=AXIS2_PLACEMENT_3D('',#4725,#3918,#3919);
#3168=AXIS2_PLACEMENT_3D('',#4726,#3920,#3921);
#3169=AXIS2_PLACEMENT_3D('',#4727,#3922,#3923);
#3170=AXIS2_PLACEMENT_3D('',#4728,#3924,#3925);
#3171=AXIS2_PLACEMENT_3D('',#4729,#3926,#3927);
#3172=AXIS2_PLACEMENT_3D('',#4732,#3929,#3930);
#3173=AXIS2_PLACEMENT_3D('',#4733,#3931,#3932);
#3174=AXIS2_PLACEMENT_3D('',#4738,#3933,#3934);
#3175=AXIS2_PLACEMENT_3D('',#4739,#3935,#3936);
#3176=AXIS2_PLACEMENT_3D('',#4740,#3937,#3938);
#3177=AXIS2_PLACEMENT_3D('',#4746,#3939,#3940);
#3178=AXIS2_PLACEMENT_3D('',#4747,#3941,#3942);
#3179=AXIS2_PLACEMENT_3D('',#4748,#3943,#3944);
#3180=AXIS2_PLACEMENT_3D('',#4751,#3946,#3947);
#3181=AXIS2_PLACEMENT_3D('',#4752,#3948,#3949);
#3182=AXIS2_PLACEMENT_3D('',#4757,#3950,#3951);
#3183=AXIS2_PLACEMENT_3D('',#4758,#3952,#3953);
#3184=AXIS2_PLACEMENT_3D('',#4759,#3954,#3955);
#3185=AXIS2_PLACEMENT_3D('',#4761,#3956,#3957);
#3186=AXIS2_PLACEMENT_3D('',#4762,#3958,#3959);
#3187=AXIS2_PLACEMENT_3D('',#4763,#3960,#3961);
#3188=AXIS2_PLACEMENT_3D('',#4769,#3962,#3963);
#3189=AXIS2_PLACEMENT_3D('',#4770,#3964,#3965);
#3190=AXIS2_PLACEMENT_3D('',#4773,#3967,#3968);
#3191=AXIS2_PLACEMENT_3D('',#4778,#3969,#3970);
#3192=AXIS2_PLACEMENT_3D('',#4779,#3971,#3972);
#3193=AXIS2_PLACEMENT_3D('',#4780,#3973,#3974);
#3194=AXIS2_PLACEMENT_3D('',#4781,#3975,#3976);
#3195=DIRECTION('',(0.,0.,1.));
#3196=DIRECTION('',(1.,0.,0.));
#3197=DIRECTION('',(0.,0.,1.));
#3198=DIRECTION('',(1.,0.,0.));
#3199=DIRECTION('',(-1.,0.,0.));
#3200=DIRECTION('',(0.,-1.,0.));
#3201=DIRECTION('',(-1.,0.,0.));
#3202=DIRECTION('',(0.,-1.,0.));
#3203=DIRECTION('',(0.,-1.,0.));
#3204=DIRECTION('',(0.,0.,-1.));
#3205=DIRECTION('',(0.,1.,0.));
#3206=DIRECTION('',(0.,0.,1.));
#3207=DIRECTION('',(0.,-1.,0.));
#3208=DIRECTION('',(0.,1.,0.));
#3209=DIRECTION('',(0.,0.,1.));
#3210=DIRECTION('',(-1.,0.,0.));
#3211=DIRECTION('',(0.,0.,1.));
#3212=DIRECTION('',(0.,0.,-1.));
#3213=DIRECTION('',(0.,-1.,0.));
#3214=DIRECTION('',(0.,0.,-1.));
#3215=DIRECTION('',(0.,-1.,0.));
#3216=DIRECTION('',(0.,0.,-1.));
#3217=DIRECTION('',(0.,1.,0.));
#3218=DIRECTION('',(0.,0.,1.));
#3219=DIRECTION('',(0.,-1.,0.));
#3220=DIRECTION('',(0.,1.,0.));
#3221=DIRECTION('',(0.,0.,1.));
#3222=DIRECTION('',(0.,0.,1.));
#3223=DIRECTION('',(1.,0.,0.));
#3224=DIRECTION('',(-1.,0.,0.));
#3225=DIRECTION('',(0.,-1.,0.));
#3226=DIRECTION('',(-1.,0.,0.));
#3227=DIRECTION('',(0.,-1.,0.));
#3228=DIRECTION('',(0.,0.,-1.));
#3229=DIRECTION('',(0.,1.,0.));
#3230=DIRECTION('',(0.,0.,1.));
#3231=DIRECTION('',(0.,-1.,0.));
#3232=DIRECTION('',(0.,1.,0.));
#3233=DIRECTION('',(0.,0.,1.));
#3234=DIRECTION('',(-1.,0.,1.44560289664734E-16));
#3235=DIRECTION('',(1.44560289664734E-16,0.,1.));
#3236=DIRECTION('',(-1.44560289664734E-16,0.,-1.));
#3237=DIRECTION('',(0.,-1.,0.));
#3238=DIRECTION('',(-1.44560289664734E-16,0.,-1.));
#3239=DIRECTION('',(0.,-1.,0.));
#3240=DIRECTION('',(0.,0.,-1.));
#3241=DIRECTION('',(0.,1.,0.));
#3242=DIRECTION('',(0.,0.,1.));
#3243=DIRECTION('',(0.,1.,0.));
#3244=DIRECTION('',(0.,0.,1.));
#3245=DIRECTION('',(0.,1.,0.));
#3246=DIRECTION('',(-1.,0.,0.));
#3247=DIRECTION('',(0.,1.,0.));
#3248=DIRECTION('',(0.,0.,1.));
#3249=DIRECTION('',(0.,1.,0.));
#3250=DIRECTION('',(0.,0.,1.));
#3251=DIRECTION('',(0.,1.,0.));
#3252=DIRECTION('',(0.,0.,1.));
#3253=DIRECTION('',(0.,1.,0.));
#3254=DIRECTION('',(0.,0.,1.));
#3255=DIRECTION('',(0.,1.,0.));
#3256=DIRECTION('',(-1.,0.,0.));
#3257=DIRECTION('',(0.,1.,0.));
#3258=DIRECTION('',(0.,0.,1.));
#3259=DIRECTION('',(0.,1.,0.));
#3260=DIRECTION('',(0.,0.,1.));
#3261=DIRECTION('',(0.,1.,0.));
#3262=DIRECTION('',(-1.,0.,0.));
#3263=DIRECTION('',(0.,1.,0.));
#3264=DIRECTION('',(0.,0.,1.));
#3265=DIRECTION('',(0.,1.,0.));
#3266=DIRECTION('',(0.,0.,1.));
#3267=DIRECTION('',(0.,1.,0.));
#3268=DIRECTION('',(-1.,0.,0.));
#3269=DIRECTION('',(0.,1.,0.));
#3270=DIRECTION('',(0.,0.,1.));
#3271=DIRECTION('',(0.,1.,0.));
#3272=DIRECTION('',(0.,0.,1.));
#3273=DIRECTION('',(0.,1.,0.));
#3274=DIRECTION('',(-1.,0.,0.));
#3275=DIRECTION('',(0.,1.,0.));
#3276=DIRECTION('',(0.,0.,1.));
#3277=DIRECTION('',(0.,1.,0.));
#3278=DIRECTION('',(0.,0.,1.));
#3279=DIRECTION('',(0.,1.,0.));
#3280=DIRECTION('',(-1.,0.,0.));
#3281=DIRECTION('',(4.96953495653403E-16,0.473783979419375,0.880641096500465));
#3282=DIRECTION('',(-1.,1.153928466672E-15,-5.65035239094444E-17));
#3283=DIRECTION('',(0.,1.,0.));
#3284=DIRECTION('',(0.,0.,1.));
#3285=DIRECTION('',(1.,0.,0.));
#3286=DIRECTION('',(0.,0.,-1.));
#3287=DIRECTION('',(1.,0.,0.));
#3288=DIRECTION('',(0.,0.,-1.));
#3289=DIRECTION('',(0.,0.,-1.));
#3290=DIRECTION('',(-1.,0.,0.));
#3291=DIRECTION('',(0.,0.,1.));
#3292=DIRECTION('',(1.,0.,0.));
#3293=DIRECTION('',(0.,0.,-1.));
#3294=DIRECTION('',(0.,0.,1.));
#3295=DIRECTION('',(1.,0.,0.));
#3296=DIRECTION('',(1.,-2.89120579329468E-16,0.));
#3297=DIRECTION('',(2.89120579329468E-16,1.,0.));
#3298=DIRECTION('',(-2.89120579329468E-16,-1.,0.));
#3299=DIRECTION('',(0.,0.,-1.));
#3300=DIRECTION('',(-2.89120579329468E-16,-1.,0.));
#3301=DIRECTION('',(0.,0.,-1.));
#3302=DIRECTION('',(-1.,0.,0.));
#3303=DIRECTION('',(0.,0.,1.));
#3304=DIRECTION('',(1.,0.,0.));
#3305=DIRECTION('',(0.,0.,-1.));
#3306=DIRECTION('',(0.,0.,1.));
#3307=DIRECTION('',(1.,0.,0.));
#3308=DIRECTION('',(0.,1.,0.));
#3309=DIRECTION('',(0.,0.,1.));
#3310=DIRECTION('',(1.,0.,0.));
#3311=DIRECTION('',(0.,0.,-1.));
#3312=DIRECTION('',(1.,0.,0.));
#3313=DIRECTION('',(0.,0.,-1.));
#3314=DIRECTION('',(-1.,0.,0.));
#3315=DIRECTION('',(0.,0.,1.));
#3316=DIRECTION('',(1.,0.,0.));
#3317=DIRECTION('',(0.,0.,-1.));
#3318=DIRECTION('',(0.,0.,1.));
#3319=DIRECTION('',(1.,0.,0.));
#3320=DIRECTION('',(1.,-2.89120579329468E-16,0.));
#3321=DIRECTION('',(2.89120579329468E-16,1.,0.));
#3322=DIRECTION('',(-2.89120579329468E-16,-1.,0.));
#3323=DIRECTION('',(0.,0.,-1.));
#3324=DIRECTION('',(-2.89120579329468E-16,-1.,0.));
#3325=DIRECTION('',(0.,0.,-1.));
#3326=DIRECTION('',(-1.,0.,0.));
#3327=DIRECTION('',(0.,0.,1.));
#3328=DIRECTION('',(1.,0.,0.));
#3329=DIRECTION('',(0.,0.,1.));
#3330=DIRECTION('',(1.,0.,0.));
#3331=DIRECTION('',(0.,0.,1.));
#3332=DIRECTION('',(1.,0.,0.));
#3333=DIRECTION('',(0.,0.,1.));
#3334=DIRECTION('',(1.,0.,0.));
#3335=DIRECTION('',(0.,0.,-1.));
#3336=DIRECTION('',(-1.,0.,0.));
#3337=DIRECTION('',(0.,0.,1.));
#3338=DIRECTION('',(1.,0.,0.));
#3339=DIRECTION('',(0.,0.,1.));
#3340=DIRECTION('',(1.,0.,0.));
#3341=DIRECTION('',(0.,0.,1.));
#3342=DIRECTION('',(1.,0.,0.));
#3343=DIRECTION('',(0.,0.,1.));
#3344=DIRECTION('',(1.,0.,0.));
#3345=DIRECTION('',(0.,0.,-1.));
#3346=DIRECTION('',(-1.,0.,0.));
#3347=DIRECTION('',(0.,0.,1.));
#3348=DIRECTION('',(1.,0.,0.));
#3349=DIRECTION('',(0.,0.,1.));
#3350=DIRECTION('',(1.,0.,0.));
#3351=DIRECTION('',(0.,0.,-1.));
#3352=DIRECTION('',(-1.,0.,0.));
#3353=DIRECTION('',(0.,0.,1.));
#3354=DIRECTION('',(1.,0.,0.));
#3355=DIRECTION('',(0.,0.,1.));
#3356=DIRECTION('',(1.,0.,0.));
#3357=DIRECTION('',(0.,0.,-1.));
#3358=DIRECTION('',(-1.,0.,0.));
#3359=DIRECTION('',(0.,0.,1.));
#3360=DIRECTION('',(1.,0.,0.));
#3361=DIRECTION('',(0.,0.,1.));
#3362=DIRECTION('',(1.,0.,0.));
#3363=DIRECTION('',(0.,0.,-1.));
#3364=DIRECTION('',(-1.,0.,0.));
#3365=DIRECTION('',(0.,0.,1.));
#3366=DIRECTION('',(1.,0.,0.));
#3367=DIRECTION('',(0.,0.,1.));
#3368=DIRECTION('',(1.,0.,0.));
#3369=DIRECTION('',(0.,0.,-1.));
#3370=DIRECTION('',(-1.,0.,0.));
#3371=DIRECTION('',(0.,0.,-1.));
#3372=DIRECTION('',(-1.,0.,0.));
#3373=DIRECTION('',(0.,0.,-1.));
#3374=DIRECTION('',(1.,0.,0.));
#3375=DIRECTION('',(0.,-0.880641096500465,0.473783979419375));
#3376=DIRECTION('',(1.,0.,0.));
#3377=DIRECTION('',(0.,-0.880641096500467,0.473783979419372));
#3378=DIRECTION('',(1.,0.,0.));
#3379=DIRECTION('',(-1.,0.,0.));
#3380=DIRECTION('',(0.,0.,1.));
#3381=DIRECTION('',(0.,0.,-1.));
#3382=DIRECTION('',(0.,-1.,0.));
#3383=DIRECTION('',(0.,0.,-1.));
#3384=DIRECTION('',(0.,-1.,0.));
#3385=DIRECTION('',(0.,-1.,0.));
#3386=DIRECTION('',(0.,0.,-1.));
#3387=DIRECTION('',(0.,1.,0.));
#3388=DIRECTION('',(0.,0.,1.));
#3389=DIRECTION('',(0.,-1.,0.));
#3390=DIRECTION('',(0.,1.,0.));
#3391=DIRECTION('',(0.,0.,1.));
#3392=DIRECTION('',(2.89120579329468E-16,0.,1.));
#3393=DIRECTION('',(1.,0.,-2.89120579329468E-16));
#3394=DIRECTION('',(-1.,0.,2.89120579329468E-16));
#3395=DIRECTION('',(0.,-1.,0.));
#3396=DIRECTION('',(-1.,0.,2.89120579329468E-16));
#3397=DIRECTION('',(0.,-1.,0.));
#3398=DIRECTION('',(0.,0.,-1.));
#3399=DIRECTION('',(0.,1.,0.));
#3400=DIRECTION('',(0.,0.,1.));
#3401=DIRECTION('',(0.,-1.,0.));
#3402=DIRECTION('',(0.,1.,0.));
#3403=DIRECTION('',(0.,0.,1.));
#3404=DIRECTION('',(-1.,0.,1.44560289664734E-16));
#3405=DIRECTION('',(1.44560289664734E-16,0.,1.));
#3406=DIRECTION('',(-1.44560289664734E-16,0.,-1.));
#3407=DIRECTION('',(0.,-1.,0.));
#3408=DIRECTION('',(-1.44560289664734E-16,0.,-1.));
#3409=DIRECTION('',(0.,-1.,0.));
#3410=DIRECTION('',(0.,0.,-1.));
#3411=DIRECTION('',(0.,1.,0.));
#3412=DIRECTION('',(0.,0.,1.));
#3413=DIRECTION('',(0.,-1.,0.));
#3414=DIRECTION('',(0.,1.,0.));
#3415=DIRECTION('',(0.,0.,1.));
#3416=DIRECTION('',(3.61400724161835E-16,0.,1.));
#3417=DIRECTION('',(1.,0.,-3.61400724161835E-16));
#3418=DIRECTION('',(-1.,0.,3.61400724161835E-16));
#3419=DIRECTION('',(0.,-1.,0.));
#3420=DIRECTION('',(-1.,0.,3.61400724161835E-16));
#3421=DIRECTION('',(0.,-1.,0.));
#3422=DIRECTION('',(0.,0.,-1.));
#3423=DIRECTION('',(0.,1.,0.));
#3424=DIRECTION('',(0.,0.,1.));
#3425=DIRECTION('',(0.,1.,0.));
#3426=DIRECTION('',(0.,0.,1.));
#3427=DIRECTION('',(0.,1.,0.));
#3428=DIRECTION('',(-1.,0.,0.));
#3429=DIRECTION('',(0.,1.,0.));
#3430=DIRECTION('',(0.,0.,1.));
#3431=DIRECTION('',(0.,1.,0.));
#3432=DIRECTION('',(0.,0.,1.));
#3433=DIRECTION('',(0.,1.,0.));
#3434=DIRECTION('',(0.,0.,1.));
#3435=DIRECTION('',(0.,1.,0.));
#3436=DIRECTION('',(0.,0.,1.));
#3437=DIRECTION('',(0.,1.,0.));
#3438=DIRECTION('',(-1.,0.,0.));
#3439=DIRECTION('',(0.,1.,0.));
#3440=DIRECTION('',(0.,0.,1.));
#3441=DIRECTION('',(0.,1.,0.));
#3442=DIRECTION('',(0.,0.,1.));
#3443=DIRECTION('',(0.,1.,0.));
#3444=DIRECTION('',(-1.,0.,0.));
#3445=DIRECTION('',(0.,1.,0.));
#3446=DIRECTION('',(0.,0.,1.));
#3447=DIRECTION('',(0.,1.,0.));
#3448=DIRECTION('',(0.,0.,1.));
#3449=DIRECTION('',(0.,1.,0.));
#3450=DIRECTION('',(-1.,0.,0.));
#3451=DIRECTION('',(0.,1.,0.));
#3452=DIRECTION('',(0.,0.,1.));
#3453=DIRECTION('',(0.,1.,0.));
#3454=DIRECTION('',(0.,0.,1.));
#3455=DIRECTION('',(0.,1.,0.));
#3456=DIRECTION('',(-1.,0.,0.));
#3457=DIRECTION('',(0.,1.,0.));
#3458=DIRECTION('',(0.,0.,1.));
#3459=DIRECTION('',(0.,1.,0.));
#3460=DIRECTION('',(0.,0.,1.));
#3461=DIRECTION('',(0.,1.,0.));
#3462=DIRECTION('',(-1.,0.,0.));
#3463=DIRECTION('',(5.17770177365126E-16,0.473783979419376,0.880641096500465));
#3464=DIRECTION('',(-1.,1.24322985374017E-15,-8.09094764666389E-17));
#3465=DIRECTION('',(-1.,0.,7.2280144832367E-17));
#3466=DIRECTION('',(7.2280144832367E-17,0.,1.));
#3467=DIRECTION('',(-7.2280144832367E-17,0.,-1.));
#3468=DIRECTION('',(0.,-1.,0.));
#3469=DIRECTION('',(-7.2280144832367E-17,0.,-1.));
#3470=DIRECTION('',(0.,-1.,0.));
#3471=DIRECTION('',(0.,-1.,0.));
#3472=DIRECTION('',(0.,0.,-1.));
#3473=DIRECTION('',(0.,1.,0.));
#3474=DIRECTION('',(0.,0.,1.));
#3475=DIRECTION('',(0.,-1.,0.));
#3476=DIRECTION('',(0.,1.,0.));
#3477=DIRECTION('',(0.,0.,1.));
#3478=DIRECTION('',(0.,0.,1.));
#3479=DIRECTION('',(1.,0.,0.));
#3480=DIRECTION('',(-1.,0.,0.));
#3481=DIRECTION('',(0.,-1.,0.));
#3482=DIRECTION('',(-1.,0.,0.));
#3483=DIRECTION('',(0.,-1.,0.));
#3484=DIRECTION('',(0.,0.,-1.));
#3485=DIRECTION('',(0.,1.,0.));
#3486=DIRECTION('',(0.,0.,1.));
#3487=DIRECTION('',(0.,-1.,0.));
#3488=DIRECTION('',(0.,1.,0.));
#3489=DIRECTION('',(0.,0.,1.));
#3490=DIRECTION('',(-1.,0.,0.));
#3491=DIRECTION('',(0.,0.,1.));
#3492=DIRECTION('',(0.,0.,-1.));
#3493=DIRECTION('',(0.,-1.,0.));
#3494=DIRECTION('',(0.,0.,-1.));
#3495=DIRECTION('',(0.,-1.,0.));
#3496=DIRECTION('',(0.,0.,-1.));
#3497=DIRECTION('',(0.,1.,0.));
#3498=DIRECTION('',(0.,0.,1.));
#3499=DIRECTION('',(0.,-1.,0.));
#3500=DIRECTION('',(0.,1.,0.));
#3501=DIRECTION('',(0.,0.,1.));
#3502=DIRECTION('',(0.,0.,1.));
#3503=DIRECTION('',(1.,0.,0.));
#3504=DIRECTION('',(-1.,0.,0.));
#3505=DIRECTION('',(0.,-1.,0.));
#3506=DIRECTION('',(-1.,0.,0.));
#3507=DIRECTION('',(0.,-1.,0.));
#3508=DIRECTION('',(0.,0.,-1.));
#3509=DIRECTION('',(0.,1.,0.));
#3510=DIRECTION('',(0.,0.,1.));
#3511=DIRECTION('',(0.,1.,0.));
#3512=DIRECTION('',(0.,0.,1.));
#3513=DIRECTION('',(0.,1.,0.));
#3514=DIRECTION('',(-1.,0.,0.));
#3515=DIRECTION('',(0.,1.,0.));
#3516=DIRECTION('',(0.,0.,1.));
#3517=DIRECTION('',(0.,1.,0.));
#3518=DIRECTION('',(0.,0.,1.));
#3519=DIRECTION('',(0.,1.,0.));
#3520=DIRECTION('',(0.,0.,1.));
#3521=DIRECTION('',(0.,1.,0.));
#3522=DIRECTION('',(0.,0.,1.));
#3523=DIRECTION('',(0.,1.,0.));
#3524=DIRECTION('',(-1.,0.,0.));
#3525=DIRECTION('',(0.,1.,0.));
#3526=DIRECTION('',(0.,0.,1.));
#3527=DIRECTION('',(0.,1.,0.));
#3528=DIRECTION('',(0.,0.,1.));
#3529=DIRECTION('',(0.,1.,0.));
#3530=DIRECTION('',(-1.,0.,0.));
#3531=DIRECTION('',(0.,1.,0.));
#3532=DIRECTION('',(0.,0.,1.));
#3533=DIRECTION('',(0.,1.,0.));
#3534=DIRECTION('',(0.,0.,1.));
#3535=DIRECTION('',(0.,1.,0.));
#3536=DIRECTION('',(-1.,0.,0.));
#3537=DIRECTION('',(0.,1.,0.));
#3538=DIRECTION('',(0.,0.,1.));
#3539=DIRECTION('',(0.,1.,0.));
#3540=DIRECTION('',(0.,0.,1.));
#3541=DIRECTION('',(0.,1.,0.));
#3542=DIRECTION('',(-1.,0.,0.));
#3543=DIRECTION('',(0.,1.,0.));
#3544=DIRECTION('',(0.,0.,1.));
#3545=DIRECTION('',(0.,1.,0.));
#3546=DIRECTION('',(0.,0.,1.));
#3547=DIRECTION('',(0.,1.,0.));
#3548=DIRECTION('',(-1.,0.,0.));
#3549=DIRECTION('',(4.96953495653403E-16,0.473783979419376,0.880641096500465));
#3550=DIRECTION('',(-1.,1.153928466672E-15,-5.65035239094448E-17));
#3551=DIRECTION('',(0.,-0.880641096500465,0.473783979419375));
#3552=DIRECTION('',(1.,0.,0.));
#3553=DIRECTION('',(-1.,0.,1.44560289664734E-16));
#3554=DIRECTION('',(1.44560289664734E-16,0.,1.));
#3555=DIRECTION('',(-1.44560289664734E-16,0.,-1.));
#3556=DIRECTION('',(0.,-1.,0.));
#3557=DIRECTION('',(-1.44560289664734E-16,0.,-1.));
#3558=DIRECTION('',(0.,-1.,0.));
#3559=DIRECTION('',(0.,-1.,0.));
#3560=DIRECTION('',(0.,0.,-1.));
#3561=DIRECTION('',(0.,1.,0.));
#3562=DIRECTION('',(0.,0.,1.));
#3563=DIRECTION('',(0.,-1.,0.));
#3564=DIRECTION('',(0.,1.,0.));
#3565=DIRECTION('',(0.,0.,1.));
#3566=DIRECTION('',(5.78241158658936E-16,0.,1.));
#3567=DIRECTION('',(1.,0.,-5.78241158658936E-16));
#3568=DIRECTION('',(-1.,0.,5.78241158658936E-16));
#3569=DIRECTION('',(0.,-1.,0.));
#3570=DIRECTION('',(-1.,0.,5.78241158658936E-16));
#3571=DIRECTION('',(0.,-1.,0.));
#3572=DIRECTION('',(0.,0.,-1.));
#3573=DIRECTION('',(0.,1.,0.));
#3574=DIRECTION('',(0.,0.,1.));
#3575=DIRECTION('',(0.,-1.,0.));
#3576=DIRECTION('',(0.,1.,0.));
#3577=DIRECTION('',(0.,0.,1.));
#3578=DIRECTION('',(-1.,0.,0.));
#3579=DIRECTION('',(0.,0.,1.));
#3580=DIRECTION('',(0.,0.,-1.));
#3581=DIRECTION('',(0.,-1.,0.));
#3582=DIRECTION('',(0.,0.,-1.));
#3583=DIRECTION('',(0.,-1.,0.));
#3584=DIRECTION('',(0.,0.,-1.));
#3585=DIRECTION('',(0.,1.,0.));
#3586=DIRECTION('',(0.,0.,1.));
#3587=DIRECTION('',(0.,-1.,0.));
#3588=DIRECTION('',(0.,1.,0.));
#3589=DIRECTION('',(0.,0.,1.));
#3590=DIRECTION('',(0.,0.,1.));
#3591=DIRECTION('',(1.,0.,0.));
#3592=DIRECTION('',(-1.,0.,0.));
#3593=DIRECTION('',(0.,-1.,0.));
#3594=DIRECTION('',(-1.,0.,0.));
#3595=DIRECTION('',(0.,-1.,0.));
#3596=DIRECTION('',(0.,0.,-1.));
#3597=DIRECTION('',(0.,1.,0.));
#3598=DIRECTION('',(0.,0.,1.));
#3599=DIRECTION('',(0.,1.,0.));
#3600=DIRECTION('',(0.,0.,1.));
#3601=DIRECTION('',(0.,1.,0.));
#3602=DIRECTION('',(-1.,0.,0.));
#3603=DIRECTION('',(0.,1.,0.));
#3604=DIRECTION('',(0.,0.,1.));
#3605=DIRECTION('',(0.,1.,0.));
#3606=DIRECTION('',(0.,0.,1.));
#3607=DIRECTION('',(0.,1.,0.));
#3608=DIRECTION('',(0.,0.,1.));
#3609=DIRECTION('',(0.,1.,0.));
#3610=DIRECTION('',(0.,0.,1.));
#3611=DIRECTION('',(0.,1.,0.));
#3612=DIRECTION('',(-1.,0.,0.));
#3613=DIRECTION('',(0.,1.,0.));
#3614=DIRECTION('',(0.,0.,1.));
#3615=DIRECTION('',(0.,1.,0.));
#3616=DIRECTION('',(0.,0.,1.));
#3617=DIRECTION('',(0.,1.,0.));
#3618=DIRECTION('',(-1.,0.,0.));
#3619=DIRECTION('',(0.,1.,0.));
#3620=DIRECTION('',(0.,0.,1.));
#3621=DIRECTION('',(0.,1.,0.));
#3622=DIRECTION('',(0.,0.,1.));
#3623=DIRECTION('',(0.,1.,0.));
#3624=DIRECTION('',(-1.,0.,0.));
#3625=DIRECTION('',(0.,1.,0.));
#3626=DIRECTION('',(0.,0.,1.));
#3627=DIRECTION('',(0.,1.,0.));
#3628=DIRECTION('',(0.,0.,1.));
#3629=DIRECTION('',(0.,1.,0.));
#3630=DIRECTION('',(-1.,0.,0.));
#3631=DIRECTION('',(0.,1.,0.));
#3632=DIRECTION('',(0.,0.,1.));
#3633=DIRECTION('',(0.,1.,0.));
#3634=DIRECTION('',(0.,0.,1.));
#3635=DIRECTION('',(0.,1.,0.));
#3636=DIRECTION('',(-1.,0.,0.));
#3637=DIRECTION('',(5.0389238955724E-16,0.473783979419376,0.880641096500465));
#3638=DIRECTION('',(-1.,-2.23420869706214E-15,1.77419005666844E-15));
#3639=DIRECTION('',(0.,1.,0.));
#3640=DIRECTION('',(0.,0.,1.));
#3641=DIRECTION('',(0.,-1.,0.));
#3642=DIRECTION('',(0.,0.,-1.));
#3643=DIRECTION('',(0.,-1.,0.));
#3644=DIRECTION('',(0.,0.,-1.));
#3645=DIRECTION('',(0.,-1.,0.));
#3646=DIRECTION('',(0.,0.,-1.));
#3647=DIRECTION('',(0.,-1.,0.));
#3648=DIRECTION('',(0.,0.,-1.));
#3649=DIRECTION('',(0.,1.,0.));
#3650=DIRECTION('',(0.,0.,1.));
#3651=DIRECTION('',(0.,-1.,0.));
#3652=DIRECTION('',(0.,0.,-1.));
#3653=DIRECTION('',(4.96953495653403E-16,0.473783979419375,0.880641096500465));
#3654=DIRECTION('',(-1.,1.153928466672E-15,-5.65035239094444E-17));
#3655=DIRECTION('',(0.,-0.880641096500465,0.473783979419375));
#3656=DIRECTION('',(1.,0.,0.));
#3657=DIRECTION('',(0.,-1.,0.));
#3658=DIRECTION('',(1.,0.,0.));
#3659=DIRECTION('',(0.,-1.,0.));
#3660=DIRECTION('',(0.,0.,-1.));
#3661=DIRECTION('',(1.,0.,0.));
#3662=DIRECTION('',(0.,-1.,0.));
#3663=DIRECTION('',(0.,0.,-1.));
#3664=DIRECTION('',(-0.422618261740699,0.,0.90630778703665));
#3665=DIRECTION('',(0.,-1.,0.));
#3666=DIRECTION('',(1.,0.,0.));
#3667=DIRECTION('',(0.422618261740702,0.,0.906307787036649));
#3668=DIRECTION('',(0.921107060629423,0.,-0.389309366517972));
#3669=DIRECTION('',(0.422618261740698,0.,0.906307787036651));
#3670=DIRECTION('',(-0.90630778703665,0.,0.422618261740699));
#3671=DIRECTION('',(-0.422618261740699,0.,-0.90630778703665));
#3672=DIRECTION('',(-0.90630778703665,0.,0.422618261740699));
#3673=DIRECTION('',(0.,-1.,0.));
#3674=DIRECTION('',(1.,0.,0.));
#3675=DIRECTION('',(0.,-1.,0.));
#3676=DIRECTION('',(0.,0.,-1.));
#3677=DIRECTION('',(1.,0.,0.));
#3678=DIRECTION('',(0.,-1.,0.));
#3679=DIRECTION('',(0.,0.,-1.));
#3680=DIRECTION('',(-0.422618261740699,0.,0.90630778703665));
#3681=DIRECTION('',(0.,-1.,0.));
#3682=DIRECTION('',(1.,0.,0.));
#3683=DIRECTION('',(0.422618261740698,0.,0.906307787036651));
#3684=DIRECTION('',(0.921107060629423,0.,-0.389309366517972));
#3685=DIRECTION('',(0.422618261740702,0.,0.906307787036649));
#3686=DIRECTION('',(-0.90630778703665,0.,0.422618261740699));
#3687=DIRECTION('',(-0.422618261740699,0.,-0.90630778703665));
#3688=DIRECTION('',(-0.90630778703665,0.,0.422618261740699));
#3689=DIRECTION('',(0.389309366517972,0.,0.921107060629423));
#3690=DIRECTION('',(0.921107060629423,0.,-0.389309366517972));
#3691=DIRECTION('',(0.,1.,0.));
#3692=DIRECTION('',(0.921107060629423,0.,-0.389309366517972));
#3693=DIRECTION('',(0.,1.,0.));
#3694=DIRECTION('',(0.921107060629423,0.,-0.389309366517972));
#3695=DIRECTION('',(-0.90630778703665,0.,0.422618261740698));
#3696=DIRECTION('',(0.422618261740698,0.,0.906307787036651));
#3697=DIRECTION('',(0.,1.,0.));
#3698=DIRECTION('',(0.422618261740698,0.,0.906307787036651));
#3699=DIRECTION('',(0.,1.,0.));
#3700=DIRECTION('',(0.422618261740698,0.,0.906307787036651));
#3701=DIRECTION('',(-0.422618261740699,0.,-0.90630778703665));
#3702=DIRECTION('',(-0.90630778703665,0.,0.422618261740699));
#3703=DIRECTION('',(0.,1.,0.));
#3704=DIRECTION('',(-0.90630778703665,0.,0.422618261740699));
#3705=DIRECTION('',(0.,1.,0.));
#3706=DIRECTION('',(-0.90630778703665,0.,0.422618261740699));
#3707=DIRECTION('',(0.90630778703665,0.,-0.422618261740699));
#3708=DIRECTION('',(-0.422618261740699,0.,-0.90630778703665));
#3709=DIRECTION('',(0.,1.,0.));
#3710=DIRECTION('',(-0.422618261740699,0.,-0.90630778703665));
#3711=DIRECTION('',(0.,1.,0.));
#3712=DIRECTION('',(-0.422618261740699,0.,-0.90630778703665));
#3713=DIRECTION('',(-0.90630778703665,0.,-0.422618261740699));
#3714=DIRECTION('',(-0.422618261740699,0.,0.90630778703665));
#3715=DIRECTION('',(0.,1.,0.));
#3716=DIRECTION('',(-0.422618261740699,0.,0.90630778703665));
#3717=DIRECTION('',(0.,1.,0.));
#3718=DIRECTION('',(-0.422618261740699,0.,0.90630778703665));
#3719=DIRECTION('',(0.,0.,1.));
#3720=DIRECTION('',(1.,0.,0.));
#3721=DIRECTION('',(0.,1.,0.));
#3722=DIRECTION('',(1.,0.,0.));
#3723=DIRECTION('',(0.,1.,0.));
#3724=DIRECTION('',(-1.,0.,0.));
#3725=DIRECTION('',(0.999906882383087,0.,-0.0136464853693105));
#3726=DIRECTION('',(-0.0136464853693105,0.,-0.999906882383087));
#3727=DIRECTION('',(0.,1.,0.));
#3728=DIRECTION('',(0.0136464853693105,0.,0.999906882383087));
#3729=DIRECTION('',(0.,1.,0.));
#3730=DIRECTION('',(-0.0136464853693105,0.,-0.999906882383087));
#3731=DIRECTION('',(0.,0.,1.));
#3732=DIRECTION('',(1.,0.,0.));
#3733=DIRECTION('',(1.,0.,0.));
#3734=DIRECTION('',(0.,1.,0.));
#3735=DIRECTION('',(1.,0.,0.));
#3736=DIRECTION('',(-0.90630778703665,0.,-0.422618261740699));
#3737=DIRECTION('',(-0.422618261740699,0.,0.90630778703665));
#3738=DIRECTION('',(0.,1.,0.));
#3739=DIRECTION('',(-0.422618261740699,0.,0.90630778703665));
#3740=DIRECTION('',(0.,1.,0.));
#3741=DIRECTION('',(-0.422618261740699,0.,0.90630778703665));
#3742=DIRECTION('',(0.90630778703665,0.,-0.422618261740699));
#3743=DIRECTION('',(-0.422618261740699,0.,-0.90630778703665));
#3744=DIRECTION('',(0.,1.,0.));
#3745=DIRECTION('',(-0.422618261740699,0.,-0.90630778703665));
#3746=DIRECTION('',(0.,1.,0.));
#3747=DIRECTION('',(-0.422618261740699,0.,-0.90630778703665));
#3748=DIRECTION('',(-0.422618261740699,0.,-0.90630778703665));
#3749=DIRECTION('',(-0.90630778703665,0.,0.422618261740699));
#3750=DIRECTION('',(0.,1.,0.));
#3751=DIRECTION('',(-0.422618261740699,0.,-0.90630778703665));
#3752=DIRECTION('',(-0.90630778703665,0.,0.422618261740699));
#3753=DIRECTION('',(-0.422618261740699,0.,-0.90630778703665));
#3754=DIRECTION('',(-0.90630778703665,0.,0.422618261740699));
#3755=DIRECTION('',(-0.422618261740699,0.,-0.90630778703665));
#3756=DIRECTION('',(-0.90630778703665,0.,0.422618261740699));
#3757=DIRECTION('',(-0.422618261740699,0.,-0.90630778703665));
#3758=DIRECTION('',(-0.90630778703665,0.,0.422618261740699));
#3759=DIRECTION('',(-0.906307787036649,0.,0.422618261740702));
#3760=DIRECTION('',(0.422618261740702,0.,0.906307787036649));
#3761=DIRECTION('',(-0.906307787036649,0.,0.422618261740702));
#3762=DIRECTION('',(-0.422618261740702,0.,-0.906307787036649));
#3763=DIRECTION('',(-0.906307787036649,0.,0.422618261740702));
#3764=DIRECTION('',(0.422618261740702,0.,0.906307787036649));
#3765=DIRECTION('',(0.,-1.,0.));
#3766=DIRECTION('',(1.,0.,0.));
#3767=DIRECTION('',(0.,-1.,0.));
#3768=DIRECTION('',(0.,0.,-1.));
#3769=DIRECTION('',(-0.422618261740699,0.,-0.90630778703665));
#3770=DIRECTION('',(0.,-1.,0.));
#3771=DIRECTION('',(0.,0.,-1.));
#3772=DIRECTION('',(-0.422618261740699,0.,0.90630778703665));
#3773=DIRECTION('',(0.,-1.,0.));
#3774=DIRECTION('',(1.,0.,0.));
#3775=DIRECTION('',(0.,-1.,0.));
#3776=DIRECTION('',(0.,0.,-1.));
#3777=DIRECTION('',(-0.422618261740699,0.,-0.90630778703665));
#3778=DIRECTION('',(0.,-1.,0.));
#3779=DIRECTION('',(0.,0.,-1.));
#3780=DIRECTION('',(-0.422618261740699,0.,0.90630778703665));
#3781=DIRECTION('',(0.,-1.,0.));
#3782=DIRECTION('',(0.,0.,-1.));
#3783=DIRECTION('',(0.,-1.,0.));
#3784=DIRECTION('',(0.,0.,-1.));
#3785=DIRECTION('',(0.,-1.,0.));
#3786=DIRECTION('',(0.,0.,-1.));
#3787=DIRECTION('',(0.,-1.,0.));
#3788=DIRECTION('',(0.,0.,-1.));
#3789=DIRECTION('',(0.,-1.,0.));
#3790=DIRECTION('',(0.,0.,-1.));
#3791=DIRECTION('',(0.,-1.,0.));
#3792=DIRECTION('',(0.,0.,-1.));
#3793=DIRECTION('',(0.,1.,0.));
#3794=DIRECTION('',(0.,0.,1.));
#3795=DIRECTION('',(0.,-1.,0.));
#3796=DIRECTION('',(0.,0.,-1.));
#3797=DIRECTION('',(0.,-1.,0.));
#3798=DIRECTION('',(0.,0.,-1.));
#3799=DIRECTION('',(0.,1.,0.));
#3800=DIRECTION('',(0.,0.,1.));
#3801=DIRECTION('',(0.,-1.,0.));
#3802=DIRECTION('',(0.,0.,-1.));
#3803=DIRECTION('',(0.,-1.,0.));
#3804=DIRECTION('',(0.,0.,-1.));
#3805=DIRECTION('',(0.,1.,0.));
#3806=DIRECTION('',(0.,0.,1.));
#3807=DIRECTION('',(0.,1.,0.));
#3808=DIRECTION('',(0.,0.,1.));
#3809=DIRECTION('',(0.,1.,0.));
#3810=DIRECTION('',(0.,0.,1.));
#3811=DIRECTION('',(0.,1.,0.));
#3812=DIRECTION('',(0.,0.,1.));
#3813=DIRECTION('',(0.,1.,0.));
#3814=DIRECTION('',(0.,0.,1.));
#3815=DIRECTION('',(0.,1.,0.));
#3816=DIRECTION('',(0.,0.,1.));
#3817=DIRECTION('',(0.,1.,0.));
#3818=DIRECTION('',(0.,0.,1.));
#3819=DIRECTION('',(0.,1.,0.));
#3820=DIRECTION('',(0.,0.,1.));
#3821=DIRECTION('',(0.,1.,0.));
#3822=DIRECTION('',(0.,0.,1.));
#3823=DIRECTION('',(0.,-1.,0.));
#3824=DIRECTION('',(0.,0.,-1.));
#3825=DIRECTION('',(0.,-1.,0.));
#3826=DIRECTION('',(0.,0.,-1.));
#3827=DIRECTION('',(0.,-1.,0.));
#3828=DIRECTION('',(0.,0.,-1.));
#3829=DIRECTION('',(-0.921107060629423,0.,0.389309366517972));
#3830=DIRECTION('',(0.389309366517972,0.,0.921107060629423));
#3831=DIRECTION('',(-0.921107060629422,-3.37672048758194E-16,0.389309366517973));
#3832=DIRECTION('',(0.389309366517973,0.,0.921107060629423));
#3833=DIRECTION('',(0.,-1.,0.));
#3834=DIRECTION('',(0.,0.,-1.));
#3835=DIRECTION('',(-0.422618261740696,-7.86096697316533E-16,-0.906307787036651));
#3836=DIRECTION('',(-0.906307787036651,0.,0.422618261740696));
#3837=DIRECTION('',(-0.422618261740698,0.,-0.906307787036651));
#3838=DIRECTION('',(-0.90630778703665,0.,0.422618261740698));
#3839=DIRECTION('',(-0.422618261740697,-1.57219339463307E-15,-0.906307787036651));
#3840=DIRECTION('',(-0.906307787036651,0.,0.422618261740697));
#3841=DIRECTION('',(0.,-1.,0.));
#3842=DIRECTION('',(0.,0.,-1.));
#3843=DIRECTION('',(0.90630778703665,0.,-0.422618261740698));
#3844=DIRECTION('',(-0.422618261740698,0.,-0.906307787036651));
#3845=DIRECTION('',(0.90630778703665,0.,-0.422618261740699));
#3846=DIRECTION('',(-0.422618261740699,0.,-0.90630778703665));
#3847=DIRECTION('',(0.906307787036651,5.49844365013575E-16,-0.422618261740698));
#3848=DIRECTION('',(-0.422618261740698,0.,-0.906307787036651));
#3849=DIRECTION('',(0.,-1.,0.));
#3850=DIRECTION('',(0.,0.,-1.));
#3851=DIRECTION('',(0.4226182617407,0.,0.90630778703665));
#3852=DIRECTION('',(0.90630778703665,0.,-0.4226182617407));
#3853=DIRECTION('',(-0.422618261740699,0.,-0.90630778703665));
#3854=DIRECTION('',(-0.90630778703665,0.,0.422618261740699));
#3855=DIRECTION('',(-0.422618261740699,0.,-0.90630778703665));
#3856=DIRECTION('',(0.422618261740698,0.,0.90630778703665));
#3857=DIRECTION('',(0.90630778703665,0.,-0.422618261740698));
#3858=DIRECTION('',(0.422618261740699,0.,0.90630778703665));
#3859=DIRECTION('',(0.90630778703665,0.,-0.422618261740699));
#3860=DIRECTION('',(0.422618261740698,0.,0.90630778703665));
#3861=DIRECTION('',(0.90630778703665,0.,-0.422618261740698));
#3862=DIRECTION('',(0.,-1.,0.));
#3863=DIRECTION('',(0.,0.,-1.));
#3864=DIRECTION('',(0.422618261740698,0.,-0.906307787036651));
#3865=DIRECTION('',(-0.906307787036651,0.,-0.422618261740698));
#3866=DIRECTION('',(0.,-1.,0.));
#3867=DIRECTION('',(0.,0.,-1.));
#3868=DIRECTION('',(0.422618261740698,-7.331258200181E-16,-0.90630778703665));
#3869=DIRECTION('',(-0.90630778703665,0.,-0.422618261740698));
#3870=DIRECTION('',(0.422618261740699,0.,-0.90630778703665));
#3871=DIRECTION('',(-0.90630778703665,0.,-0.422618261740699));
#3872=DIRECTION('',(0.422618261740699,0.,-0.90630778703665));
#3873=DIRECTION('',(0.422618261740699,-8.39067574614963E-16,-0.90630778703665));
#3874=DIRECTION('',(-0.90630778703665,0.,-0.422618261740699));
#3875=DIRECTION('',(-0.422618261740699,0.,0.90630778703665));
#3876=DIRECTION('',(0.90630778703665,0.,0.422618261740699));
#3877=DIRECTION('',(0.422618261740699,0.,-0.90630778703665));
#3878=DIRECTION('',(-0.90630778703665,0.,-0.422618261740699));
#3879=DIRECTION('',(0.,-1.,0.));
#3880=DIRECTION('',(0.,0.,-1.));
#3881=DIRECTION('',(-1.,0.,0.));
#3882=DIRECTION('',(0.,0.,1.));
#3883=DIRECTION('',(-1.,0.,0.));
#3884=DIRECTION('',(0.,0.,1.));
#3885=DIRECTION('',(-1.,0.,0.));
#3886=DIRECTION('',(0.,0.,1.));
#3887=DIRECTION('',(-1.,0.,0.));
#3888=DIRECTION('',(0.,-1.,0.));
#3889=DIRECTION('',(0.,0.,-1.));
#3890=DIRECTION('',(-0.0136464853693105,0.,-0.999906882383087));
#3891=DIRECTION('',(-0.999906882383087,0.,0.0136464853693105));
#3892=DIRECTION('',(0.0136464853693105,0.,0.999906882383087));
#3893=DIRECTION('',(0.999906882383087,0.,-0.0136464853693105));
#3894=DIRECTION('',(-0.702265446476861,0.,0.711915193463839));
#3895=DIRECTION('',(0.711915193463839,0.,0.702265446476861));
#3896=DIRECTION('',(0.,-1.,0.));
#3897=DIRECTION('',(0.,0.,-1.));
#3898=DIRECTION('',(-1.,0.,0.));
#3899=DIRECTION('',(0.,0.,1.));
#3900=DIRECTION('',(1.,0.,0.));
#3901=DIRECTION('',(0.,0.,-1.));
#3902=DIRECTION('',(0.921107060629423,0.,-0.389309366517972));
#3903=DIRECTION('',(-0.389309366517972,0.,-0.921107060629423));
#3904=DIRECTION('',(-0.921107060629422,0.,0.389309366517973));
#3905=DIRECTION('',(0.389309366517973,0.,0.921107060629423));
#3906=DIRECTION('',(0.,-1.,0.));
#3907=DIRECTION('',(0.,0.,-1.));
#3908=DIRECTION('',(-0.422618261740697,0.,-0.906307787036651));
#3909=DIRECTION('',(-0.906307787036651,0.,0.422618261740697));
#3910=DIRECTION('',(0.422618261740698,0.,0.906307787036651));
#3911=DIRECTION('',(0.90630778703665,0.,-0.422618261740698));
#3912=DIRECTION('',(-0.422618261740697,0.,-0.906307787036651));
#3913=DIRECTION('',(-0.906307787036651,0.,0.422618261740697));
#3914=DIRECTION('',(0.,-1.,0.));
#3915=DIRECTION('',(0.,0.,-1.));
#3916=DIRECTION('',(0.906307787036651,0.,-0.422618261740698));
#3917=DIRECTION('',(-0.422618261740698,0.,-0.906307787036651));
#3918=DIRECTION('',(-0.90630778703665,0.,0.422618261740699));
#3919=DIRECTION('',(0.422618261740699,0.,0.90630778703665));
#3920=DIRECTION('',(0.90630778703665,0.,-0.422618261740699));
#3921=DIRECTION('',(-0.422618261740699,0.,-0.90630778703665));
#3922=DIRECTION('',(0.,-1.,0.));
#3923=DIRECTION('',(0.,0.,-1.));
#3924=DIRECTION('',(0.4226182617407,0.,0.90630778703665));
#3925=DIRECTION('',(0.90630778703665,0.,-0.4226182617407));
#3926=DIRECTION('',(-0.422618261740699,0.,-0.90630778703665));
#3927=DIRECTION('',(-0.90630778703665,0.,0.422618261740699));
#3928=DIRECTION('',(0.422618261740699,0.,0.90630778703665));
#3929=DIRECTION('',(-0.422618261740698,0.,-0.90630778703665));
#3930=DIRECTION('',(-0.90630778703665,0.,0.422618261740698));
#3931=DIRECTION('',(0.422618261740699,0.,0.90630778703665));
#3932=DIRECTION('',(0.90630778703665,0.,-0.422618261740699));
#3933=DIRECTION('',(0.422618261740698,0.,0.90630778703665));
#3934=DIRECTION('',(0.90630778703665,0.,-0.422618261740698));
#3935=DIRECTION('',(0.,-1.,0.));
#3936=DIRECTION('',(0.,0.,-1.));
#3937=DIRECTION('',(0.422618261740698,0.,-0.906307787036651));
#3938=DIRECTION('',(-0.906307787036651,0.,-0.422618261740698));
#3939=DIRECTION('',(0.,-1.,0.));
#3940=DIRECTION('',(0.,0.,-1.));
#3941=DIRECTION('',(0.422618261740698,0.,-0.906307787036651));
#3942=DIRECTION('',(-0.906307787036651,0.,-0.422618261740698));
#3943=DIRECTION('',(-0.422618261740699,0.,0.90630778703665));
#3944=DIRECTION('',(0.90630778703665,0.,0.422618261740699));
#3945=DIRECTION('',(-0.422618261740699,0.,0.90630778703665));
#3946=DIRECTION('',(0.4226182617407,0.,-0.906307787036649));
#3947=DIRECTION('',(-0.90630778703665,0.,-0.4226182617407));
#3948=DIRECTION('',(0.422618261740699,0.,-0.90630778703665));
#3949=DIRECTION('',(-0.90630778703665,0.,-0.422618261740699));
#3950=DIRECTION('',(0.422618261740699,2.89223209601388E-16,-0.90630778703665));
#3951=DIRECTION('',(-0.90630778703665,0.,-0.422618261740699));
#3952=DIRECTION('',(0.0136464853693105,0.,0.999906882383087));
#3953=DIRECTION('',(0.999906882383087,0.,-0.0136464853693105));
#3954=DIRECTION('',(0.0136464853693105,0.,0.999906882383087));
#3955=DIRECTION('',(0.999906882383087,0.,-0.0136464853693105));
#3956=DIRECTION('',(-0.702265446476861,0.,0.711915193463839));
#3957=DIRECTION('',(0.711915193463839,0.,0.702265446476861));
#3958=DIRECTION('',(0.,-1.,0.));
#3959=DIRECTION('',(0.,0.,-1.));
#3960=DIRECTION('',(1.,0.,0.));
#3961=DIRECTION('',(0.,0.,-1.));
#3962=DIRECTION('',(-1.,0.,0.));
#3963=DIRECTION('',(0.,0.,1.));
#3964=DIRECTION('',(1.,0.,0.));
#3965=DIRECTION('',(0.,0.,-1.));
#3966=DIRECTION('',(1.,0.,0.));
#3967=DIRECTION('',(0.,-1.,0.));
#3968=DIRECTION('',(0.,0.,-1.));
#3969=DIRECTION('',(0.,-1.,0.));
#3970=DIRECTION('',(0.,0.,-1.));
#3971=DIRECTION('',(-1.,0.,0.));
#3972=DIRECTION('',(0.,0.,1.));
#3973=DIRECTION('',(-1.,0.,0.));
#3974=DIRECTION('',(0.,0.,1.));
#3975=DIRECTION('',(4.52963342903571E-16,1.60056136556137E-16,1.));
#3976=DIRECTION('',(5.34294830600857E-16,1.,-1.60056136556137E-16));
#3977=CARTESIAN_POINT('',(0.,0.,0.));
#3978=CARTESIAN_POINT('',(-0.016,0.,-0.026));
#3979=CARTESIAN_POINT('',(-0.016,-0.002,-0.026));
#3980=CARTESIAN_POINT('',(-0.01,-0.002,-0.026));
#3981=CARTESIAN_POINT('',(-0.022,-0.002,-0.026));
#3982=CARTESIAN_POINT('',(-0.022,0.,-0.026));
#3983=CARTESIAN_POINT('',(-0.022,0.,-0.026));
#3984=CARTESIAN_POINT('',(-0.016,0.,-0.026));
#3985=CARTESIAN_POINT('',(-0.01,0.,-0.026));
#3986=CARTESIAN_POINT('',(-0.01,0.,-0.026));
#3987=CARTESIAN_POINT('',(-0.022,0.,-0.022));
#3988=CARTESIAN_POINT('',(-0.022,-0.002,-0.022));
#3989=CARTESIAN_POINT('',(-0.026,-0.002,-0.022));
#3990=CARTESIAN_POINT('',(-0.026,0.,-0.022));
#3991=CARTESIAN_POINT('',(-0.026,0.,-0.022));
#3992=CARTESIAN_POINT('',(-0.022,0.,-0.022));
#3993=CARTESIAN_POINT('',(-0.026,0.,-0.016));
#3994=CARTESIAN_POINT('',(-0.026,-0.002,-0.016));
#3995=CARTESIAN_POINT('',(-0.026,-0.002,-0.01));
#3996=CARTESIAN_POINT('',(-0.026,0.,-0.01));
#3997=CARTESIAN_POINT('',(-0.026,0.,-0.01));
#3998=CARTESIAN_POINT('',(-0.026,0.,-0.016));
#3999=CARTESIAN_POINT('',(-0.022,0.,-0.01));
#4000=CARTESIAN_POINT('',(-0.022,-0.002,-0.01));
#4001=CARTESIAN_POINT('',(-0.022,-0.002,-0.006));
#4002=CARTESIAN_POINT('',(-0.022,0.,-0.006));
#4003=CARTESIAN_POINT('',(-0.022,0.,-0.006));
#4004=CARTESIAN_POINT('',(-0.022,0.,-0.01));
#4005=CARTESIAN_POINT('',(-0.016,0.,-0.006));
#4006=CARTESIAN_POINT('',(-0.016,-0.002,-0.006));
#4007=CARTESIAN_POINT('',(-0.01,-0.002,-0.006));
#4008=CARTESIAN_POINT('',(-0.01,0.,-0.006));
#4009=CARTESIAN_POINT('',(-0.01,0.,-0.006));
#4010=CARTESIAN_POINT('',(-0.016,0.,-0.006));
#4011=CARTESIAN_POINT('',(-0.01,0.,-0.01));
#4012=CARTESIAN_POINT('',(-0.01,-0.002,-0.01));
#4013=CARTESIAN_POINT('',(-0.006,-0.002,-0.01));
#4014=CARTESIAN_POINT('',(-0.006,0.,-0.01));
#4015=CARTESIAN_POINT('',(-0.006,0.,-0.01));
#4016=CARTESIAN_POINT('',(-0.01,0.,-0.01));
#4017=CARTESIAN_POINT('',(-0.006,0.,-0.016));
#4018=CARTESIAN_POINT('',(-0.006,-0.002,-0.016));
#4019=CARTESIAN_POINT('',(-0.006,-0.002,-0.022));
#4020=CARTESIAN_POINT('',(-0.006,0.,-0.022));
#4021=CARTESIAN_POINT('',(-0.006,0.,-0.022));
#4022=CARTESIAN_POINT('',(-0.006,0.,-0.016));
#4023=CARTESIAN_POINT('',(-0.01,0.,-0.022));
#4024=CARTESIAN_POINT('',(-0.01,-0.002,-0.022));
#4025=CARTESIAN_POINT('',(-0.01,0.,-0.022));
#4026=CARTESIAN_POINT('',(0.,0.,0.));
#4027=CARTESIAN_POINT('',(-0.0229,0.,-0.0091));
#4028=CARTESIAN_POINT('',(-0.0229,0.,-0.0075));
#4029=CARTESIAN_POINT('',(-0.0091,0.,-0.0229));
#4030=CARTESIAN_POINT('',(-0.0091,0.,-0.0213));
#4031=CARTESIAN_POINT('',(-0.0229,0.,-0.0229));
#4032=CARTESIAN_POINT('',(-0.0229,0.,-0.0213));
#4033=CARTESIAN_POINT('',(-0.0091,0.,-0.0091));
#4034=CARTESIAN_POINT('',(-0.0091,0.,-0.0075));
#4035=CARTESIAN_POINT('',(0.,-0.002,0.));
#4036=CARTESIAN_POINT('',(-0.0091,-0.0017,-0.0091));
#4037=CARTESIAN_POINT('',(-0.0091,-0.0017,-0.0091));
#4038=CARTESIAN_POINT('',(-0.0091,-0.0017,-0.0075));
#4039=CARTESIAN_POINT('',(-0.016,-0.0017,-0.016));
#4040=CARTESIAN_POINT('',(-0.0229,-0.0017,-0.0229));
#4041=CARTESIAN_POINT('',(-0.0229,-0.0017,-0.0229));
#4042=CARTESIAN_POINT('',(-0.0229,-0.0017,-0.0213));
#4043=CARTESIAN_POINT('',(-0.016,-0.0017,-0.016));
#4044=CARTESIAN_POINT('',(-0.0091,-0.0017,-0.0229));
#4045=CARTESIAN_POINT('',(-0.0091,-0.0017,-0.0229));
#4046=CARTESIAN_POINT('',(-0.0091,-0.0017,-0.0213));
#4047=CARTESIAN_POINT('',(-0.016,-0.0017,-0.016));
#4048=CARTESIAN_POINT('',(-0.0229,-0.0017,-0.0091));
#4049=CARTESIAN_POINT('',(-0.0229,-0.0017,-0.0091));
#4050=CARTESIAN_POINT('',(-0.0229,-0.0017,-0.0075));
#4051=CARTESIAN_POINT('',(-0.016,-0.0017,-0.016));
#4052=CARTESIAN_POINT('',(-0.0970172778546809,0.0155967769129501,0.0211609981666924));
#4053=CARTESIAN_POINT('',(3.46944695195361E-18,0.01,0.0025));
#4054=CARTESIAN_POINT('',(3.46944695195361E-18,0.01,0.));
#4055=CARTESIAN_POINT('',(-0.006,0.01,0.));
#4056=CARTESIAN_POINT('',(0.006,0.01,0.));
#4057=CARTESIAN_POINT('',(-0.006,0.01,0.0025));
#4058=CARTESIAN_POINT('',(-0.006,0.01,0.0025));
#4059=CARTESIAN_POINT('',(3.46944695195361E-18,0.01,0.0025));
#4060=CARTESIAN_POINT('',(0.006,0.01,0.0025));
#4061=CARTESIAN_POINT('',(0.006,0.01,0.0025));
#4062=CARTESIAN_POINT('',(-0.006,0.006,0.0025));
#4063=CARTESIAN_POINT('',(-0.006,0.006,0.));
#4064=CARTESIAN_POINT('',(-0.01,0.006,0.));
#4065=CARTESIAN_POINT('',(-0.01,0.006,0.0025));
#4066=CARTESIAN_POINT('',(-0.01,0.006,0.0025));
#4067=CARTESIAN_POINT('',(-0.006,0.006,0.0025));
#4068=CARTESIAN_POINT('',(-0.01,0.,0.0025));
#4069=CARTESIAN_POINT('',(-0.01,0.,0.));
#4070=CARTESIAN_POINT('',(-0.01,-0.006,0.));
#4071=CARTESIAN_POINT('',(-0.01,-0.006,0.0025));
#4072=CARTESIAN_POINT('',(-0.01,-0.006,0.0025));
#4073=CARTESIAN_POINT('',(-0.01,0.,0.0025));
#4074=CARTESIAN_POINT('',(-0.006,-0.006,0.0025));
#4075=CARTESIAN_POINT('',(-0.006,-0.006,0.));
#4076=CARTESIAN_POINT('',(-0.006,-0.01,0.));
#4077=CARTESIAN_POINT('',(-0.006,-0.01,0.0025));
#4078=CARTESIAN_POINT('',(-0.006,-0.01,0.0025));
#4079=CARTESIAN_POINT('',(-0.006,-0.006,0.0025));
#4080=CARTESIAN_POINT('',(4.33680868994202E-18,-0.01,0.0025));
#4081=CARTESIAN_POINT('',(4.33680868994202E-18,-0.01,0.));
#4082=CARTESIAN_POINT('',(0.006,-0.01,0.));
#4083=CARTESIAN_POINT('',(0.006,-0.01,0.0025));
#4084=CARTESIAN_POINT('',(0.006,-0.01,0.0025));
#4085=CARTESIAN_POINT('',(4.33680868994202E-18,-0.01,0.0025));
#4086=CARTESIAN_POINT('',(0.006,-0.006,0.0025));
#4087=CARTESIAN_POINT('',(0.006,-0.006,0.));
#4088=CARTESIAN_POINT('',(0.01,-0.006,0.));
#4089=CARTESIAN_POINT('',(0.01,-0.006,0.0025));
#4090=CARTESIAN_POINT('',(0.01,-0.006,0.0025));
#4091=CARTESIAN_POINT('',(0.006,-0.006,0.0025));
#4092=CARTESIAN_POINT('',(0.01,0.,0.0025));
#4093=CARTESIAN_POINT('',(0.01,0.,0.));
#4094=CARTESIAN_POINT('',(0.01,0.006,0.));
#4095=CARTESIAN_POINT('',(0.01,0.006,0.0025));
#4096=CARTESIAN_POINT('',(0.01,0.006,0.0025));
#4097=CARTESIAN_POINT('',(0.01,0.,0.0025));
#4098=CARTESIAN_POINT('',(0.006,0.006,0.0025));
#4099=CARTESIAN_POINT('',(0.006,0.006,0.));
#4100=CARTESIAN_POINT('',(0.006,0.006,0.0025));
#4101=CARTESIAN_POINT('',(0.,0.,0.0025));
#4102=CARTESIAN_POINT('',(0.,0.,0.));
#4103=CARTESIAN_POINT('',(0.,-4.65365783675994E-19,0.));
#4104=CARTESIAN_POINT('',(-0.0076,-4.65365783675994E-19,0.));
#4105=CARTESIAN_POINT('',(0.0069,0.0069,0.));
#4106=CARTESIAN_POINT('',(0.0085,0.0069,0.));
#4107=CARTESIAN_POINT('',(0.0069,-0.0069,0.));
#4108=CARTESIAN_POINT('',(0.0085,-0.0069,0.));
#4109=CARTESIAN_POINT('',(-0.0069,-0.0069,0.));
#4110=CARTESIAN_POINT('',(-0.0053,-0.0069,0.));
#4111=CARTESIAN_POINT('',(-0.0069,0.0069,0.));
#4112=CARTESIAN_POINT('',(-0.0053,0.0069,0.));
#4113=CARTESIAN_POINT('',(-0.0069,0.0069,0.0017));
#4114=CARTESIAN_POINT('',(-0.0069,0.0069,0.0017));
#4115=CARTESIAN_POINT('',(-0.0053,0.0069,0.0017));
#4116=CARTESIAN_POINT('',(3.46944695195361E-18,0.,0.0017));
#4117=CARTESIAN_POINT('',(-0.0069,-0.0069,0.0017));
#4118=CARTESIAN_POINT('',(-0.0069,-0.0069,0.0017));
#4119=CARTESIAN_POINT('',(-0.0053,-0.0069,0.0017));
#4120=CARTESIAN_POINT('',(3.46944695195361E-18,0.,0.0017));
#4121=CARTESIAN_POINT('',(0.0069,-0.0069,0.0017));
#4122=CARTESIAN_POINT('',(0.0069,-0.0069,0.0017));
#4123=CARTESIAN_POINT('',(0.0085,-0.0069,0.0017));
#4124=CARTESIAN_POINT('',(3.46944695195361E-18,0.,0.0017));
#4125=CARTESIAN_POINT('',(0.0069,0.0069,0.0017));
#4126=CARTESIAN_POINT('',(0.0069,0.0069,0.0017));
#4127=CARTESIAN_POINT('',(0.0085,0.0069,0.0017));
#4128=CARTESIAN_POINT('',(3.46944695195361E-18,0.,0.0017));
#4129=CARTESIAN_POINT('',(0.,-4.65365783675994E-19,0.0023));
#4130=CARTESIAN_POINT('',(0.,-4.65365783675994E-19,0.0023));
#4131=CARTESIAN_POINT('',(-0.0076,-4.65365783675994E-19,0.0023));
#4132=CARTESIAN_POINT('',(3.46944695195361E-18,0.,0.0023));
#4133=CARTESIAN_POINT('',(-0.11297902879715,0.0234976384187637,0.0349919387575147));
#4134=CARTESIAN_POINT('',(-0.081044936891459,0.0231106557910369,0.0352704086694724));
#4135=CARTESIAN_POINT('',(-0.026,0.,0.016));
#4136=CARTESIAN_POINT('',(-0.026,-0.002,0.016));
#4137=CARTESIAN_POINT('',(-0.026,-0.002,0.022));
#4138=CARTESIAN_POINT('',(-0.026,-0.002,0.01));
#4139=CARTESIAN_POINT('',(-0.026,0.,0.022));
#4140=CARTESIAN_POINT('',(-0.026,0.,0.022));
#4141=CARTESIAN_POINT('',(-0.026,0.,0.016));
#4142=CARTESIAN_POINT('',(-0.026,0.,0.01));
#4143=CARTESIAN_POINT('',(-0.026,0.,0.01));
#4144=CARTESIAN_POINT('',(-0.022,0.,0.022));
#4145=CARTESIAN_POINT('',(-0.022,-0.002,0.022));
#4146=CARTESIAN_POINT('',(-0.022,-0.002,0.026));
#4147=CARTESIAN_POINT('',(-0.022,0.,0.026));
#4148=CARTESIAN_POINT('',(-0.022,0.,0.026));
#4149=CARTESIAN_POINT('',(-0.022,0.,0.022));
#4150=CARTESIAN_POINT('',(-0.016,0.,0.026));
#4151=CARTESIAN_POINT('',(-0.016,-0.002,0.026));
#4152=CARTESIAN_POINT('',(-0.01,-0.002,0.026));
#4153=CARTESIAN_POINT('',(-0.01,0.,0.026));
#4154=CARTESIAN_POINT('',(-0.01,0.,0.026));
#4155=CARTESIAN_POINT('',(-0.016,0.,0.026));
#4156=CARTESIAN_POINT('',(-0.01,0.,0.022));
#4157=CARTESIAN_POINT('',(-0.01,-0.002,0.022));
#4158=CARTESIAN_POINT('',(-0.006,-0.002,0.022));
#4159=CARTESIAN_POINT('',(-0.006,0.,0.022));
#4160=CARTESIAN_POINT('',(-0.006,0.,0.022));
#4161=CARTESIAN_POINT('',(-0.01,0.,0.022));
#4162=CARTESIAN_POINT('',(-0.006,0.,0.016));
#4163=CARTESIAN_POINT('',(-0.006,-0.002,0.016));
#4164=CARTESIAN_POINT('',(-0.006,-0.002,0.01));
#4165=CARTESIAN_POINT('',(-0.006,0.,0.01));
#4166=CARTESIAN_POINT('',(-0.006,0.,0.01));
#4167=CARTESIAN_POINT('',(-0.006,0.,0.016));
#4168=CARTESIAN_POINT('',(-0.01,0.,0.01));
#4169=CARTESIAN_POINT('',(-0.01,-0.002,0.01));
#4170=CARTESIAN_POINT('',(-0.01,-0.002,0.006));
#4171=CARTESIAN_POINT('',(-0.01,0.,0.006));
#4172=CARTESIAN_POINT('',(-0.01,0.,0.006));
#4173=CARTESIAN_POINT('',(-0.01,0.,0.01));
#4174=CARTESIAN_POINT('',(-0.016,0.,0.006));
#4175=CARTESIAN_POINT('',(-0.016,-0.002,0.006));
#4176=CARTESIAN_POINT('',(-0.022,-0.002,0.006));
#4177=CARTESIAN_POINT('',(-0.022,0.,0.006));
#4178=CARTESIAN_POINT('',(-0.022,0.,0.006));
#4179=CARTESIAN_POINT('',(-0.016,0.,0.006));
#4180=CARTESIAN_POINT('',(-0.022,0.,0.01));
#4181=CARTESIAN_POINT('',(-0.022,-0.002,0.01));
#4182=CARTESIAN_POINT('',(-0.022,0.,0.01));
#4183=CARTESIAN_POINT('',(0.,0.,0.));
#4184=CARTESIAN_POINT('',(-0.0229,0.,0.0229));
#4185=CARTESIAN_POINT('',(-0.0229,0.,0.0245));
#4186=CARTESIAN_POINT('',(-0.0091,0.,0.0091));
#4187=CARTESIAN_POINT('',(-0.0091,0.,0.0107));
#4188=CARTESIAN_POINT('',(-0.0229,0.,0.0091));
#4189=CARTESIAN_POINT('',(-0.0229,0.,0.0107));
#4190=CARTESIAN_POINT('',(-0.0091,0.,0.0229));
#4191=CARTESIAN_POINT('',(-0.0091,0.,0.0245));
#4192=CARTESIAN_POINT('',(0.,-0.002,0.));
#4193=CARTESIAN_POINT('',(-0.0091,-0.0017,0.0229));
#4194=CARTESIAN_POINT('',(-0.0091,-0.0017,0.0229));
#4195=CARTESIAN_POINT('',(-0.0091,-0.0017,0.0245));
#4196=CARTESIAN_POINT('',(-0.016,-0.0017,0.016));
#4197=CARTESIAN_POINT('',(-0.0229,-0.0017,0.0091));
#4198=CARTESIAN_POINT('',(-0.0229,-0.0017,0.0091));
#4199=CARTESIAN_POINT('',(-0.0229,-0.0017,0.0107));
#4200=CARTESIAN_POINT('',(-0.016,-0.0017,0.016));
#4201=CARTESIAN_POINT('',(-0.0091,-0.0017,0.0091));
#4202=CARTESIAN_POINT('',(-0.0091,-0.0017,0.0091));
#4203=CARTESIAN_POINT('',(-0.0091,-0.0017,0.0107));
#4204=CARTESIAN_POINT('',(-0.016,-0.0017,0.016));
#4205=CARTESIAN_POINT('',(-0.0229,-0.0017,0.0229));
#4206=CARTESIAN_POINT('',(-0.0229,-0.0017,0.0229));
#4207=CARTESIAN_POINT('',(-0.0229,-0.0017,0.0245));
#4208=CARTESIAN_POINT('',(-0.016,-0.0017,0.016));
#4209=CARTESIAN_POINT('',(-0.0970172778546809,0.0155967769129502,0.0211609981666924));
#4210=CARTESIAN_POINT('',(0.006,0.,-0.016));
#4211=CARTESIAN_POINT('',(0.006,-0.002,-0.016));
#4212=CARTESIAN_POINT('',(0.006,-0.002,-0.01));
#4213=CARTESIAN_POINT('',(0.006,-0.002,-0.022));
#4214=CARTESIAN_POINT('',(0.006,0.,-0.01));
#4215=CARTESIAN_POINT('',(0.006,0.,-0.01));
#4216=CARTESIAN_POINT('',(0.006,0.,-0.016));
#4217=CARTESIAN_POINT('',(0.006,0.,-0.022));
#4218=CARTESIAN_POINT('',(0.006,0.,-0.022));
#4219=CARTESIAN_POINT('',(0.01,0.,-0.01));
#4220=CARTESIAN_POINT('',(0.01,-0.002,-0.01));
#4221=CARTESIAN_POINT('',(0.01,-0.002,-0.006));
#4222=CARTESIAN_POINT('',(0.01,0.,-0.006));
#4223=CARTESIAN_POINT('',(0.01,0.,-0.006));
#4224=CARTESIAN_POINT('',(0.01,0.,-0.01));
#4225=CARTESIAN_POINT('',(0.016,0.,-0.006));
#4226=CARTESIAN_POINT('',(0.016,-0.002,-0.006));
#4227=CARTESIAN_POINT('',(0.022,-0.002,-0.006));
#4228=CARTESIAN_POINT('',(0.022,0.,-0.006));
#4229=CARTESIAN_POINT('',(0.022,0.,-0.006));
#4230=CARTESIAN_POINT('',(0.016,0.,-0.006));
#4231=CARTESIAN_POINT('',(0.022,0.,-0.01));
#4232=CARTESIAN_POINT('',(0.022,-0.002,-0.01));
#4233=CARTESIAN_POINT('',(0.026,-0.002,-0.01));
#4234=CARTESIAN_POINT('',(0.026,0.,-0.01));
#4235=CARTESIAN_POINT('',(0.026,0.,-0.01));
#4236=CARTESIAN_POINT('',(0.022,0.,-0.01));
#4237=CARTESIAN_POINT('',(0.026,0.,-0.016));
#4238=CARTESIAN_POINT('',(0.026,-0.002,-0.016));
#4239=CARTESIAN_POINT('',(0.026,-0.002,-0.022));
#4240=CARTESIAN_POINT('',(0.026,0.,-0.022));
#4241=CARTESIAN_POINT('',(0.026,0.,-0.022));
#4242=CARTESIAN_POINT('',(0.026,0.,-0.016));
#4243=CARTESIAN_POINT('',(0.022,0.,-0.022));
#4244=CARTESIAN_POINT('',(0.022,-0.002,-0.022));
#4245=CARTESIAN_POINT('',(0.022,-0.002,-0.026));
#4246=CARTESIAN_POINT('',(0.022,0.,-0.026));
#4247=CARTESIAN_POINT('',(0.022,0.,-0.026));
#4248=CARTESIAN_POINT('',(0.022,0.,-0.022));
#4249=CARTESIAN_POINT('',(0.016,0.,-0.026));
#4250=CARTESIAN_POINT('',(0.016,-0.002,-0.026));
#4251=CARTESIAN_POINT('',(0.01,-0.002,-0.026));
#4252=CARTESIAN_POINT('',(0.01,0.,-0.026));
#4253=CARTESIAN_POINT('',(0.01,0.,-0.026));
#4254=CARTESIAN_POINT('',(0.016,0.,-0.026));
#4255=CARTESIAN_POINT('',(0.01,0.,-0.022));
#4256=CARTESIAN_POINT('',(0.01,-0.002,-0.022));
#4257=CARTESIAN_POINT('',(0.01,0.,-0.022));
#4258=CARTESIAN_POINT('',(0.,0.,0.));
#4259=CARTESIAN_POINT('',(0.0091,0.,-0.0091));
#4260=CARTESIAN_POINT('',(0.0091,0.,-0.0075));
#4261=CARTESIAN_POINT('',(0.0229,0.,-0.0229));
#4262=CARTESIAN_POINT('',(0.0229,0.,-0.0213));
#4263=CARTESIAN_POINT('',(0.0091,0.,-0.0229));
#4264=CARTESIAN_POINT('',(0.0091,0.,-0.0213));
#4265=CARTESIAN_POINT('',(0.0229,0.,-0.0091));
#4266=CARTESIAN_POINT('',(0.0229,0.,-0.0075));
#4267=CARTESIAN_POINT('',(0.,-0.002,0.));
#4268=CARTESIAN_POINT('',(0.0229,-0.0017,-0.0091));
#4269=CARTESIAN_POINT('',(0.0229,-0.0017,-0.0091));
#4270=CARTESIAN_POINT('',(0.0229,-0.0017,-0.0075));
#4271=CARTESIAN_POINT('',(0.016,-0.0017,-0.016));
#4272=CARTESIAN_POINT('',(0.0091,-0.0017,-0.0229));
#4273=CARTESIAN_POINT('',(0.0091,-0.0017,-0.0229));
#4274=CARTESIAN_POINT('',(0.0091,-0.0017,-0.0213));
#4275=CARTESIAN_POINT('',(0.016,-0.0017,-0.016));
#4276=CARTESIAN_POINT('',(0.0229,-0.0017,-0.0229));
#4277=CARTESIAN_POINT('',(0.0229,-0.0017,-0.0229));
#4278=CARTESIAN_POINT('',(0.0229,-0.0017,-0.0213));
#4279=CARTESIAN_POINT('',(0.016,-0.0017,-0.016));
#4280=CARTESIAN_POINT('',(0.0091,-0.0017,-0.0091));
#4281=CARTESIAN_POINT('',(0.0091,-0.0017,-0.0091));
#4282=CARTESIAN_POINT('',(0.0091,-0.0017,-0.0075));
#4283=CARTESIAN_POINT('',(0.016,-0.0017,-0.016));
#4284=CARTESIAN_POINT('',(-0.0970172778546809,0.0155967769129501,0.0211609981666924));
#4285=CARTESIAN_POINT('',(-0.112972047716007,0.00801963867944999,0.0070686440240688));
#4286=CARTESIAN_POINT('',(0.006,0.,0.016));
#4287=CARTESIAN_POINT('',(0.006,-0.002,0.016));
#4288=CARTESIAN_POINT('',(0.006,-0.002,0.022));
#4289=CARTESIAN_POINT('',(0.006,-0.002,0.01));
#4290=CARTESIAN_POINT('',(0.006,0.,0.022));
#4291=CARTESIAN_POINT('',(0.006,0.,0.022));
#4292=CARTESIAN_POINT('',(0.006,0.,0.016));
#4293=CARTESIAN_POINT('',(0.006,0.,0.01));
#4294=CARTESIAN_POINT('',(0.006,0.,0.01));
#4295=CARTESIAN_POINT('',(0.01,0.,0.022));
#4296=CARTESIAN_POINT('',(0.01,-0.002,0.022));
#4297=CARTESIAN_POINT('',(0.01,-0.002,0.026));
#4298=CARTESIAN_POINT('',(0.01,0.,0.026));
#4299=CARTESIAN_POINT('',(0.01,0.,0.026));
#4300=CARTESIAN_POINT('',(0.01,0.,0.022));
#4301=CARTESIAN_POINT('',(0.016,0.,0.026));
#4302=CARTESIAN_POINT('',(0.016,-0.002,0.026));
#4303=CARTESIAN_POINT('',(0.022,-0.002,0.026));
#4304=CARTESIAN_POINT('',(0.022,0.,0.026));
#4305=CARTESIAN_POINT('',(0.022,0.,0.026));
#4306=CARTESIAN_POINT('',(0.016,0.,0.026));
#4307=CARTESIAN_POINT('',(0.022,0.,0.022));
#4308=CARTESIAN_POINT('',(0.022,-0.002,0.022));
#4309=CARTESIAN_POINT('',(0.026,-0.002,0.022));
#4310=CARTESIAN_POINT('',(0.026,0.,0.022));
#4311=CARTESIAN_POINT('',(0.026,0.,0.022));
#4312=CARTESIAN_POINT('',(0.022,0.,0.022));
#4313=CARTESIAN_POINT('',(0.026,0.,0.016));
#4314=CARTESIAN_POINT('',(0.026,-0.002,0.016));
#4315=CARTESIAN_POINT('',(0.026,-0.002,0.01));
#4316=CARTESIAN_POINT('',(0.026,0.,0.01));
#4317=CARTESIAN_POINT('',(0.026,0.,0.01));
#4318=CARTESIAN_POINT('',(0.026,0.,0.016));
#4319=CARTESIAN_POINT('',(0.022,0.,0.01));
#4320=CARTESIAN_POINT('',(0.022,-0.002,0.01));
#4321=CARTESIAN_POINT('',(0.022,-0.002,0.006));
#4322=CARTESIAN_POINT('',(0.022,0.,0.006));
#4323=CARTESIAN_POINT('',(0.022,0.,0.006));
#4324=CARTESIAN_POINT('',(0.022,0.,0.01));
#4325=CARTESIAN_POINT('',(0.016,0.,0.006));
#4326=CARTESIAN_POINT('',(0.016,-0.002,0.006));
#4327=CARTESIAN_POINT('',(0.01,-0.002,0.006));
#4328=CARTESIAN_POINT('',(0.01,0.,0.006));
#4329=CARTESIAN_POINT('',(0.01,0.,0.006));
#4330=CARTESIAN_POINT('',(0.016,0.,0.006));
#4331=CARTESIAN_POINT('',(0.01,0.,0.01));
#4332=CARTESIAN_POINT('',(0.01,-0.002,0.01));
#4333=CARTESIAN_POINT('',(0.01,0.,0.01));
#4334=CARTESIAN_POINT('',(0.,0.,0.));
#4335=CARTESIAN_POINT('',(0.0091,0.,0.0229));
#4336=CARTESIAN_POINT('',(0.0091,0.,0.0245));
#4337=CARTESIAN_POINT('',(0.0229,0.,0.0091));
#4338=CARTESIAN_POINT('',(0.0229,0.,0.0107));
#4339=CARTESIAN_POINT('',(0.0091,0.,0.0091));
#4340=CARTESIAN_POINT('',(0.0091,0.,0.0107));
#4341=CARTESIAN_POINT('',(0.0229,0.,0.0229));
#4342=CARTESIAN_POINT('',(0.0229,0.,0.0245));
#4343=CARTESIAN_POINT('',(0.,-0.002,0.));
#4344=CARTESIAN_POINT('',(0.0229,-0.0017,0.0229));
#4345=CARTESIAN_POINT('',(0.0229,-0.0017,0.0229));
#4346=CARTESIAN_POINT('',(0.0229,-0.0017,0.0245));
#4347=CARTESIAN_POINT('',(0.016,-0.0017,0.016));
#4348=CARTESIAN_POINT('',(0.0091,-0.0017,0.0091));
#4349=CARTESIAN_POINT('',(0.0091,-0.0017,0.0091));
#4350=CARTESIAN_POINT('',(0.0091,-0.0017,0.0107));
#4351=CARTESIAN_POINT('',(0.016,-0.0017,0.016));
#4352=CARTESIAN_POINT('',(0.0229,-0.0017,0.0091));
#4353=CARTESIAN_POINT('',(0.0229,-0.0017,0.0091));
#4354=CARTESIAN_POINT('',(0.0229,-0.0017,0.0107));
#4355=CARTESIAN_POINT('',(0.016,-0.0017,0.016));
#4356=CARTESIAN_POINT('',(0.0091,-0.0017,0.0229));
#4357=CARTESIAN_POINT('',(0.0091,-0.0017,0.0229));
#4358=CARTESIAN_POINT('',(0.0091,-0.0017,0.0245));
#4359=CARTESIAN_POINT('',(0.016,-0.0017,0.016));
#4360=CARTESIAN_POINT('',(-0.0970172778546809,0.0155967769129502,0.0211609981666924));
#4361=CARTESIAN_POINT('',(0.02,-0.002,0.));
#4362=CARTESIAN_POINT('',(0.,-0.002,0.));
#4363=CARTESIAN_POINT('',(0.,-0.002,-0.04));
#4364=CARTESIAN_POINT('',(0.,0.0025,0.));
#4365=CARTESIAN_POINT('',(0.,0.0005,0.));
#4366=CARTESIAN_POINT('',(0.,0.0005,-0.04));
#4367=CARTESIAN_POINT('',(0.0379172748632819,0.0005,-0.0157058494965997));
#4368=CARTESIAN_POINT('',(0.0410413625683591,0.0005,-3.16587034365767E-17));
#4369=CARTESIAN_POINT('',(0.0379172748632818,0.0005,0.0157058494965998));
#4370=CARTESIAN_POINT('',(0.0290206257812225,0.0005,0.0290206257812224));
#4371=CARTESIAN_POINT('',(0.0157058494965998,0.0005,0.0379172748632818));
#4372=CARTESIAN_POINT('',(6.87113126812688E-18,0.0005,0.0410413625683591));
#4373=CARTESIAN_POINT('',(-0.0157058494965998,0.0005,0.0379172748632818));
#4374=CARTESIAN_POINT('',(-0.0290206257812225,0.0005,0.0290206257812225));
#4375=CARTESIAN_POINT('',(-0.0379172748632818,0.0005,0.0157058494965998));
#4376=CARTESIAN_POINT('',(-0.0410413625683591,0.0005,6.11610727476808E-18));
#4377=CARTESIAN_POINT('',(-0.0379172748632818,0.0005,-0.0157058494965998));
#4378=CARTESIAN_POINT('',(-0.0290206257812225,0.0005,-0.0290206257812224));
#4379=CARTESIAN_POINT('',(-0.0157058494965998,0.0005,-0.0379172748632818));
#4380=CARTESIAN_POINT('',(-8.18572640226556E-18,0.0005,-0.0410413625683591));
#4381=CARTESIAN_POINT('',(0.0157058494965998,0.0005,-0.0379172748632818));
#4382=CARTESIAN_POINT('',(0.0290206257812225,0.0005,-0.0290206257812224));
#4383=CARTESIAN_POINT('',(0.0379172748632819,0.0005,-0.0157058494965997));
#4384=CARTESIAN_POINT('',(0.0410413625683591,0.0005,-3.16587034365767E-17));
#4385=CARTESIAN_POINT('',(0.0379172748632818,0.0005,0.0157058494965998));
#4386=CARTESIAN_POINT('',(0.0393048890771964,0.000917632212355522,-0.0162806181233447));
#4387=CARTESIAN_POINT('',(0.042543305370515,0.000917632212355521,-3.16587034365767E-17));
#4388=CARTESIAN_POINT('',(0.0393048890771963,0.000917632212355521,0.0162806181233448));
#4389=CARTESIAN_POINT('',(0.0300826597215812,0.000917632212355521,0.0300826597215812));
#4390=CARTESIAN_POINT('',(0.0162806181233448,0.000917632212355521,0.0393048890771963));
#4391=CARTESIAN_POINT('',(5.28548559086683E-18,0.000917632212355521,0.042543305370515));
#4392=CARTESIAN_POINT('',(-0.0162806181233448,0.000917632212355521,0.0393048890771963));
#4393=CARTESIAN_POINT('',(-0.0300826597215812,0.000917632212355521,0.0300826597215812));
#4394=CARTESIAN_POINT('',(-0.0393048890771963,0.000917632212355521,0.0162806181233448));
#4395=CARTESIAN_POINT('',(-0.042543305370515,0.000917632212355521,9.41622704660964E-18));
#4396=CARTESIAN_POINT('',(-0.0393048890771963,0.000917632212355521,-0.0162806181233448));
#4397=CARTESIAN_POINT('',(-0.0300826597215812,0.000917632212355521,-0.0300826597215812));
#4398=CARTESIAN_POINT('',(-0.0162806181233448,0.000917632212355521,-0.0393048890771963));
#4399=CARTESIAN_POINT('',(-1.14925430283463E-17,0.000917632212355521,-0.042543305370515));
#4400=CARTESIAN_POINT('',(0.0162806181233448,0.000917632212355521,-0.0393048890771963));
#4401=CARTESIAN_POINT('',(0.0300826597215812,0.000917632212355521,-0.0300826597215812));
#4402=CARTESIAN_POINT('',(0.0393048890771964,0.000917632212355522,-0.0162806181233447));
#4403=CARTESIAN_POINT('',(0.042543305370515,0.000917632212355521,-3.16587034365767E-17));
#4404=CARTESIAN_POINT('',(0.0393048890771963,0.000917632212355521,0.0162806181233448));
#4405=CARTESIAN_POINT('',(0.0418449903394576,0.00122438663696231,-0.0173327625159744));
#4406=CARTESIAN_POINT('',(0.0452926911647395,0.00122438663696231,-3.59955121265187E-17));
#4407=CARTESIAN_POINT('',(0.0418449903394576,0.00122438663696231,0.0173327625159745));
#4408=CARTESIAN_POINT('',(0.0320267690607753,0.00122438663696231,0.0320267690607753));
#4409=CARTESIAN_POINT('',(0.0173327625159745,0.00122438663696231,0.0418449903394576));
#4410=CARTESIAN_POINT('',(8.90401034153721E-18,0.00122438663696231,0.0452926911647395));
#4411=CARTESIAN_POINT('',(-0.0173327625159745,0.00122438663696231,0.0418449903394576));
#4412=CARTESIAN_POINT('',(-0.0320267690607753,0.00122438663696231,0.0320267690607753));
#4413=CARTESIAN_POINT('',(-0.0418449903394576,0.00122438663696231,0.0173327625159745));
#4414=CARTESIAN_POINT('',(-0.0452926911647395,0.00122438663696231,2.64830144914977E-19));
#4415=CARTESIAN_POINT('',(-0.0418449903394577,0.00122438663696231,-0.0173327625159745));
#4416=CARTESIAN_POINT('',(-0.0320267690607753,0.00122438663696231,-0.0320267690607753));
#4417=CARTESIAN_POINT('',(-0.0173327625159745,0.00122438663696231,-0.0418449903394576));
#4418=CARTESIAN_POINT('',(5.50232602536394E-18,0.00122438663696231,-0.0452926911647395));
#4419=CARTESIAN_POINT('',(0.0173327625159745,0.00122438663696231,-0.0418449903394576));
#4420=CARTESIAN_POINT('',(0.0320267690607753,0.00122438663696231,-0.0320267690607753));
#4421=CARTESIAN_POINT('',(0.0418449903394576,0.00122438663696231,-0.0173327625159744));
#4422=CARTESIAN_POINT('',(0.0452926911647395,0.00122438663696231,-3.59955121265187E-17));
#4423=CARTESIAN_POINT('',(0.0418449903394576,0.00122438663696231,0.0173327625159745));
#4424=CARTESIAN_POINT('',(0.0448072784208909,0.00303853298983869,-0.0185597824149602));
#4425=CARTESIAN_POINT('',(0.0484990486791019,0.00303853298983869,-3.55618312575245E-17));
#4426=CARTESIAN_POINT('',(0.0448072784208908,0.00303853298983869,0.0185597824149603));
#4427=CARTESIAN_POINT('',(0.0342940062020894,0.00303853298983869,0.0342940062020894));
#4428=CARTESIAN_POINT('',(0.0185597824149603,0.00303853298983869,0.0448072784208908));
#4429=CARTESIAN_POINT('',(7.11507675693612E-18,0.00303853298983869,0.0484990486791019));
#4430=CARTESIAN_POINT('',(-0.0185597824149603,0.00303853298983869,0.0448072784208908));
#4431=CARTESIAN_POINT('',(-0.0342940062020894,0.00303853298983869,0.0342940062020895));
#4432=CARTESIAN_POINT('',(-0.0448072784208908,0.00303853298983869,0.0185597824149603));
#4433=CARTESIAN_POINT('',(-0.0484990486791019,0.00303853298983869,8.32755148137145E-18));
#4434=CARTESIAN_POINT('',(-0.0448072784208908,0.00303853298983869,-0.0185597824149603));
#4435=CARTESIAN_POINT('',(-0.0342940062020895,0.00303853298983869,-0.0342940062020894));
#4436=CARTESIAN_POINT('',(-0.0185597824149603,0.00303853298983869,-0.0448072784208908));
#4437=CARTESIAN_POINT('',(-2.99781900692242E-17,0.00303853298983869,-0.0484990486791019));
#4438=CARTESIAN_POINT('',(0.0185597824149603,0.00303853298983869,-0.0448072784208908));
#4439=CARTESIAN_POINT('',(0.0342940062020895,0.00303853298983869,-0.0342940062020894));
#4440=CARTESIAN_POINT('',(0.0448072784208909,0.00303853298983869,-0.0185597824149602));
#4441=CARTESIAN_POINT('',(0.0484990486791019,0.00303853298983869,-3.55618312575245E-17));
#4442=CARTESIAN_POINT('',(0.0448072784208908,0.00303853298983869,0.0185597824149603));
#4443=CARTESIAN_POINT('',(0.0451488093869806,0.00447065985656182,-0.018701249173085));
#4444=CARTESIAN_POINT('',(0.0488687191329558,0.00447065985656182,-3.46944695195361E-17));
#4445=CARTESIAN_POINT('',(0.0451488093869806,0.00447065985656182,0.0187012491730851));
#4446=CARTESIAN_POINT('',(0.0345554026868138,0.00447065985656182,0.0345554026868138));
#4447=CARTESIAN_POINT('',(0.0187012491730851,0.00447065985656182,0.0451488093869805));
#4448=CARTESIAN_POINT('',(4.97377746627725E-18,0.00447065985656182,0.0488687191329558));
#4449=CARTESIAN_POINT('',(-0.018701249173085,0.00447065985656182,0.0451488093869805));
#4450=CARTESIAN_POINT('',(-0.0345554026868138,0.00447065985656182,0.0345554026868138));
#4451=CARTESIAN_POINT('',(-0.0451488093869806,0.00447065985656182,0.0187012491730851));
#4452=CARTESIAN_POINT('',(-0.0488687191329558,0.00447065985656182,7.64576936817054E-18));
#4453=CARTESIAN_POINT('',(-0.0451488093869806,0.00447065985656182,-0.0187012491730851));
#4454=CARTESIAN_POINT('',(-0.0345554026868138,0.00447065985656182,-0.0345554026868138));
#4455=CARTESIAN_POINT('',(-0.0187012491730851,0.00447065985656182,-0.0451488093869806));
#4456=CARTESIAN_POINT('',(-1.90277481271206E-17,0.00447065985656182,-0.0488687191329558));
#4457=CARTESIAN_POINT('',(0.0187012491730851,0.00447065985656182,-0.0451488093869806));
#4458=CARTESIAN_POINT('',(0.0345554026868138,0.00447065985656182,-0.0345554026868138));
#4459=CARTESIAN_POINT('',(0.0451488093869806,0.00447065985656182,-0.018701249173085));
#4460=CARTESIAN_POINT('',(0.0488687191329558,0.00447065985656182,-3.46944695195361E-17));
#4461=CARTESIAN_POINT('',(0.0451488093869806,0.00447065985656182,0.0187012491730851));
#4462=CARTESIAN_POINT('',(0.,0.00447065985656182,0.));
#4463=CARTESIAN_POINT('',(0.,0.00447065985656182,-0.0476287492176307));
#4464=CARTESIAN_POINT('',(0.0408283740860237,0.00447065985656182,0.));
#4465=CARTESIAN_POINT('',(0.,0.00447065985656183,0.));
#4466=CARTESIAN_POINT('',(0.,0.00447065985656183,-0.0526287492176307));
#4467=CARTESIAN_POINT('',(-0.0970172778546809,0.0155967769129501,0.0211609981666924));
#4468=CARTESIAN_POINT('',(-0.080976547851786,0.00804671993457357,0.00703409842354071));
#4469=CARTESIAN_POINT('',(-0.0327909432686476,-0.03,0.0314550030786911));
#4470=CARTESIAN_POINT('',(-0.0235452836567623,-0.03,0.015));
#4471=CARTESIAN_POINT('',(-0.00661660198403548,-0.03,0.0165555503281739));
#4472=CARTESIAN_POINT('',(-0.0178007210102243,-0.03,-0.001));
#4473=CARTESIAN_POINT('',(-0.00470905673135246,-0.03,-0.001));
#4474=CARTESIAN_POINT('',(-0.00470905673135246,-0.03,-0.001));
#4475=CARTESIAN_POINT('',(-0.00470905673135246,-0.03,0.003));
#4476=CARTESIAN_POINT('',(-0.00108382558320586,-0.03,0.00469047304696279));
#4477=CARTESIAN_POINT('',(-0.0237989757151964,-0.03,0.05340326970543));
#4478=CARTESIAN_POINT('',(-0.0327909432686476,-0.03,0.0314550030786911));
#4479=CARTESIAN_POINT('',(-0.0633235443542438,-0.03,0.012585644297962));
#4480=CARTESIAN_POINT('',(-0.0639574717468549,-0.03,0.011226182617407));
#4481=CARTESIAN_POINT('',(-0.063535415307088,-0.03,0.0121312855733327));
#4482=CARTESIAN_POINT('',(-0.0443800304580431,-0.03,0.00403519005986033));
#4483=CARTESIAN_POINT('',(-0.0644571346202319,-0.03,0.0125208537106807));
#4484=CARTESIAN_POINT('',(-0.051549156713546,-0.03,0.0402021016613533));
#4485=CARTESIAN_POINT('',(-0.0652863977956322,-0.03,0.010742493092111));
#4486=CARTESIAN_POINT('',(-0.0465281843507338,-0.03,0.00199539450944884));
#4487=CARTESIAN_POINT('',(-0.0544107043511924,-0.03,0.00567107395122264));
#4488=CARTESIAN_POINT('',(-0.0406734632691062,-0.03,0.0351306825204649));
#4489=CARTESIAN_POINT('',(-0.0539880860894517,-0.03,0.00657738173825929));
#4490=CARTESIAN_POINT('',(-0.0594259328116716,-0.03,0.00911309130870349));
#4491=CARTESIAN_POINT('',(-0.0327909432686476,0.,0.0314550030786911));
#4492=CARTESIAN_POINT('',(-0.00470905673135246,0.,0.003));
#4493=CARTESIAN_POINT('',(-0.00108382558320586,0.,0.00469047304696279));
#4494=CARTESIAN_POINT('',(-0.00470905673135246,0.,-0.001));
#4495=CARTESIAN_POINT('',(-0.0327909432686476,0.,-0.001));
#4496=CARTESIAN_POINT('',(-0.0178007210102243,0.,-0.001));
#4497=CARTESIAN_POINT('',(-0.0235452836567623,0.,0.015));
#4498=CARTESIAN_POINT('',(-0.00661660198403548,0.,0.0165555503281739));
#4499=CARTESIAN_POINT('',(-0.0169983229841375,0.,0.0388192228596921));
#4500=CARTESIAN_POINT('',(-0.0327909432686476,0.,0.0314550030786911));
#4501=CARTESIAN_POINT('',(-0.0644571346202319,0.,0.0125208537106807));
#4502=CARTESIAN_POINT('',(-0.0652863977956322,0.,0.010742493092111));
#4503=CARTESIAN_POINT('',(-0.0644571346202319,0.,0.0125208537106807));
#4504=CARTESIAN_POINT('',(-0.0634682356946687,0.,0.0121028918572581));
#4505=CARTESIAN_POINT('',(-0.063535415307088,0.,0.0121312855733327));
#4506=CARTESIAN_POINT('',(-0.0633235443542438,0.,0.012585644297962));
#4507=CARTESIAN_POINT('',(-0.0639574717468549,0.,0.011226182617407));
#4508=CARTESIAN_POINT('',(-0.0594259328116716,0.,0.00911309130870349));
#4509=CARTESIAN_POINT('',(-0.0539880860894517,0.,0.00657738173825929));
#4510=CARTESIAN_POINT('',(-0.0544107043511924,0.,0.00567107395122263));
#4511=CARTESIAN_POINT('',(-0.0544107043511924,0.,0.00567107395122264));
#4512=CARTESIAN_POINT('',(-0.0652863977956322,0.,0.010742493092111));
#4513=CARTESIAN_POINT('',(-0.0640721959313487,-0.03,0.0145294581845389));
#4514=CARTESIAN_POINT('',(-0.0626896169616328,-0.03,0.0139451059785169));
#4515=CARTESIAN_POINT('',(-0.0626896169616328,-0.028,0.0139451059785169));
#4516=CARTESIAN_POINT('',(-0.0626896169616328,-0.002,0.0139451059785169));
#4517=CARTESIAN_POINT('',(-0.063678515887196,-0.002,0.0143630678319395));
#4518=CARTESIAN_POINT('',(-0.063678515887196,-0.002,0.0143630678319395));
#4519=CARTESIAN_POINT('',(-0.063678515887196,-0.03,0.0143630678319395));
#4520=CARTESIAN_POINT('',(-0.063678515887196,-0.028,0.0143630678319395));
#4521=CARTESIAN_POINT('',(-0.0640721959313487,-0.028,0.0145294581845389));
#4522=CARTESIAN_POINT('',(-0.0666995123971258,-0.03,0.01244446221604));
#4523=CARTESIAN_POINT('',(-0.0662697501943052,-0.03,0.0133660902341621));
#4524=CARTESIAN_POINT('',(-0.0662697501943052,-0.028,0.0133660902341621));
#4525=CARTESIAN_POINT('',(-0.0662697501943052,-0.002,0.0133660902341621));
#4526=CARTESIAN_POINT('',(-0.0670990133697055,-0.002,0.0115877296155924));
#4527=CARTESIAN_POINT('',(-0.0670990133697055,-0.002,0.0115877296155924));
#4528=CARTESIAN_POINT('',(-0.0670990133697055,-0.03,0.0115877296155924));
#4529=CARTESIAN_POINT('',(-0.0670990133697055,-0.028,0.0115877296155924));
#4530=CARTESIAN_POINT('',(-0.0666995123971258,-0.028,0.01244446221604));
#4531=CARTESIAN_POINT('',(-0.0606937875968937,-0.03,0.00639416794759353));
#4532=CARTESIAN_POINT('',(-0.0661316343191136,-0.03,0.00892987751803772));
#4533=CARTESIAN_POINT('',(-0.0661316343191136,-0.028,0.00892987751803772));
#4534=CARTESIAN_POINT('',(-0.0661316343191136,-0.002,0.00892987751803772));
#4535=CARTESIAN_POINT('',(-0.0552559408746738,-0.002,0.00385845837714934));
#4536=CARTESIAN_POINT('',(-0.0552559408746738,-0.002,0.00385845837714934));
#4537=CARTESIAN_POINT('',(-0.0552559408746738,-0.03,0.00385845837714934));
#4538=CARTESIAN_POINT('',(-0.0552559408746738,-0.028,0.00385845837714934));
#4539=CARTESIAN_POINT('',(-0.0606937875968937,-0.028,0.00639416794759353));
#4540=CARTESIAN_POINT('',(-0.0404337660819718,-0.03,0.0309123116307964));
#4541=CARTESIAN_POINT('',(-0.0525980887771191,-0.03,0.00482583742774124));
#4542=CARTESIAN_POINT('',(-0.0525980887771191,-0.028,0.00482583742774124));
#4543=CARTESIAN_POINT('',(-0.0525980887771191,-0.002,0.00482583742774124));
#4544=CARTESIAN_POINT('',(-0.0364872847337094,-0.002,0.0393755681938067));
#4545=CARTESIAN_POINT('',(-0.0364872847337094,-0.002,0.0393755681938067));
#4546=CARTESIAN_POINT('',(-0.0364872847337094,-0.03,0.0393755681938067));
#4547=CARTESIAN_POINT('',(-0.0364872847337094,-0.028,0.0393755681938067));
#4548=CARTESIAN_POINT('',(-0.0404337660819718,-0.028,0.0309123116307964));
#4549=CARTESIAN_POINT('',(-0.0137121034316715,-0.03,0.0294057007039624));
#4550=CARTESIAN_POINT('',(-0.0183611289929764,0.,0.0393755681938067));
#4551=CARTESIAN_POINT('',(-0.0183611289929764,-0.028,0.0393755681938067));
#4552=CARTESIAN_POINT('',(-0.0183611289929764,-0.002,0.0393755681938067));
#4553=CARTESIAN_POINT('',(-0.00995066685121259,-0.002,0.0213392739261105));
#4554=CARTESIAN_POINT('',(-0.00995066685121259,-0.002,0.0213392739261105));
#4555=CARTESIAN_POINT('',(-0.00995066685121259,-0.03,0.0213392739261105));
#4556=CARTESIAN_POINT('',(-0.00995066685121259,-0.028,0.0213392739261105));
#4557=CARTESIAN_POINT('',(-0.0137121034316715,-0.028,0.0294057007039624));
#4558=CARTESIAN_POINT('',(-0.035125,-0.03,0.));
#4559=CARTESIAN_POINT('',(-0.0235452836567623,0.,0.));
#4560=CARTESIAN_POINT('',(-0.0235452836567623,-0.028,0.));
#4561=CARTESIAN_POINT('',(-0.0235452836567623,-0.002,0.));
#4562=CARTESIAN_POINT('',(-0.0235452836567623,-0.002,0.));
#4563=CARTESIAN_POINT('',(-0.0682771092598545,-0.002,0.));
#4564=CARTESIAN_POINT('',(-0.0682771092598545,-0.03,0.));
#4565=CARTESIAN_POINT('',(-0.0682771092598545,-0.028,0.));
#4566=CARTESIAN_POINT('',(-0.035125,-0.028,0.));
#4567=CARTESIAN_POINT('',(-0.0702704716343238,-0.03,-0.0015));
#4568=CARTESIAN_POINT('',(-0.0702769230246207,0.,-0.00197270702926138));
#4569=CARTESIAN_POINT('',(-0.0702769230246207,-0.028,-0.00197270702926138));
#4570=CARTESIAN_POINT('',(-0.0702769230246207,-0.002,-0.00197270702926138));
#4571=CARTESIAN_POINT('',(-0.0702704716343238,-0.002,-0.0015));
#4572=CARTESIAN_POINT('',(-0.0702909432686475,-0.002,-0.003));
#4573=CARTESIAN_POINT('',(-0.0702909432686475,-0.03,-0.003));
#4574=CARTESIAN_POINT('',(-0.0702909432686475,-0.028,-0.003));
#4575=CARTESIAN_POINT('',(-0.0699475916894332,-0.028,0.022158097330003));
#4576=CARTESIAN_POINT('',(-0.0327909432686476,-0.03,-0.003));
#4577=CARTESIAN_POINT('',(-0.0327909432686476,-0.002,-0.003));
#4578=CARTESIAN_POINT('',(-0.00470905673135246,-0.002,-0.003));
#4579=CARTESIAN_POINT('',(-0.00470905673135246,-0.03,-0.003));
#4580=CARTESIAN_POINT('',(-0.00470905673135246,-0.028,-0.003));
#4581=CARTESIAN_POINT('',(-0.0702909432686475,-0.028,-0.003));
#4582=CARTESIAN_POINT('',(-0.0113575750659952,-0.03,0.0314550030786911));
#4583=CARTESIAN_POINT('',(0.000728789990867444,-0.03,0.00553570957044419));
#4584=CARTESIAN_POINT('',(0.000728789990867444,-0.028,0.00553570957044419));
#4585=CARTESIAN_POINT('',(0.000728789990867444,-0.002,0.00553570957044419));
#4586=CARTESIAN_POINT('',(-0.0113575750659952,-0.002,0.0314550030786911));
#4587=CARTESIAN_POINT('',(-0.0219863601411231,-0.002,0.0542485062289114));
#4588=CARTESIAN_POINT('',(-0.0219863601411231,-0.03,0.0542485062289114));
#4589=CARTESIAN_POINT('',(-0.0219863601411231,-0.028,0.0542485062289114));
#4590=CARTESIAN_POINT('',(0.000728789990867444,-0.028,0.0055357095704442));
#4591=CARTESIAN_POINT('',(-0.0411593003699156,-0.03,0.0364550030786911));
#4592=CARTESIAN_POINT('',(-0.0328620535855629,-0.03,0.0542485062289114));
#4593=CARTESIAN_POINT('',(-0.0328620535855629,-0.028,0.0542485062289114));
#4594=CARTESIAN_POINT('',(-0.0328620535855629,-0.002,0.0542485062289114));
#4595=CARTESIAN_POINT('',(-0.0411593003699156,-0.002,0.0364550030786911));
#4596=CARTESIAN_POINT('',(-0.0548943938764884,-0.002,0.007));
#4597=CARTESIAN_POINT('',(-0.0548943938764884,-0.03,0.007));
#4598=CARTESIAN_POINT('',(-0.0548943938764884,-0.028,0.007));
#4599=CARTESIAN_POINT('',(-0.0328620535855629,-0.028,0.0542485062289114));
#4600=CARTESIAN_POINT('',(-0.0594259328116716,-0.03,0.00911309130870349));
#4601=CARTESIAN_POINT('',(-0.0639574717468549,-0.03,0.011226182617407));
#4602=CARTESIAN_POINT('',(-0.0539880860894517,-0.028,0.00657738173825929));
#4603=CARTESIAN_POINT('',(-0.0535349321959334,-0.0299364916731037,0.00636607260738895));
#4604=CARTESIAN_POINT('',(-0.0530817783024151,-0.028,0.0061547634765186));
#4605=CARTESIAN_POINT('',(-0.0530817783024151,-0.002,0.0061547634765186));
#4606=CARTESIAN_POINT('',(-0.0535349321959334,-6.35083268962916E-5,0.00636607260738894));
#4607=CARTESIAN_POINT('',(-0.0539880860894517,-0.002,0.00657738173825929));
#4608=CARTESIAN_POINT('',(-0.0633235443542438,-0.03,0.012585644297962));
#4609=CARTESIAN_POINT('',(-0.063535415307088,-0.002,0.0121312855733327));
#4610=CARTESIAN_POINT('',(-0.063535415307088,-0.028,0.0121312855733327));
#4611=CARTESIAN_POINT('',(-0.0327909432686476,-0.03,0.0314550030786911));
#4612=CARTESIAN_POINT('',(-0.0274242068633429,-0.03,0.0517127966584672));
#4613=CARTESIAN_POINT('',(-0.0237989757151964,-0.03,0.05340326970543));
#4614=CARTESIAN_POINT('',(-0.0310494380114895,-0.03,0.05340326970543));
#4615=CARTESIAN_POINT('',(-0.0530817783024151,-0.03,0.00615476347651859));
#4616=CARTESIAN_POINT('',(-0.0353667865387624,-0.03,0.0441446859104416));
#4617=CARTESIAN_POINT('',(-0.0274242068633429,-0.03,0.0351493855763997));
#4618=CARTESIAN_POINT('',(-0.0194816271879234,-0.03,0.0441446859104416));
#4619=CARTESIAN_POINT('',(-0.0237989757151964,-0.03,0.05340326970543));
#4620=CARTESIAN_POINT('',(-0.0327909432686476,0.,0.0314550030786911));
#4621=CARTESIAN_POINT('',(-0.0274242068633429,0.,0.0351493855763997));
#4622=CARTESIAN_POINT('',(-0.0194816271879234,0.,0.0441446859104416));
#4623=CARTESIAN_POINT('',(-0.0353667865387624,0.,0.0441446859104416));
#4624=CARTESIAN_POINT('',(-0.0397671554820695,0.,0.0347080642587242));
#4625=CARTESIAN_POINT('',(-0.0310494380114895,0.,0.05340326970543));
#4626=CARTESIAN_POINT('',(-0.0274242068633429,0.,0.0517127966584672));
#4627=CARTESIAN_POINT('',(-0.0237989757151964,0.,0.05340326970543));
#4628=CARTESIAN_POINT('',(-0.0169983229841375,0.,0.0388192228596921));
#4629=CARTESIAN_POINT('',(-0.0274242068633429,-0.03,0.0351493855763997));
#4630=CARTESIAN_POINT('',(-0.0274242068633429,-0.002,0.0351493855763997));
#4631=CARTESIAN_POINT('',(-0.0274242068633429,-0.028,0.0351493855763997));
#4632=CARTESIAN_POINT('',(-0.0235452836567623,-0.03,0.015));
#4633=CARTESIAN_POINT('',(-0.0235452836567623,-0.002,0.015));
#4634=CARTESIAN_POINT('',(-0.0235452836567623,-0.028,0.015));
#4635=CARTESIAN_POINT('',(-0.00470905673135246,-0.03,0.003));
#4636=CARTESIAN_POINT('',(-0.00470905673135246,-0.002,0.003));
#4637=CARTESIAN_POINT('',(-0.00470905673135246,-0.028,0.003));
#4638=CARTESIAN_POINT('',(-0.0274242068633429,-0.03,0.0517127966584672));
#4639=CARTESIAN_POINT('',(-0.0274242068633429,-0.002,0.0517127966584672));
#4640=CARTESIAN_POINT('',(-0.0274242068633429,-0.028,0.0517127966584672));
#4641=CARTESIAN_POINT('',(-0.0544107043511924,-0.03,0.00567107395122264));
#4642=CARTESIAN_POINT('',(-0.0544107043511924,-0.002,0.00567107395122264));
#4643=CARTESIAN_POINT('',(-0.0544107043511924,-0.028,0.00567107395122264));
#4644=CARTESIAN_POINT('',(-0.0652863977956322,-0.03,0.010742493092111));
#4645=CARTESIAN_POINT('',(-0.0652863977956322,-0.002,0.010742493092111));
#4646=CARTESIAN_POINT('',(-0.0652863977956322,-0.028,0.010742493092111));
#4647=CARTESIAN_POINT('',(-0.0644571346202319,-0.03,0.0125208537106807));
#4648=CARTESIAN_POINT('',(-0.0644571346202319,-0.002,0.0125208537106807));
#4649=CARTESIAN_POINT('',(-0.0644571346202319,-0.028,0.0125208537106807));
#4650=CARTESIAN_POINT('',(-0.0682771092598545,-0.03,-0.002));
#4651=CARTESIAN_POINT('',(-0.0682771092598545,-0.002,-0.002));
#4652=CARTESIAN_POINT('',(-0.0682771092598545,-0.028,-0.002));
#4653=CARTESIAN_POINT('',(-0.0443800304580431,-0.002,0.00403519005986033));
#4654=CARTESIAN_POINT('',(-0.0644571346202319,-0.002,0.0125208537106807));
#4655=CARTESIAN_POINT('',(-0.0644571346202319,-0.002,0.0125208537106807));
#4656=CARTESIAN_POINT('',(-0.0644571346202319,-0.002,0.0125208537106807));
#4657=CARTESIAN_POINT('',(-0.051549156713546,-0.002,0.0402021016613533));
#4658=CARTESIAN_POINT('',(-0.0652863977956322,-0.002,0.010742493092111));
#4659=CARTESIAN_POINT('',(-0.0652863977956322,-0.002,0.010742493092111));
#4660=CARTESIAN_POINT('',(-0.0652863977956322,-0.002,0.010742493092111));
#4661=CARTESIAN_POINT('',(-0.0465281843507338,-0.002,0.00199539450944884));
#4662=CARTESIAN_POINT('',(-0.0544107043511924,-0.002,0.00567107395122264));
#4663=CARTESIAN_POINT('',(-0.0544107043511924,-0.002,0.00567107395122264));
#4664=CARTESIAN_POINT('',(-0.0544107043511924,-0.002,0.00567107395122264));
#4665=CARTESIAN_POINT('',(-0.0393466847958424,-0.002,0.0356097665552097));
#4666=CARTESIAN_POINT('',(-0.0402203093755878,-6.3508326896292E-5,0.0349193733895945));
#4667=CARTESIAN_POINT('',(-0.0378467464142644,-6.3508326896292E-5,0.0400094955864178));
#4668=CARTESIAN_POINT('',(-0.0310494380114895,-0.002,0.05340326970543));
#4669=CARTESIAN_POINT('',(-0.0378467464142644,-6.35083268962927E-5,0.0400094955864178));
#4670=CARTESIAN_POINT('',(-0.0371646831324008,-6.35083268962917E-5,0.0414721850145997));
#4671=CARTESIAN_POINT('',(-0.0363289555419947,-4.77571973826253E-18,0.042856733917252));
#4672=CARTESIAN_POINT('',(-0.0353667865387624,-1.68059755636903E-18,0.0441446859104416));
#4673=CARTESIAN_POINT('',(-0.0406734632691062,-0.002,0.0351306825204649));
#4674=CARTESIAN_POINT('',(-0.0382999003077827,-0.002,0.0402208047172882));
#4675=CARTESIAN_POINT('',(-0.0274242068633429,-0.002,0.0517127966584672));
#4676=CARTESIAN_POINT('',(-0.0237989757151964,-0.002,0.05340326970543));
#4677=CARTESIAN_POINT('',(-0.0274242068633429,-0.002,0.0351493855763997));
#4678=CARTESIAN_POINT('',(-0.0165485134189031,-0.002,0.0402208047172881));
#4679=CARTESIAN_POINT('',(-0.0170016673124214,-6.35083268962918E-5,0.0400094955864177));
#4680=CARTESIAN_POINT('',(-0.0170016673124214,-6.35083268962903E-5,0.0400094955864177));
#4681=CARTESIAN_POINT('',(-0.017682165088515,-6.35083268962929E-5,0.0414688277766417));
#4682=CARTESIAN_POINT('',(-0.0185195603723845,2.68081700132458E-18,0.0428568707048782));
#4683=CARTESIAN_POINT('',(-0.0194816271879234,-1.90871269720292E-18,0.0441446859104416));
#4684=CARTESIAN_POINT('',(-0.0160920151971009,-0.002,0.0392418411214328));
#4685=CARTESIAN_POINT('',(-0.0127964362415395,-6.35083268962916E-5,0.0309913484525697));
#4686=CARTESIAN_POINT('',(-0.00859120517065761,-6.35083268962907E-5,0.0219732013187215));
#4687=CARTESIAN_POINT('',(-0.00813805127713929,-0.002,0.0221845104495919));
#4688=CARTESIAN_POINT('',(-0.0131701906400685,-0.002,0.0306097665552097));
#4689=CARTESIAN_POINT('',(-0.00108382558320586,-0.002,0.00469047304696279));
#4690=CARTESIAN_POINT('',(-0.00661660198403548,1.15129316449185E-16,0.0165555503281739));
#4691=CARTESIAN_POINT('',(-0.00711877086643206,1.17392698995543E-16,0.0184117994154271));
#4692=CARTESIAN_POINT('',(-0.00777721788596963,-6.35083268962882E-5,0.0202275999535013));
#4693=CARTESIAN_POINT('',(-0.00859120517065763,-6.35083268962877E-5,0.0219732013187215));
#4694=CARTESIAN_POINT('',(-0.0235452836567623,-0.002,0.015));
#4695=CARTESIAN_POINT('',(-0.0235452836567623,-0.002,-0.002));
#4696=CARTESIAN_POINT('',(-0.0235452836567623,-6.35083268962918E-5,-0.0015));
#4697=CARTESIAN_POINT('',(-0.0235452836567623,-6.35083268962918E-5,-0.0015));
#4698=CARTESIAN_POINT('',(-0.0216187521457836,-6.35083268962918E-5,-0.0015));
#4699=CARTESIAN_POINT('',(-0.0196951775730572,-1.82027380364949E-18,-0.00132934743074454));
#4700=CARTESIAN_POINT('',(-0.0178007210102243,-1.82027380364949E-18,-0.001));
#4701=CARTESIAN_POINT('',(-0.0327909432686476,-0.002,-0.002));
#4702=CARTESIAN_POINT('',(-0.0682771092598545,-0.002,-0.002));
#4703=CARTESIAN_POINT('',(-0.0682771092598545,-6.35083268962927E-5,-0.0015));
#4704=CARTESIAN_POINT('',(-0.0327909432686476,-6.35083268962918E-5,-0.0015));
#4705=CARTESIAN_POINT('',(-0.0682771092598545,-0.002,-0.002));
#4706=CARTESIAN_POINT('',(-0.0682771092598545,-0.002,-0.002));
#4707=CARTESIAN_POINT('',(-0.0692635546299273,-0.000260245912263604,-0.001986537234069));
#4708=CARTESIAN_POINT('',(-0.0692635546299273,-0.000260245912263607,-0.001986537234069));
#4709=CARTESIAN_POINT('',(-0.069007798806015,-0.000117183947144251,-0.0017342480857016));
#4710=CARTESIAN_POINT('',(-0.0686611705295364,-6.35083268962916E-5,-0.0015));
#4711=CARTESIAN_POINT('',(-0.0682771092598545,-6.35083268962916E-5,-0.0015));
#4712=CARTESIAN_POINT('',(-0.0678140000953024,-0.002,0.031932989220195));
#4713=CARTESIAN_POINT('',(-0.0682634615036386,-0.002,-0.001));
#4714=CARTESIAN_POINT('',(-0.00470905673135246,-0.002,0.003));
#4715=CARTESIAN_POINT('',(-0.00470905673135246,-0.002,-0.001));
#4716=CARTESIAN_POINT('',(-0.0327909432686476,-0.002,-0.001));
#4717=CARTESIAN_POINT('',(-0.0648508146643846,-0.028,0.01268724406328));
#4718=CARTESIAN_POINT('',(-0.0644571346202319,-0.028,0.0125208537106807));
#4719=CARTESIAN_POINT('',(-0.0644571346202319,-0.028,0.0125208537106807));
#4720=CARTESIAN_POINT('',(-0.0644571346202319,-0.028,0.0125208537106807));
#4721=CARTESIAN_POINT('',(-0.0648868968230525,-0.028,0.0115992256925586));
#4722=CARTESIAN_POINT('',(-0.0652863977956322,-0.028,0.010742493092111));
#4723=CARTESIAN_POINT('',(-0.0652863977956322,-0.028,0.010742493092111));
#4724=CARTESIAN_POINT('',(-0.0652863977956322,-0.028,0.010742493092111));
#4725=CARTESIAN_POINT('',(-0.0598485510734123,-0.028,0.00820678352166683));
#4726=CARTESIAN_POINT('',(-0.0544107043511924,-0.028,0.00567107395122264));
#4727=CARTESIAN_POINT('',(-0.0544107043511924,-0.028,0.00567107395122264));
#4728=CARTESIAN_POINT('',(-0.0544107043511924,-0.028,0.00567107395122264));
#4729=CARTESIAN_POINT('',(-0.0422463816560451,-0.028,0.0317575481542777));
#4730=CARTESIAN_POINT('',(-0.0417932277625267,-0.0299364916731037,0.0315462390234074));
#4731=CARTESIAN_POINT('',(-0.0378467464142644,-0.0299364916731037,0.0400094955864178));
#4732=CARTESIAN_POINT('',(-0.0382999003077827,-0.028,0.0402208047172882));
#4733=CARTESIAN_POINT('',(-0.0397671554820695,-0.028,0.0347080642587242));
#4734=CARTESIAN_POINT('',(-0.0378467464142644,-0.0299364916731037,0.0400094955864178));
#4735=CARTESIAN_POINT('',(-0.0371646831324009,-0.0299364916731037,0.0414721850145998));
#4736=CARTESIAN_POINT('',(-0.0363289555419947,-0.03,0.042856733917252));
#4737=CARTESIAN_POINT('',(-0.0353667865387624,-0.03,0.0441446859104416));
#4738=CARTESIAN_POINT('',(-0.0310494380114895,-0.028,0.05340326970543));
#4739=CARTESIAN_POINT('',(-0.0274242068633429,-0.028,0.0351493855763997));
#4740=CARTESIAN_POINT('',(-0.0165485134189031,-0.028,0.0402208047172881));
#4741=CARTESIAN_POINT('',(-0.0170016673124215,-0.0299364916731037,0.0400094955864178));
#4742=CARTESIAN_POINT('',(-0.0194816271879234,-0.03,0.0441446859104416));
#4743=CARTESIAN_POINT('',(-0.0185194003158648,-0.03,0.042856656453487));
#4744=CARTESIAN_POINT('',(-0.0176832949437231,-0.0299364916731037,0.0414712507589546));
#4745=CARTESIAN_POINT('',(-0.0170016673124215,-0.0299364916731037,0.0400094955864178));
#4746=CARTESIAN_POINT('',(-0.0274242068633429,-0.028,0.0517127966584672));
#4747=CARTESIAN_POINT('',(-0.0237989757151964,-0.028,0.05340326970543));
#4748=CARTESIAN_POINT('',(-0.0118994878575982,-0.028,0.0302509372274437));
#4749=CARTESIAN_POINT('',(-0.0127964362415395,-0.0299364916731037,0.0309913484525697));
#4750=CARTESIAN_POINT('',(-0.00859120517065762,-0.0299364916731037,0.0219732013187215));
#4751=CARTESIAN_POINT('',(-0.00813805127713929,-0.028,0.0221845104495919));
#4752=CARTESIAN_POINT('',(-0.0169983229841375,-0.028,0.0388192228596921));
#4753=CARTESIAN_POINT('',(-0.00859120517065763,-0.0299364916731037,0.0219732013187215));
#4754=CARTESIAN_POINT('',(-0.00777733909652288,-0.0299364916731037,0.0202278598903716));
#4755=CARTESIAN_POINT('',(-0.00711875274078076,-0.03,0.0184117324164018));
#4756=CARTESIAN_POINT('',(-0.00661660198403548,-0.03,0.0165555503281739));
#4757=CARTESIAN_POINT('',(-0.00108382558320585,-0.028,0.00469047304696279));
#4758=CARTESIAN_POINT('',(-0.0678140000953024,-0.028,0.031932989220195));
#4759=CARTESIAN_POINT('',(-0.0682771092598545,-0.028,-0.002));
#4760=CARTESIAN_POINT('',(-0.0692635546299273,-0.0297397540877364,-0.00198653723406901));
#4761=CARTESIAN_POINT('',(-0.0682634615036386,-0.028,-0.001));
#4762=CARTESIAN_POINT('',(-0.0682771092598545,-0.028,-0.002));
#4763=CARTESIAN_POINT('',(-0.0682771092598545,-0.028,-0.002));
#4764=CARTESIAN_POINT('',(-0.0682771092598545,-0.0299364916731037,-0.0015));
#4765=CARTESIAN_POINT('',(-0.0692635546299273,-0.0297397540877364,-0.00198653723406901));
#4766=CARTESIAN_POINT('',(-0.069007798806015,-0.0298828160528558,-0.0017342480857016));
#4767=CARTESIAN_POINT('',(-0.0686611705295364,-0.0299364916731037,-0.0015));
#4768=CARTESIAN_POINT('',(-0.0682771092598545,-0.0299364916731037,-0.0015));
#4769=CARTESIAN_POINT('',(-0.0327909432686476,-0.028,-0.002));
#4770=CARTESIAN_POINT('',(-0.0235452836567623,-0.028,-0.002));
#4771=CARTESIAN_POINT('',(-0.0235452836567623,-0.0299364916731037,-0.0015));
#4772=CARTESIAN_POINT('',(-0.0327909432686476,-0.0299364916731037,-0.0015));
#4773=CARTESIAN_POINT('',(-0.0235452836567623,-0.028,0.015));
#4774=CARTESIAN_POINT('',(-0.0235452836567623,-0.0299364916731037,-0.0015));
#4775=CARTESIAN_POINT('',(-0.0216187521457836,-0.0299364916731037,-0.0015));
#4776=CARTESIAN_POINT('',(-0.0196951775730568,-0.03,-0.00132934743074677));
#4777=CARTESIAN_POINT('',(-0.0178007210102243,-0.03,-0.001));
#4778=CARTESIAN_POINT('',(-0.00470905673135246,-0.028,0.003));
#4779=CARTESIAN_POINT('',(-0.00470905673135246,-0.028,-0.001));
#4780=CARTESIAN_POINT('',(-0.0327909432686476,-0.028,-0.001));
#4781=CARTESIAN_POINT('',(-0.112026088283195,0.0513735218024482,-0.032241426655745));
#4782=MECHANICAL_DESIGN_GEOMETRIC_PRESENTATION_REPRESENTATION('',(#2431,
#2432,#2433,#2434,#2435,#2436,#2437,#40,#41,#42,#43,#44,#45,#46,#47,#48,
#49,#50,#51,#52,#53,#54,#55,#56,#57,#58,#59,#60,#61,#62,#63,#64,#65,#66,
#67,#68,#69,#70,#71,#72,#73,#74,#75,#76,#77,#78,#79,#80,#81,#82,#83,#84,
#85,#86,#87,#88,#89,#90,#91,#92,#93,#94,#95,#96,#97,#98,#99,#100,#101),
#4783);
#4783=(
GEOMETRIC_REPRESENTATION_CONTEXT(3)
GLOBAL_UNCERTAINTY_ASSIGNED_CONTEXT((#4791))
GLOBAL_UNIT_ASSIGNED_CONTEXT((#4801,#4800,#4799))
REPRESENTATION_CONTEXT('Assembly 1','TOP_LEVEL_ASSEMBLY_PART')
);
#4784=(
GEOMETRIC_REPRESENTATION_CONTEXT(3)
GLOBAL_UNCERTAINTY_ASSIGNED_CONTEXT((#4792))
GLOBAL_UNIT_ASSIGNED_CONTEXT((#4801,#4800,#4799))
REPRESENTATION_CONTEXT('Part 3','COMPONENT_PART')
);
#4785=(
GEOMETRIC_REPRESENTATION_CONTEXT(3)
GLOBAL_UNCERTAINTY_ASSIGNED_CONTEXT((#4793))
GLOBAL_UNIT_ASSIGNED_CONTEXT((#4801,#4800,#4799))
REPRESENTATION_CONTEXT('Part 1','COMPONENT_PART')
);
#4786=(
GEOMETRIC_REPRESENTATION_CONTEXT(3)
GLOBAL_UNCERTAINTY_ASSIGNED_CONTEXT((#4794))
GLOBAL_UNIT_ASSIGNED_CONTEXT((#4801,#4800,#4799))
REPRESENTATION_CONTEXT('Part 2','COMPONENT_PART')
);
#4787=(
GEOMETRIC_REPRESENTATION_CONTEXT(3)
GLOBAL_UNCERTAINTY_ASSIGNED_CONTEXT((#4795))
GLOBAL_UNIT_ASSIGNED_CONTEXT((#4801,#4800,#4799))
REPRESENTATION_CONTEXT('Part 4','COMPONENT_PART')
);
#4788=(
GEOMETRIC_REPRESENTATION_CONTEXT(3)
GLOBAL_UNCERTAINTY_ASSIGNED_CONTEXT((#4796))
GLOBAL_UNIT_ASSIGNED_CONTEXT((#4801,#4800,#4799))
REPRESENTATION_CONTEXT('Part 1','COMPONENT_PART')
);
#4789=(
GEOMETRIC_REPRESENTATION_CONTEXT(3)
GLOBAL_UNCERTAINTY_ASSIGNED_CONTEXT((#4797))
GLOBAL_UNIT_ASSIGNED_CONTEXT((#4801,#4800,#4799))
REPRESENTATION_CONTEXT('Surface 1','COMPONENT_PART')
);
#4790=(
GEOMETRIC_REPRESENTATION_CONTEXT(3)
GLOBAL_UNCERTAINTY_ASSIGNED_CONTEXT((#4798))
GLOBAL_UNIT_ASSIGNED_CONTEXT((#4801,#4800,#4799))
REPRESENTATION_CONTEXT('Part 1','COMPONENT_PART')
);
#4791=UNCERTAINTY_MEASURE_WITH_UNIT(LENGTH_MEASURE(1.E-8),#4801,
'DISTANCE_ACCURACY_VALUE','Maximum Tolerance applied to model');
#4792=UNCERTAINTY_MEASURE_WITH_UNIT(LENGTH_MEASURE(1.E-8),#4801,
'DISTANCE_ACCURACY_VALUE','Maximum Tolerance applied to model');
#4793=UNCERTAINTY_MEASURE_WITH_UNIT(LENGTH_MEASURE(1.E-8),#4801,
'DISTANCE_ACCURACY_VALUE','Maximum Tolerance applied to model');
#4794=UNCERTAINTY_MEASURE_WITH_UNIT(LENGTH_MEASURE(1.E-8),#4801,
'DISTANCE_ACCURACY_VALUE','Maximum Tolerance applied to model');
#4795=UNCERTAINTY_MEASURE_WITH_UNIT(LENGTH_MEASURE(1.E-8),#4801,
'DISTANCE_ACCURACY_VALUE','Maximum Tolerance applied to model');
#4796=UNCERTAINTY_MEASURE_WITH_UNIT(LENGTH_MEASURE(1.E-8),#4801,
'DISTANCE_ACCURACY_VALUE','Maximum Tolerance applied to model');
#4797=UNCERTAINTY_MEASURE_WITH_UNIT(LENGTH_MEASURE(2.E-5),#4801,
'DISTANCE_ACCURACY_VALUE','Maximum Tolerance applied to model');
#4798=UNCERTAINTY_MEASURE_WITH_UNIT(LENGTH_MEASURE(2.E-5),#4801,
'DISTANCE_ACCURACY_VALUE','Maximum Tolerance applied to model');
#4799=(
NAMED_UNIT(*)
SI_UNIT($,.STERADIAN.)
SOLID_ANGLE_UNIT()
);
#4800=(
NAMED_UNIT(*)
PLANE_ANGLE_UNIT()
SI_UNIT($,.RADIAN.)
);
#4801=(
LENGTH_UNIT()
NAMED_UNIT(*)
SI_UNIT($,.METRE.)
);
#4802=PRODUCT_DEFINITION_SHAPE('','',#4820);
#4803=PRODUCT_DEFINITION_SHAPE('','',#4821);
#4804=PRODUCT_DEFINITION_SHAPE(' ','NAUO PRDDFN',#116);
#4805=PRODUCT_DEFINITION_SHAPE('','',#4822);
#4806=PRODUCT_DEFINITION_SHAPE(' ','NAUO PRDDFN',#117);
#4807=PRODUCT_DEFINITION_SHAPE(' ','NAUO PRDDFN',#118);
#4808=PRODUCT_DEFINITION_SHAPE('','',#4823);
#4809=PRODUCT_DEFINITION_SHAPE(' ','NAUO PRDDFN',#119);
#4810=PRODUCT_DEFINITION_SHAPE('','',#4824);
#4811=PRODUCT_DEFINITION_SHAPE(' ','NAUO PRDDFN',#120);
#4812=PRODUCT_DEFINITION_SHAPE(' ','NAUO PRDDFN',#121);
#4813=PRODUCT_DEFINITION_SHAPE('','',#4825);
#4814=PRODUCT_DEFINITION_SHAPE(' ','NAUO PRDDFN',#122);
#4815=PRODUCT_DEFINITION_SHAPE('','',#4826);
#4816=PRODUCT_DEFINITION_SHAPE(' ','NAUO PRDDFN',#123);
#4817=PRODUCT_DEFINITION_SHAPE(' ','NAUO PRDDFN',#124);
#4818=PRODUCT_DEFINITION_SHAPE('','',#4827);
#4819=PRODUCT_DEFINITION_SHAPE(' ','NAUO PRDDFN',#125);
#4820=PRODUCT_DEFINITION('','',#4836,#4828);
#4821=PRODUCT_DEFINITION('','',#4837,#4829);
#4822=PRODUCT_DEFINITION('','',#4838,#4830);
#4823=PRODUCT_DEFINITION('','',#4839,#4831);
#4824=PRODUCT_DEFINITION('','',#4840,#4832);
#4825=PRODUCT_DEFINITION('','',#4841,#4833);
#4826=PRODUCT_DEFINITION('','',#4842,#4834);
#4827=PRODUCT_DEFINITION('','',#4843,#4835);
#4828=PRODUCT_DEFINITION_CONTEXT('',#4877,'design');
#4829=PRODUCT_DEFINITION_CONTEXT('',#4877,'design');
#4830=PRODUCT_DEFINITION_CONTEXT('',#4877,'design');
#4831=PRODUCT_DEFINITION_CONTEXT('',#4877,'design');
#4832=PRODUCT_DEFINITION_CONTEXT('',#4877,'design');
#4833=PRODUCT_DEFINITION_CONTEXT('',#4877,'design');
#4834=PRODUCT_DEFINITION_CONTEXT('',#4877,'design');
#4835=PRODUCT_DEFINITION_CONTEXT('',#4877,'design');
#4836=PRODUCT_DEFINITION_FORMATION_WITH_SPECIFIED_SOURCE('','',#4852,
 .NOT_KNOWN.);
#4837=PRODUCT_DEFINITION_FORMATION_WITH_SPECIFIED_SOURCE('','',#4853,
 .NOT_KNOWN.);
#4838=PRODUCT_DEFINITION_FORMATION_WITH_SPECIFIED_SOURCE('','',#4854,
 .NOT_KNOWN.);
#4839=PRODUCT_DEFINITION_FORMATION_WITH_SPECIFIED_SOURCE('','',#4855,
 .NOT_KNOWN.);
#4840=PRODUCT_DEFINITION_FORMATION_WITH_SPECIFIED_SOURCE('','',#4856,
 .NOT_KNOWN.);
#4841=PRODUCT_DEFINITION_FORMATION_WITH_SPECIFIED_SOURCE('','',#4857,
 .NOT_KNOWN.);
#4842=PRODUCT_DEFINITION_FORMATION_WITH_SPECIFIED_SOURCE('','',#4858,
 .NOT_KNOWN.);
#4843=PRODUCT_DEFINITION_FORMATION_WITH_SPECIFIED_SOURCE('','',#4859,
 .NOT_KNOWN.);
#4844=PRODUCT_RELATED_PRODUCT_CATEGORY('','',(#4852));
#4845=PRODUCT_RELATED_PRODUCT_CATEGORY('','',(#4853));
#4846=PRODUCT_RELATED_PRODUCT_CATEGORY('','',(#4854));
#4847=PRODUCT_RELATED_PRODUCT_CATEGORY('','',(#4855));
#4848=PRODUCT_RELATED_PRODUCT_CATEGORY('','',(#4856));
#4849=PRODUCT_RELATED_PRODUCT_CATEGORY('','',(#4857));
#4850=PRODUCT_RELATED_PRODUCT_CATEGORY('','',(#4858));
#4851=PRODUCT_RELATED_PRODUCT_CATEGORY('','',(#4859));
#4852=PRODUCT('Assembly 1','Assembly 1','Assembly 1',(#4868));
#4853=PRODUCT('Part 3','Part 3','Part 3',(#4869));
#4854=PRODUCT('Part 1','Part 1','Part 1',(#4870));
#4855=PRODUCT('Part 2','Part 2','Part 2',(#4871));
#4856=PRODUCT('Part 4','Part 4','Part 4',(#4872));
#4857=PRODUCT('Part 1','Part 1','Part 1',(#4873));
#4858=PRODUCT('Surface 1','Surface 1','Surface 1',(#4874));
#4859=PRODUCT('Part 1','Part 1','Part 1',(#4875));
#4860=PRODUCT_CATEGORY('','');
#4861=PRODUCT_CATEGORY('','');
#4862=PRODUCT_CATEGORY('','');
#4863=PRODUCT_CATEGORY('','');
#4864=PRODUCT_CATEGORY('','');
#4865=PRODUCT_CATEGORY('','');
#4866=PRODUCT_CATEGORY('','');
#4867=PRODUCT_CATEGORY('','');
#4868=PRODUCT_CONTEXT('',#4877,'mechanical');
#4869=PRODUCT_CONTEXT('',#4877,'mechanical');
#4870=PRODUCT_CONTEXT('',#4877,'mechanical');
#4871=PRODUCT_CONTEXT('',#4877,'mechanical');
#4872=PRODUCT_CONTEXT('',#4877,'mechanical');
#4873=PRODUCT_CONTEXT('',#4877,'mechanical');
#4874=PRODUCT_CONTEXT('',#4877,'mechanical');
#4875=PRODUCT_CONTEXT('',#4877,'mechanical');
#4876=APPLICATION_PROTOCOL_DEFINITION('international standard',
'ap242_managed_model_based_3d_engineering',2020,#4877);
#4877=APPLICATION_CONTEXT('managed model based 3d engineering');
ENDSEC;
END-ISO-10303-21;
