ISO-10303-21;
HEADER;
/* Generated by software containing ST-Developer
 * from STEP Tools, Inc. (www.steptools.com) 
 */
/* OPTION: using custom renumber hook */

FILE_DESCRIPTION(
/* description */ ('STEP AP242 Edition 2',
'CAx-IF Rec.Pracs.---Representation and Presentation of Product Manufa
cturing Information (PMI)---4.0---2014-10-13',
'CAx-IF Rec.Pracs.---3D Tessellated Geometry---0.4---2014-09-14','2;1',
'CAx-IF Rec.Pracs.---User Defined Attributes---1.5---2016-08-15'),
/* implementation_level */ '2;1');

FILE_NAME(
/* name */ 'Part Studio 2',
/* time_stamp */ '2026-08-02T01:26:00Z',
/* author */ (''),
/* organization */ (''),
/* preprocessor_version */ 'ST-DEVELOPER v20',
/* originating_system */ 'ONSHAPE BY PTC INC, 1.218',
/* authorisation */ '  ');

FILE_SCHEMA (('AP242_MANAGED_MODEL_BASED_3D_ENGINEERING_MIM_LF { 1 0 10303 442 3 1 4 }'));
ENDSEC;

DATA;
#10=MANIFOLD_SURFACE_SHAPE_REPRESENTATION('',(#21),#2349);
#11=B_SPLINE_SURFACE_WITH_KNOTS('',3,3,((#2063,#2064,#2065,#2066,#2067,
#2068,#2069,#2070,#2071,#2072,#2073,#2074,#2075,#2076,#2077,#2078,#2079,
#2080,#2081),(#2082,#2083,#2084,#2085,#2086,#2087,#2088,#2089,#2090,#2091,
#2092,#2093,#2094,#2095,#2096,#2097,#2098,#2099,#2100),(#2101,#2102,#2103,
#2104,#2105,#2106,#2107,#2108,#2109,#2110,#2111,#2112,#2113,#2114,#2115,
#2116,#2117,#2118,#2119),(#2120,#2121,#2122,#2123,#2124,#2125,#2126,#2127,
#2128,#2129,#2130,#2131,#2132,#2133,#2134,#2135,#2136,#2137,#2138),(#2139,
#2140,#2141,#2142,#2143,#2144,#2145,#2146,#2147,#2148,#2149,#2150,#2151,
#2152,#2153,#2154,#2155,#2156,#2157),(#2158,#2159,#2160,#2161,#2162,#2163,
#2164,#2165,#2166,#2167,#2168,#2169,#2170,#2171,#2172,#2173,#2174,#2175,
#2176),(#2177,#2178,#2179,#2180,#2181,#2182,#2183,#2184,#2185,#2186,#2187,
#2188,#2189,#2190,#2191,#2192,#2193,#2194,#2195),(#2196,#2197,#2198,#2199,
#2200,#2201,#2202,#2203,#2204,#2205,#2206,#2207,#2208,#2209,#2210,#2211,
#2212,#2213,#2214),(#2215,#2216,#2217,#2218,#2219,#2220,#2221,#2222,#2223,
#2224,#2225,#2226,#2227,#2228,#2229,#2230,#2231,#2232,#2233)),
 .UNSPECIFIED.,.F.,.T.,.F.,(4,1,1,1,1,1,4),(1,1,1,1,1,1,1,1,1,1,1,1,1,1,
1,1,1,1,1,1,1,1,1),(0.,0.25,0.375,0.5,0.625,0.75,1.),(-1.17809724509617,
-0.785398163397448,-0.392699081698725,0.,0.392699081698724,0.785398163397448,
1.17809724509617,1.5707963267949,1.96349540849362,2.35619449019234,2.74889357189107,
3.14159265358979,3.53429173528852,3.92699081698724,4.31968989868597,4.71238898038469,
5.10508806208341,5.49778714378214,5.89048622548086,6.28318530717959,6.67588438887831,
7.06858347057703,7.46128255227576),.UNSPECIFIED.);
#12=B_SPLINE_SURFACE_WITH_KNOTS('',3,3,((#2245,#2246,#2247,#2248,#2249,
#2250,#2251,#2252,#2253,#2254,#2255,#2256,#2257,#2258,#2259,#2260,#2261,
#2262,#2263),(#2264,#2265,#2266,#2267,#2268,#2269,#2270,#2271,#2272,#2273,
#2274,#2275,#2276,#2277,#2278,#2279,#2280,#2281,#2282),(#2283,#2284,#2285,
#2286,#2287,#2288,#2289,#2290,#2291,#2292,#2293,#2294,#2295,#2296,#2297,
#2298,#2299,#2300,#2301),(#2302,#2303,#2304,#2305,#2306,#2307,#2308,#2309,
#2310,#2311,#2312,#2313,#2314,#2315,#2316,#2317,#2318,#2319,#2320),(#2321,
#2322,#2323,#2324,#2325,#2326,#2327,#2328,#2329,#2330,#2331,#2332,#2333,
#2334,#2335,#2336,#2337,#2338,#2339)),.UNSPECIFIED.,.F.,.T.,.F.,(4,1,4),
(1,1,1,1,1,1,1,1,1,1,1,1,1,1,1,1,1,1,1,1,1,1,1),(0.,0.499999999999998,0.999999999999996),
(-1.17809724509617,-0.785398163397448,-0.392699081698725,0.,0.392699081698724,
0.785398163397448,1.17809724509617,1.5707963267949,1.96349540849362,2.35619449019234,
2.74889357189107,3.14159265358979,3.53429173528852,3.92699081698724,4.31968989868597,
4.71238898038469,5.10508806208341,5.49778714378214,5.89048622548086,6.28318530717959,
6.67588438887831,7.06858347057703,7.46128255227576),.UNSPECIFIED.);
#13=VERTEX_LOOP('',#646);
#14=CONICAL_SURFACE('',#1351,0.045,0.00113912577666076);
#15=CONICAL_SURFACE('',#1353,0.0450010490110513,1.56965720101823);
#16=CONICAL_SURFACE('',#1355,0.0465460003708584,1.56941247011937);
#17=CONICAL_SURFACE('',#1357,0.046547476130077,0.00113912577665744);
#18=CONICAL_SURFACE('',#1360,0.058123146622706,1.56965720101823);
#19=CONICAL_SURFACE('',#1362,0.0581242857482363,0.00113912577666194);
#20=CONICAL_SURFACE('',#1364,0.0511242902898622,1.56965720101823);
#21=SHELL_BASED_SURFACE_MODEL('Surface 1',(#1153));
#22=SHAPE_REPRESENTATION_RELATIONSHIP('','',#1203,#27);
#23=SHAPE_REPRESENTATION_RELATIONSHIP('','',#1204,#28);
#24=SHAPE_REPRESENTATION_RELATIONSHIP('','',#1205,#29);
#25=SHAPE_REPRESENTATION_RELATIONSHIP('','',#1206,#30);
#26=SHAPE_REPRESENTATION_RELATIONSHIP('','',#1207,#10);
#27=ADVANCED_BREP_SHAPE_REPRESENTATION('',(#1194),#2345);
#28=ADVANCED_BREP_SHAPE_REPRESENTATION('',(#1195),#2346);
#29=ADVANCED_BREP_SHAPE_REPRESENTATION('',(#1196),#2347);
#30=ADVANCED_BREP_SHAPE_REPRESENTATION('',(#1197),#2348);
#31=CIRCLE('',#1211,0.004);
#32=CIRCLE('',#1212,0.004);
#33=CIRCLE('',#1215,0.004);
#34=CIRCLE('',#1216,0.004);
#35=CIRCLE('',#1219,0.004);
#36=CIRCLE('',#1220,0.004);
#37=CIRCLE('',#1223,0.004);
#38=CIRCLE('',#1224,0.004);
#39=CIRCLE('',#1226,0.0016);
#40=CIRCLE('',#1227,0.0016);
#41=CIRCLE('',#1228,0.0016);
#42=CIRCLE('',#1229,0.0016);
#43=CIRCLE('',#1232,0.0016);
#44=CIRCLE('',#1235,0.0016);
#45=CIRCLE('',#1238,0.0016);
#46=CIRCLE('',#1241,0.0016);
#47=CIRCLE('',#1246,0.004);
#48=CIRCLE('',#1247,0.004);
#49=CIRCLE('',#1250,0.004);
#50=CIRCLE('',#1251,0.004);
#51=CIRCLE('',#1254,0.004);
#52=CIRCLE('',#1255,0.004);
#53=CIRCLE('',#1258,0.004);
#54=CIRCLE('',#1259,0.004);
#55=CIRCLE('',#1261,0.0016);
#56=CIRCLE('',#1262,0.0016);
#57=CIRCLE('',#1263,0.0016);
#58=CIRCLE('',#1264,0.0016);
#59=CIRCLE('',#1267,0.0016);
#60=CIRCLE('',#1270,0.0016);
#61=CIRCLE('',#1273,0.0016);
#62=CIRCLE('',#1276,0.0016);
#63=CIRCLE('',#1281,0.004);
#64=CIRCLE('',#1282,0.004);
#65=CIRCLE('',#1285,0.004);
#66=CIRCLE('',#1286,0.004);
#67=CIRCLE('',#1289,0.004);
#68=CIRCLE('',#1290,0.004);
#69=CIRCLE('',#1293,0.004);
#70=CIRCLE('',#1294,0.004);
#71=CIRCLE('',#1296,0.0016);
#72=CIRCLE('',#1297,0.0016);
#73=CIRCLE('',#1298,0.0016);
#74=CIRCLE('',#1299,0.0016);
#75=CIRCLE('',#1302,0.0016);
#76=CIRCLE('',#1305,0.0016);
#77=CIRCLE('',#1308,0.0016);
#78=CIRCLE('',#1311,0.0016);
#79=CIRCLE('',#1316,0.004);
#80=CIRCLE('',#1317,0.004);
#81=CIRCLE('',#1320,0.004);
#82=CIRCLE('',#1321,0.004);
#83=CIRCLE('',#1324,0.004);
#84=CIRCLE('',#1325,0.004);
#85=CIRCLE('',#1328,0.004);
#86=CIRCLE('',#1329,0.004);
#87=CIRCLE('',#1331,0.0016);
#88=CIRCLE('',#1332,0.0016);
#89=CIRCLE('',#1333,0.0016);
#90=CIRCLE('',#1334,0.0016);
#91=CIRCLE('',#1337,0.0016);
#92=CIRCLE('',#1340,0.0016);
#93=CIRCLE('',#1343,0.0016);
#94=CIRCLE('',#1346,0.0016);
#95=CIRCLE('',#1350,0.045);
#96=CIRCLE('',#1352,0.0450010490110513);
#97=CIRCLE('',#1354,0.0465010480378457);
#98=CIRCLE('',#1356,0.0465460003708584);
#99=CIRCLE('',#1358,0.046547476130077);
#100=CIRCLE('',#1359,0.051689410882394);
#101=CIRCLE('',#1361,0.058123146622706);
#102=CIRCLE('',#1363,0.0581242857482364);
#103=CIRCLE('',#1365,0.0511242902898622);
#104=CYLINDRICAL_SURFACE('',#1210,0.004);
#105=CYLINDRICAL_SURFACE('',#1214,0.004);
#106=CYLINDRICAL_SURFACE('',#1218,0.004);
#107=CYLINDRICAL_SURFACE('',#1222,0.004);
#108=CYLINDRICAL_SURFACE('',#1231,0.0016);
#109=CYLINDRICAL_SURFACE('',#1234,0.0016);
#110=CYLINDRICAL_SURFACE('',#1237,0.0016);
#111=CYLINDRICAL_SURFACE('',#1240,0.0016);
#112=CYLINDRICAL_SURFACE('',#1245,0.004);
#113=CYLINDRICAL_SURFACE('',#1249,0.004);
#114=CYLINDRICAL_SURFACE('',#1253,0.004);
#115=CYLINDRICAL_SURFACE('',#1257,0.004);
#116=CYLINDRICAL_SURFACE('',#1266,0.0016);
#117=CYLINDRICAL_SURFACE('',#1269,0.0016);
#118=CYLINDRICAL_SURFACE('',#1272,0.0016);
#119=CYLINDRICAL_SURFACE('',#1275,0.0016);
#120=CYLINDRICAL_SURFACE('',#1280,0.004);
#121=CYLINDRICAL_SURFACE('',#1284,0.004);
#122=CYLINDRICAL_SURFACE('',#1288,0.004);
#123=CYLINDRICAL_SURFACE('',#1292,0.004);
#124=CYLINDRICAL_SURFACE('',#1301,0.0016);
#125=CYLINDRICAL_SURFACE('',#1304,0.0016);
#126=CYLINDRICAL_SURFACE('',#1307,0.0016);
#127=CYLINDRICAL_SURFACE('',#1310,0.0016);
#128=CYLINDRICAL_SURFACE('',#1315,0.004);
#129=CYLINDRICAL_SURFACE('',#1319,0.004);
#130=CYLINDRICAL_SURFACE('',#1323,0.004);
#131=CYLINDRICAL_SURFACE('',#1327,0.004);
#132=CYLINDRICAL_SURFACE('',#1336,0.0016);
#133=CYLINDRICAL_SURFACE('',#1339,0.0016);
#134=CYLINDRICAL_SURFACE('',#1342,0.0016);
#135=CYLINDRICAL_SURFACE('',#1345,0.0016);
#136=ORIENTED_EDGE('',*,*,#410,.F.);
#137=ORIENTED_EDGE('',*,*,#411,.F.);
#138=ORIENTED_EDGE('',*,*,#412,.T.);
#139=ORIENTED_EDGE('',*,*,#413,.T.);
#140=ORIENTED_EDGE('',*,*,#414,.F.);
#141=ORIENTED_EDGE('',*,*,#413,.F.);
#142=ORIENTED_EDGE('',*,*,#415,.T.);
#143=ORIENTED_EDGE('',*,*,#416,.T.);
#144=ORIENTED_EDGE('',*,*,#417,.F.);
#145=ORIENTED_EDGE('',*,*,#416,.F.);
#146=ORIENTED_EDGE('',*,*,#418,.T.);
#147=ORIENTED_EDGE('',*,*,#419,.T.);
#148=ORIENTED_EDGE('',*,*,#420,.F.);
#149=ORIENTED_EDGE('',*,*,#419,.F.);
#150=ORIENTED_EDGE('',*,*,#421,.T.);
#151=ORIENTED_EDGE('',*,*,#422,.T.);
#152=ORIENTED_EDGE('',*,*,#423,.T.);
#153=ORIENTED_EDGE('',*,*,#422,.F.);
#154=ORIENTED_EDGE('',*,*,#424,.F.);
#155=ORIENTED_EDGE('',*,*,#425,.T.);
#156=ORIENTED_EDGE('',*,*,#426,.F.);
#157=ORIENTED_EDGE('',*,*,#425,.F.);
#158=ORIENTED_EDGE('',*,*,#427,.T.);
#159=ORIENTED_EDGE('',*,*,#428,.T.);
#160=ORIENTED_EDGE('',*,*,#429,.T.);
#161=ORIENTED_EDGE('',*,*,#428,.F.);
#162=ORIENTED_EDGE('',*,*,#430,.F.);
#163=ORIENTED_EDGE('',*,*,#431,.T.);
#164=ORIENTED_EDGE('',*,*,#432,.F.);
#165=ORIENTED_EDGE('',*,*,#431,.F.);
#166=ORIENTED_EDGE('',*,*,#433,.T.);
#167=ORIENTED_EDGE('',*,*,#411,.T.);
#168=ORIENTED_EDGE('',*,*,#434,.F.);
#169=ORIENTED_EDGE('',*,*,#435,.F.);
#170=ORIENTED_EDGE('',*,*,#436,.F.);
#171=ORIENTED_EDGE('',*,*,#437,.F.);
#172=ORIENTED_EDGE('',*,*,#412,.F.);
#173=ORIENTED_EDGE('',*,*,#433,.F.);
#174=ORIENTED_EDGE('',*,*,#430,.T.);
#175=ORIENTED_EDGE('',*,*,#427,.F.);
#176=ORIENTED_EDGE('',*,*,#424,.T.);
#177=ORIENTED_EDGE('',*,*,#421,.F.);
#178=ORIENTED_EDGE('',*,*,#418,.F.);
#179=ORIENTED_EDGE('',*,*,#415,.F.);
#180=ORIENTED_EDGE('',*,*,#410,.T.);
#181=ORIENTED_EDGE('',*,*,#414,.T.);
#182=ORIENTED_EDGE('',*,*,#417,.T.);
#183=ORIENTED_EDGE('',*,*,#420,.T.);
#184=ORIENTED_EDGE('',*,*,#423,.F.);
#185=ORIENTED_EDGE('',*,*,#426,.T.);
#186=ORIENTED_EDGE('',*,*,#429,.F.);
#187=ORIENTED_EDGE('',*,*,#432,.T.);
#188=ORIENTED_EDGE('',*,*,#438,.F.);
#189=ORIENTED_EDGE('',*,*,#437,.T.);
#190=ORIENTED_EDGE('',*,*,#438,.T.);
#191=ORIENTED_EDGE('',*,*,#439,.F.);
#192=ORIENTED_EDGE('',*,*,#436,.T.);
#193=ORIENTED_EDGE('',*,*,#439,.T.);
#194=ORIENTED_EDGE('',*,*,#440,.F.);
#195=ORIENTED_EDGE('',*,*,#435,.T.);
#196=ORIENTED_EDGE('',*,*,#440,.T.);
#197=ORIENTED_EDGE('',*,*,#441,.F.);
#198=ORIENTED_EDGE('',*,*,#434,.T.);
#199=ORIENTED_EDGE('',*,*,#441,.T.);
#200=ORIENTED_EDGE('',*,*,#442,.F.);
#201=ORIENTED_EDGE('',*,*,#443,.F.);
#202=ORIENTED_EDGE('',*,*,#444,.T.);
#203=ORIENTED_EDGE('',*,*,#445,.T.);
#204=ORIENTED_EDGE('',*,*,#446,.F.);
#205=ORIENTED_EDGE('',*,*,#445,.F.);
#206=ORIENTED_EDGE('',*,*,#447,.T.);
#207=ORIENTED_EDGE('',*,*,#448,.T.);
#208=ORIENTED_EDGE('',*,*,#449,.F.);
#209=ORIENTED_EDGE('',*,*,#448,.F.);
#210=ORIENTED_EDGE('',*,*,#450,.T.);
#211=ORIENTED_EDGE('',*,*,#451,.T.);
#212=ORIENTED_EDGE('',*,*,#452,.F.);
#213=ORIENTED_EDGE('',*,*,#451,.F.);
#214=ORIENTED_EDGE('',*,*,#453,.T.);
#215=ORIENTED_EDGE('',*,*,#454,.T.);
#216=ORIENTED_EDGE('',*,*,#455,.T.);
#217=ORIENTED_EDGE('',*,*,#454,.F.);
#218=ORIENTED_EDGE('',*,*,#456,.F.);
#219=ORIENTED_EDGE('',*,*,#457,.T.);
#220=ORIENTED_EDGE('',*,*,#458,.F.);
#221=ORIENTED_EDGE('',*,*,#457,.F.);
#222=ORIENTED_EDGE('',*,*,#459,.T.);
#223=ORIENTED_EDGE('',*,*,#460,.T.);
#224=ORIENTED_EDGE('',*,*,#461,.T.);
#225=ORIENTED_EDGE('',*,*,#460,.F.);
#226=ORIENTED_EDGE('',*,*,#462,.F.);
#227=ORIENTED_EDGE('',*,*,#463,.T.);
#228=ORIENTED_EDGE('',*,*,#464,.F.);
#229=ORIENTED_EDGE('',*,*,#463,.F.);
#230=ORIENTED_EDGE('',*,*,#465,.T.);
#231=ORIENTED_EDGE('',*,*,#443,.T.);
#232=ORIENTED_EDGE('',*,*,#466,.F.);
#233=ORIENTED_EDGE('',*,*,#467,.F.);
#234=ORIENTED_EDGE('',*,*,#468,.F.);
#235=ORIENTED_EDGE('',*,*,#469,.F.);
#236=ORIENTED_EDGE('',*,*,#444,.F.);
#237=ORIENTED_EDGE('',*,*,#465,.F.);
#238=ORIENTED_EDGE('',*,*,#462,.T.);
#239=ORIENTED_EDGE('',*,*,#459,.F.);
#240=ORIENTED_EDGE('',*,*,#456,.T.);
#241=ORIENTED_EDGE('',*,*,#453,.F.);
#242=ORIENTED_EDGE('',*,*,#450,.F.);
#243=ORIENTED_EDGE('',*,*,#447,.F.);
#244=ORIENTED_EDGE('',*,*,#442,.T.);
#245=ORIENTED_EDGE('',*,*,#446,.T.);
#246=ORIENTED_EDGE('',*,*,#449,.T.);
#247=ORIENTED_EDGE('',*,*,#452,.T.);
#248=ORIENTED_EDGE('',*,*,#455,.F.);
#249=ORIENTED_EDGE('',*,*,#458,.T.);
#250=ORIENTED_EDGE('',*,*,#461,.F.);
#251=ORIENTED_EDGE('',*,*,#464,.T.);
#252=ORIENTED_EDGE('',*,*,#470,.F.);
#253=ORIENTED_EDGE('',*,*,#469,.T.);
#254=ORIENTED_EDGE('',*,*,#470,.T.);
#255=ORIENTED_EDGE('',*,*,#471,.F.);
#256=ORIENTED_EDGE('',*,*,#468,.T.);
#257=ORIENTED_EDGE('',*,*,#471,.T.);
#258=ORIENTED_EDGE('',*,*,#472,.F.);
#259=ORIENTED_EDGE('',*,*,#467,.T.);
#260=ORIENTED_EDGE('',*,*,#472,.T.);
#261=ORIENTED_EDGE('',*,*,#473,.F.);
#262=ORIENTED_EDGE('',*,*,#466,.T.);
#263=ORIENTED_EDGE('',*,*,#473,.T.);
#264=ORIENTED_EDGE('',*,*,#474,.F.);
#265=ORIENTED_EDGE('',*,*,#475,.F.);
#266=ORIENTED_EDGE('',*,*,#476,.T.);
#267=ORIENTED_EDGE('',*,*,#477,.T.);
#268=ORIENTED_EDGE('',*,*,#478,.F.);
#269=ORIENTED_EDGE('',*,*,#477,.F.);
#270=ORIENTED_EDGE('',*,*,#479,.T.);
#271=ORIENTED_EDGE('',*,*,#480,.T.);
#272=ORIENTED_EDGE('',*,*,#481,.F.);
#273=ORIENTED_EDGE('',*,*,#480,.F.);
#274=ORIENTED_EDGE('',*,*,#482,.T.);
#275=ORIENTED_EDGE('',*,*,#483,.T.);
#276=ORIENTED_EDGE('',*,*,#484,.F.);
#277=ORIENTED_EDGE('',*,*,#483,.F.);
#278=ORIENTED_EDGE('',*,*,#485,.T.);
#279=ORIENTED_EDGE('',*,*,#486,.T.);
#280=ORIENTED_EDGE('',*,*,#487,.T.);
#281=ORIENTED_EDGE('',*,*,#486,.F.);
#282=ORIENTED_EDGE('',*,*,#488,.F.);
#283=ORIENTED_EDGE('',*,*,#489,.T.);
#284=ORIENTED_EDGE('',*,*,#490,.F.);
#285=ORIENTED_EDGE('',*,*,#489,.F.);
#286=ORIENTED_EDGE('',*,*,#491,.T.);
#287=ORIENTED_EDGE('',*,*,#492,.T.);
#288=ORIENTED_EDGE('',*,*,#493,.T.);
#289=ORIENTED_EDGE('',*,*,#492,.F.);
#290=ORIENTED_EDGE('',*,*,#494,.F.);
#291=ORIENTED_EDGE('',*,*,#495,.T.);
#292=ORIENTED_EDGE('',*,*,#496,.F.);
#293=ORIENTED_EDGE('',*,*,#495,.F.);
#294=ORIENTED_EDGE('',*,*,#497,.T.);
#295=ORIENTED_EDGE('',*,*,#475,.T.);
#296=ORIENTED_EDGE('',*,*,#498,.F.);
#297=ORIENTED_EDGE('',*,*,#499,.F.);
#298=ORIENTED_EDGE('',*,*,#500,.F.);
#299=ORIENTED_EDGE('',*,*,#501,.F.);
#300=ORIENTED_EDGE('',*,*,#476,.F.);
#301=ORIENTED_EDGE('',*,*,#497,.F.);
#302=ORIENTED_EDGE('',*,*,#494,.T.);
#303=ORIENTED_EDGE('',*,*,#491,.F.);
#304=ORIENTED_EDGE('',*,*,#488,.T.);
#305=ORIENTED_EDGE('',*,*,#485,.F.);
#306=ORIENTED_EDGE('',*,*,#482,.F.);
#307=ORIENTED_EDGE('',*,*,#479,.F.);
#308=ORIENTED_EDGE('',*,*,#474,.T.);
#309=ORIENTED_EDGE('',*,*,#478,.T.);
#310=ORIENTED_EDGE('',*,*,#481,.T.);
#311=ORIENTED_EDGE('',*,*,#484,.T.);
#312=ORIENTED_EDGE('',*,*,#487,.F.);
#313=ORIENTED_EDGE('',*,*,#490,.T.);
#314=ORIENTED_EDGE('',*,*,#493,.F.);
#315=ORIENTED_EDGE('',*,*,#496,.T.);
#316=ORIENTED_EDGE('',*,*,#502,.F.);
#317=ORIENTED_EDGE('',*,*,#501,.T.);
#318=ORIENTED_EDGE('',*,*,#502,.T.);
#319=ORIENTED_EDGE('',*,*,#503,.F.);
#320=ORIENTED_EDGE('',*,*,#500,.T.);
#321=ORIENTED_EDGE('',*,*,#503,.T.);
#322=ORIENTED_EDGE('',*,*,#504,.F.);
#323=ORIENTED_EDGE('',*,*,#499,.T.);
#324=ORIENTED_EDGE('',*,*,#504,.T.);
#325=ORIENTED_EDGE('',*,*,#505,.F.);
#326=ORIENTED_EDGE('',*,*,#498,.T.);
#327=ORIENTED_EDGE('',*,*,#505,.T.);
#328=ORIENTED_EDGE('',*,*,#506,.F.);
#329=ORIENTED_EDGE('',*,*,#507,.F.);
#330=ORIENTED_EDGE('',*,*,#508,.T.);
#331=ORIENTED_EDGE('',*,*,#509,.T.);
#332=ORIENTED_EDGE('',*,*,#510,.F.);
#333=ORIENTED_EDGE('',*,*,#509,.F.);
#334=ORIENTED_EDGE('',*,*,#511,.T.);
#335=ORIENTED_EDGE('',*,*,#512,.T.);
#336=ORIENTED_EDGE('',*,*,#513,.F.);
#337=ORIENTED_EDGE('',*,*,#512,.F.);
#338=ORIENTED_EDGE('',*,*,#514,.T.);
#339=ORIENTED_EDGE('',*,*,#515,.T.);
#340=ORIENTED_EDGE('',*,*,#516,.F.);
#341=ORIENTED_EDGE('',*,*,#515,.F.);
#342=ORIENTED_EDGE('',*,*,#517,.T.);
#343=ORIENTED_EDGE('',*,*,#518,.T.);
#344=ORIENTED_EDGE('',*,*,#519,.T.);
#345=ORIENTED_EDGE('',*,*,#518,.F.);
#346=ORIENTED_EDGE('',*,*,#520,.F.);
#347=ORIENTED_EDGE('',*,*,#521,.T.);
#348=ORIENTED_EDGE('',*,*,#522,.F.);
#349=ORIENTED_EDGE('',*,*,#521,.F.);
#350=ORIENTED_EDGE('',*,*,#523,.T.);
#351=ORIENTED_EDGE('',*,*,#524,.T.);
#352=ORIENTED_EDGE('',*,*,#525,.T.);
#353=ORIENTED_EDGE('',*,*,#524,.F.);
#354=ORIENTED_EDGE('',*,*,#526,.F.);
#355=ORIENTED_EDGE('',*,*,#527,.T.);
#356=ORIENTED_EDGE('',*,*,#528,.F.);
#357=ORIENTED_EDGE('',*,*,#527,.F.);
#358=ORIENTED_EDGE('',*,*,#529,.T.);
#359=ORIENTED_EDGE('',*,*,#507,.T.);
#360=ORIENTED_EDGE('',*,*,#530,.F.);
#361=ORIENTED_EDGE('',*,*,#531,.F.);
#362=ORIENTED_EDGE('',*,*,#532,.F.);
#363=ORIENTED_EDGE('',*,*,#533,.F.);
#364=ORIENTED_EDGE('',*,*,#508,.F.);
#365=ORIENTED_EDGE('',*,*,#529,.F.);
#366=ORIENTED_EDGE('',*,*,#526,.T.);
#367=ORIENTED_EDGE('',*,*,#523,.F.);
#368=ORIENTED_EDGE('',*,*,#520,.T.);
#369=ORIENTED_EDGE('',*,*,#517,.F.);
#370=ORIENTED_EDGE('',*,*,#514,.F.);
#371=ORIENTED_EDGE('',*,*,#511,.F.);
#372=ORIENTED_EDGE('',*,*,#506,.T.);
#373=ORIENTED_EDGE('',*,*,#510,.T.);
#374=ORIENTED_EDGE('',*,*,#513,.T.);
#375=ORIENTED_EDGE('',*,*,#516,.T.);
#376=ORIENTED_EDGE('',*,*,#519,.F.);
#377=ORIENTED_EDGE('',*,*,#522,.T.);
#378=ORIENTED_EDGE('',*,*,#525,.F.);
#379=ORIENTED_EDGE('',*,*,#528,.T.);
#380=ORIENTED_EDGE('',*,*,#534,.F.);
#381=ORIENTED_EDGE('',*,*,#533,.T.);
#382=ORIENTED_EDGE('',*,*,#534,.T.);
#383=ORIENTED_EDGE('',*,*,#535,.F.);
#384=ORIENTED_EDGE('',*,*,#532,.T.);
#385=ORIENTED_EDGE('',*,*,#535,.T.);
#386=ORIENTED_EDGE('',*,*,#536,.F.);
#387=ORIENTED_EDGE('',*,*,#531,.T.);
#388=ORIENTED_EDGE('',*,*,#536,.T.);
#389=ORIENTED_EDGE('',*,*,#537,.F.);
#390=ORIENTED_EDGE('',*,*,#530,.T.);
#391=ORIENTED_EDGE('',*,*,#537,.T.);
#392=ORIENTED_EDGE('',*,*,#538,.T.);
#393=ORIENTED_EDGE('',*,*,#539,.T.);
#394=ORIENTED_EDGE('',*,*,#538,.F.);
#395=ORIENTED_EDGE('',*,*,#540,.T.);
#396=ORIENTED_EDGE('',*,*,#539,.F.);
#397=ORIENTED_EDGE('',*,*,#541,.F.);
#398=ORIENTED_EDGE('',*,*,#541,.T.);
#399=ORIENTED_EDGE('',*,*,#542,.F.);
#400=ORIENTED_EDGE('',*,*,#542,.T.);
#401=ORIENTED_EDGE('',*,*,#543,.F.);
#402=ORIENTED_EDGE('',*,*,#543,.T.);
#403=ORIENTED_EDGE('',*,*,#544,.F.);
#404=ORIENTED_EDGE('',*,*,#544,.T.);
#405=ORIENTED_EDGE('',*,*,#545,.F.);
#406=ORIENTED_EDGE('',*,*,#545,.T.);
#407=ORIENTED_EDGE('',*,*,#546,.F.);
#408=ORIENTED_EDGE('',*,*,#546,.T.);
#409=ORIENTED_EDGE('',*,*,#540,.F.);
#410=EDGE_CURVE('',#547,#548,#653,.T.);
#411=EDGE_CURVE('',#549,#547,#654,.T.);
#412=EDGE_CURVE('',#549,#550,#655,.T.);
#413=EDGE_CURVE('',#550,#548,#656,.T.);
#414=EDGE_CURVE('',#548,#551,#31,.T.);
#415=EDGE_CURVE('',#550,#552,#32,.T.);
#416=EDGE_CURVE('',#552,#551,#657,.T.);
#417=EDGE_CURVE('',#551,#553,#658,.T.);
#418=EDGE_CURVE('',#552,#554,#659,.T.);
#419=EDGE_CURVE('',#554,#553,#660,.T.);
#420=EDGE_CURVE('',#553,#555,#33,.T.);
#421=EDGE_CURVE('',#554,#556,#34,.T.);
#422=EDGE_CURVE('',#556,#555,#661,.T.);
#423=EDGE_CURVE('',#557,#555,#662,.T.);
#424=EDGE_CURVE('',#558,#556,#663,.T.);
#425=EDGE_CURVE('',#558,#557,#664,.T.);
#426=EDGE_CURVE('',#557,#559,#35,.T.);
#427=EDGE_CURVE('',#558,#560,#36,.T.);
#428=EDGE_CURVE('',#560,#559,#665,.T.);
#429=EDGE_CURVE('',#561,#559,#666,.T.);
#430=EDGE_CURVE('',#562,#560,#667,.T.);
#431=EDGE_CURVE('',#562,#561,#668,.T.);
#432=EDGE_CURVE('',#561,#547,#37,.T.);
#433=EDGE_CURVE('',#562,#549,#38,.T.);
#434=EDGE_CURVE('',#563,#563,#39,.T.);
#435=EDGE_CURVE('',#564,#564,#40,.T.);
#436=EDGE_CURVE('',#565,#565,#41,.T.);
#437=EDGE_CURVE('',#566,#566,#42,.T.);
#438=EDGE_CURVE('',#567,#567,#43,.T.);
#439=EDGE_CURVE('',#568,#568,#44,.T.);
#440=EDGE_CURVE('',#569,#569,#45,.T.);
#441=EDGE_CURVE('',#570,#570,#46,.T.);
#442=EDGE_CURVE('',#571,#572,#669,.T.);
#443=EDGE_CURVE('',#573,#571,#670,.T.);
#444=EDGE_CURVE('',#573,#574,#671,.T.);
#445=EDGE_CURVE('',#574,#572,#672,.T.);
#446=EDGE_CURVE('',#572,#575,#47,.T.);
#447=EDGE_CURVE('',#574,#576,#48,.T.);
#448=EDGE_CURVE('',#576,#575,#673,.T.);
#449=EDGE_CURVE('',#575,#577,#674,.T.);
#450=EDGE_CURVE('',#576,#578,#675,.T.);
#451=EDGE_CURVE('',#578,#577,#676,.T.);
#452=EDGE_CURVE('',#577,#579,#49,.T.);
#453=EDGE_CURVE('',#578,#580,#50,.T.);
#454=EDGE_CURVE('',#580,#579,#677,.T.);
#455=EDGE_CURVE('',#581,#579,#678,.T.);
#456=EDGE_CURVE('',#582,#580,#679,.T.);
#457=EDGE_CURVE('',#582,#581,#680,.T.);
#458=EDGE_CURVE('',#581,#583,#51,.T.);
#459=EDGE_CURVE('',#582,#584,#52,.T.);
#460=EDGE_CURVE('',#584,#583,#681,.T.);
#461=EDGE_CURVE('',#585,#583,#682,.T.);
#462=EDGE_CURVE('',#586,#584,#683,.T.);
#463=EDGE_CURVE('',#586,#585,#684,.T.);
#464=EDGE_CURVE('',#585,#571,#53,.T.);
#465=EDGE_CURVE('',#586,#573,#54,.T.);
#466=EDGE_CURVE('',#587,#587,#55,.T.);
#467=EDGE_CURVE('',#588,#588,#56,.T.);
#468=EDGE_CURVE('',#589,#589,#57,.T.);
#469=EDGE_CURVE('',#590,#590,#58,.T.);
#470=EDGE_CURVE('',#591,#591,#59,.T.);
#471=EDGE_CURVE('',#592,#592,#60,.T.);
#472=EDGE_CURVE('',#593,#593,#61,.T.);
#473=EDGE_CURVE('',#594,#594,#62,.T.);
#474=EDGE_CURVE('',#595,#596,#685,.T.);
#475=EDGE_CURVE('',#597,#595,#686,.T.);
#476=EDGE_CURVE('',#597,#598,#687,.T.);
#477=EDGE_CURVE('',#598,#596,#688,.T.);
#478=EDGE_CURVE('',#596,#599,#63,.T.);
#479=EDGE_CURVE('',#598,#600,#64,.T.);
#480=EDGE_CURVE('',#600,#599,#689,.T.);
#481=EDGE_CURVE('',#599,#601,#690,.T.);
#482=EDGE_CURVE('',#600,#602,#691,.T.);
#483=EDGE_CURVE('',#602,#601,#692,.T.);
#484=EDGE_CURVE('',#601,#603,#65,.T.);
#485=EDGE_CURVE('',#602,#604,#66,.T.);
#486=EDGE_CURVE('',#604,#603,#693,.T.);
#487=EDGE_CURVE('',#605,#603,#694,.T.);
#488=EDGE_CURVE('',#606,#604,#695,.T.);
#489=EDGE_CURVE('',#606,#605,#696,.T.);
#490=EDGE_CURVE('',#605,#607,#67,.T.);
#491=EDGE_CURVE('',#606,#608,#68,.T.);
#492=EDGE_CURVE('',#608,#607,#697,.T.);
#493=EDGE_CURVE('',#609,#607,#698,.T.);
#494=EDGE_CURVE('',#610,#608,#699,.T.);
#495=EDGE_CURVE('',#610,#609,#700,.T.);
#496=EDGE_CURVE('',#609,#595,#69,.T.);
#497=EDGE_CURVE('',#610,#597,#70,.T.);
#498=EDGE_CURVE('',#611,#611,#71,.T.);
#499=EDGE_CURVE('',#612,#612,#72,.T.);
#500=EDGE_CURVE('',#613,#613,#73,.T.);
#501=EDGE_CURVE('',#614,#614,#74,.T.);
#502=EDGE_CURVE('',#615,#615,#75,.T.);
#503=EDGE_CURVE('',#616,#616,#76,.T.);
#504=EDGE_CURVE('',#617,#617,#77,.T.);
#505=EDGE_CURVE('',#618,#618,#78,.T.);
#506=EDGE_CURVE('',#619,#620,#701,.T.);
#507=EDGE_CURVE('',#621,#619,#702,.T.);
#508=EDGE_CURVE('',#621,#622,#703,.T.);
#509=EDGE_CURVE('',#622,#620,#704,.T.);
#510=EDGE_CURVE('',#620,#623,#79,.T.);
#511=EDGE_CURVE('',#622,#624,#80,.T.);
#512=EDGE_CURVE('',#624,#623,#705,.T.);
#513=EDGE_CURVE('',#623,#625,#706,.T.);
#514=EDGE_CURVE('',#624,#626,#707,.T.);
#515=EDGE_CURVE('',#626,#625,#708,.T.);
#516=EDGE_CURVE('',#625,#627,#81,.T.);
#517=EDGE_CURVE('',#626,#628,#82,.T.);
#518=EDGE_CURVE('',#628,#627,#709,.T.);
#519=EDGE_CURVE('',#629,#627,#710,.T.);
#520=EDGE_CURVE('',#630,#628,#711,.T.);
#521=EDGE_CURVE('',#630,#629,#712,.T.);
#522=EDGE_CURVE('',#629,#631,#83,.T.);
#523=EDGE_CURVE('',#630,#632,#84,.T.);
#524=EDGE_CURVE('',#632,#631,#713,.T.);
#525=EDGE_CURVE('',#633,#631,#714,.T.);
#526=EDGE_CURVE('',#634,#632,#715,.T.);
#527=EDGE_CURVE('',#634,#633,#716,.T.);
#528=EDGE_CURVE('',#633,#619,#85,.T.);
#529=EDGE_CURVE('',#634,#621,#86,.T.);
#530=EDGE_CURVE('',#635,#635,#87,.T.);
#531=EDGE_CURVE('',#636,#636,#88,.T.);
#532=EDGE_CURVE('',#637,#637,#89,.T.);
#533=EDGE_CURVE('',#638,#638,#90,.T.);
#534=EDGE_CURVE('',#639,#639,#91,.T.);
#535=EDGE_CURVE('',#640,#640,#92,.T.);
#536=EDGE_CURVE('',#641,#641,#93,.T.);
#537=EDGE_CURVE('',#642,#642,#94,.T.);
#538=EDGE_CURVE('',#643,#643,#95,.T.);
#539=EDGE_CURVE('',#644,#644,#96,.T.);
#540=EDGE_CURVE('',#645,#645,#97,.T.);
#541=EDGE_CURVE('',#647,#647,#98,.T.);
#542=EDGE_CURVE('',#648,#648,#99,.T.);
#543=EDGE_CURVE('',#649,#649,#100,.T.);
#544=EDGE_CURVE('',#650,#650,#101,.T.);
#545=EDGE_CURVE('',#651,#651,#102,.T.);
#546=EDGE_CURVE('',#652,#652,#103,.T.);
#547=VERTEX_POINT('',#1749);
#548=VERTEX_POINT('',#1750);
#549=VERTEX_POINT('',#1752);
#550=VERTEX_POINT('',#1754);
#551=VERTEX_POINT('',#1758);
#552=VERTEX_POINT('',#1760);
#553=VERTEX_POINT('',#1764);
#554=VERTEX_POINT('',#1766);
#555=VERTEX_POINT('',#1770);
#556=VERTEX_POINT('',#1772);
#557=VERTEX_POINT('',#1776);
#558=VERTEX_POINT('',#1778);
#559=VERTEX_POINT('',#1782);
#560=VERTEX_POINT('',#1784);
#561=VERTEX_POINT('',#1788);
#562=VERTEX_POINT('',#1790);
#563=VERTEX_POINT('',#1797);
#564=VERTEX_POINT('',#1799);
#565=VERTEX_POINT('',#1801);
#566=VERTEX_POINT('',#1803);
#567=VERTEX_POINT('',#1807);
#568=VERTEX_POINT('',#1811);
#569=VERTEX_POINT('',#1815);
#570=VERTEX_POINT('',#1819);
#571=VERTEX_POINT('',#1824);
#572=VERTEX_POINT('',#1825);
#573=VERTEX_POINT('',#1827);
#574=VERTEX_POINT('',#1829);
#575=VERTEX_POINT('',#1833);
#576=VERTEX_POINT('',#1835);
#577=VERTEX_POINT('',#1839);
#578=VERTEX_POINT('',#1841);
#579=VERTEX_POINT('',#1845);
#580=VERTEX_POINT('',#1847);
#581=VERTEX_POINT('',#1851);
#582=VERTEX_POINT('',#1853);
#583=VERTEX_POINT('',#1857);
#584=VERTEX_POINT('',#1859);
#585=VERTEX_POINT('',#1863);
#586=VERTEX_POINT('',#1865);
#587=VERTEX_POINT('',#1872);
#588=VERTEX_POINT('',#1874);
#589=VERTEX_POINT('',#1876);
#590=VERTEX_POINT('',#1878);
#591=VERTEX_POINT('',#1882);
#592=VERTEX_POINT('',#1886);
#593=VERTEX_POINT('',#1890);
#594=VERTEX_POINT('',#1894);
#595=VERTEX_POINT('',#1899);
#596=VERTEX_POINT('',#1900);
#597=VERTEX_POINT('',#1902);
#598=VERTEX_POINT('',#1904);
#599=VERTEX_POINT('',#1908);
#600=VERTEX_POINT('',#1910);
#601=VERTEX_POINT('',#1914);
#602=VERTEX_POINT('',#1916);
#603=VERTEX_POINT('',#1920);
#604=VERTEX_POINT('',#1922);
#605=VERTEX_POINT('',#1926);
#606=VERTEX_POINT('',#1928);
#607=VERTEX_POINT('',#1932);
#608=VERTEX_POINT('',#1934);
#609=VERTEX_POINT('',#1938);
#610=VERTEX_POINT('',#1940);
#611=VERTEX_POINT('',#1947);
#612=VERTEX_POINT('',#1949);
#613=VERTEX_POINT('',#1951);
#614=VERTEX_POINT('',#1953);
#615=VERTEX_POINT('',#1957);
#616=VERTEX_POINT('',#1961);
#617=VERTEX_POINT('',#1965);
#618=VERTEX_POINT('',#1969);
#619=VERTEX_POINT('',#1974);
#620=VERTEX_POINT('',#1975);
#621=VERTEX_POINT('',#1977);
#622=VERTEX_POINT('',#1979);
#623=VERTEX_POINT('',#1983);
#624=VERTEX_POINT('',#1985);
#625=VERTEX_POINT('',#1989);
#626=VERTEX_POINT('',#1991);
#627=VERTEX_POINT('',#1995);
#628=VERTEX_POINT('',#1997);
#629=VERTEX_POINT('',#2001);
#630=VERTEX_POINT('',#2003);
#631=VERTEX_POINT('',#2007);
#632=VERTEX_POINT('',#2009);
#633=VERTEX_POINT('',#2013);
#634=VERTEX_POINT('',#2015);
#635=VERTEX_POINT('',#2022);
#636=VERTEX_POINT('',#2024);
#637=VERTEX_POINT('',#2026);
#638=VERTEX_POINT('',#2028);
#639=VERTEX_POINT('',#2032);
#640=VERTEX_POINT('',#2036);
#641=VERTEX_POINT('',#2040);
#642=VERTEX_POINT('',#2044);
#643=VERTEX_POINT('',#2049);
#644=VERTEX_POINT('',#2052);
#645=VERTEX_POINT('',#2055);
#646=VERTEX_POINT('',#2057);
#647=VERTEX_POINT('',#2059);
#648=VERTEX_POINT('',#2062);
#649=VERTEX_POINT('',#2235);
#650=VERTEX_POINT('',#2238);
#651=VERTEX_POINT('',#2241);
#652=VERTEX_POINT('',#2244);
#653=LINE('',#1748,#717);
#654=LINE('',#1751,#718);
#655=LINE('',#1753,#719);
#656=LINE('',#1755,#720);
#657=LINE('',#1761,#721);
#658=LINE('',#1763,#722);
#659=LINE('',#1765,#723);
#660=LINE('',#1767,#724);
#661=LINE('',#1773,#725);
#662=LINE('',#1775,#726);
#663=LINE('',#1777,#727);
#664=LINE('',#1779,#728);
#665=LINE('',#1785,#729);
#666=LINE('',#1787,#730);
#667=LINE('',#1789,#731);
#668=LINE('',#1791,#732);
#669=LINE('',#1823,#733);
#670=LINE('',#1826,#734);
#671=LINE('',#1828,#735);
#672=LINE('',#1830,#736);
#673=LINE('',#1836,#737);
#674=LINE('',#1838,#738);
#675=LINE('',#1840,#739);
#676=LINE('',#1842,#740);
#677=LINE('',#1848,#741);
#678=LINE('',#1850,#742);
#679=LINE('',#1852,#743);
#680=LINE('',#1854,#744);
#681=LINE('',#1860,#745);
#682=LINE('',#1862,#746);
#683=LINE('',#1864,#747);
#684=LINE('',#1866,#748);
#685=LINE('',#1898,#749);
#686=LINE('',#1901,#750);
#687=LINE('',#1903,#751);
#688=LINE('',#1905,#752);
#689=LINE('',#1911,#753);
#690=LINE('',#1913,#754);
#691=LINE('',#1915,#755);
#692=LINE('',#1917,#756);
#693=LINE('',#1923,#757);
#694=LINE('',#1925,#758);
#695=LINE('',#1927,#759);
#696=LINE('',#1929,#760);
#697=LINE('',#1935,#761);
#698=LINE('',#1937,#762);
#699=LINE('',#1939,#763);
#700=LINE('',#1941,#764);
#701=LINE('',#1973,#765);
#702=LINE('',#1976,#766);
#703=LINE('',#1978,#767);
#704=LINE('',#1980,#768);
#705=LINE('',#1986,#769);
#706=LINE('',#1988,#770);
#707=LINE('',#1990,#771);
#708=LINE('',#1992,#772);
#709=LINE('',#1998,#773);
#710=LINE('',#2000,#774);
#711=LINE('',#2002,#775);
#712=LINE('',#2004,#776);
#713=LINE('',#2010,#777);
#714=LINE('',#2012,#778);
#715=LINE('',#2014,#779);
#716=LINE('',#2016,#780);
#717=VECTOR('',#1370,1.);
#718=VECTOR('',#1371,1.);
#719=VECTOR('',#1372,1.);
#720=VECTOR('',#1373,1.);
#721=VECTOR('',#1380,1.);
#722=VECTOR('',#1383,1.);
#723=VECTOR('',#1384,1.);
#724=VECTOR('',#1385,1.);
#725=VECTOR('',#1392,1.);
#726=VECTOR('',#1395,1.);
#727=VECTOR('',#1396,1.);
#728=VECTOR('',#1397,1.);
#729=VECTOR('',#1404,1.);
#730=VECTOR('',#1407,1.);
#731=VECTOR('',#1408,1.);
#732=VECTOR('',#1409,1.);
#733=VECTOR('',#1456,1.);
#734=VECTOR('',#1457,1.);
#735=VECTOR('',#1458,1.);
#736=VECTOR('',#1459,1.);
#737=VECTOR('',#1466,1.);
#738=VECTOR('',#1469,1.);
#739=VECTOR('',#1470,1.);
#740=VECTOR('',#1471,1.);
#741=VECTOR('',#1478,1.);
#742=VECTOR('',#1481,1.);
#743=VECTOR('',#1482,1.);
#744=VECTOR('',#1483,1.);
#745=VECTOR('',#1490,1.);
#746=VECTOR('',#1493,1.);
#747=VECTOR('',#1494,1.);
#748=VECTOR('',#1495,1.);
#749=VECTOR('',#1542,1.);
#750=VECTOR('',#1543,1.);
#751=VECTOR('',#1544,1.);
#752=VECTOR('',#1545,1.);
#753=VECTOR('',#1552,1.);
#754=VECTOR('',#1555,1.);
#755=VECTOR('',#1556,1.);
#756=VECTOR('',#1557,1.);
#757=VECTOR('',#1564,1.);
#758=VECTOR('',#1567,1.);
#759=VECTOR('',#1568,1.);
#760=VECTOR('',#1569,1.);
#761=VECTOR('',#1576,1.);
#762=VECTOR('',#1579,1.);
#763=VECTOR('',#1580,1.);
#764=VECTOR('',#1581,1.);
#765=VECTOR('',#1628,1.);
#766=VECTOR('',#1629,1.);
#767=VECTOR('',#1630,1.);
#768=VECTOR('',#1631,1.);
#769=VECTOR('',#1638,1.);
#770=VECTOR('',#1641,1.);
#771=VECTOR('',#1642,1.);
#772=VECTOR('',#1643,1.);
#773=VECTOR('',#1650,1.);
#774=VECTOR('',#1653,1.);
#775=VECTOR('',#1654,1.);
#776=VECTOR('',#1655,1.);
#777=VECTOR('',#1662,1.);
#778=VECTOR('',#1665,1.);
#779=VECTOR('',#1666,1.);
#780=VECTOR('',#1667,1.);
#781=EDGE_LOOP('',(#136,#137,#138,#139));
#782=EDGE_LOOP('',(#140,#141,#142,#143));
#783=EDGE_LOOP('',(#144,#145,#146,#147));
#784=EDGE_LOOP('',(#148,#149,#150,#151));
#785=EDGE_LOOP('',(#152,#153,#154,#155));
#786=EDGE_LOOP('',(#156,#157,#158,#159));
#787=EDGE_LOOP('',(#160,#161,#162,#163));
#788=EDGE_LOOP('',(#164,#165,#166,#167));
#789=EDGE_LOOP('',(#168));
#790=EDGE_LOOP('',(#169));
#791=EDGE_LOOP('',(#170));
#792=EDGE_LOOP('',(#171));
#793=EDGE_LOOP('',(#172,#173,#174,#175,#176,#177,#178,#179));
#794=EDGE_LOOP('',(#180,#181,#182,#183,#184,#185,#186,#187));
#795=EDGE_LOOP('',(#188));
#796=EDGE_LOOP('',(#189));
#797=EDGE_LOOP('',(#190));
#798=EDGE_LOOP('',(#191));
#799=EDGE_LOOP('',(#192));
#800=EDGE_LOOP('',(#193));
#801=EDGE_LOOP('',(#194));
#802=EDGE_LOOP('',(#195));
#803=EDGE_LOOP('',(#196));
#804=EDGE_LOOP('',(#197));
#805=EDGE_LOOP('',(#198));
#806=EDGE_LOOP('',(#199));
#807=EDGE_LOOP('',(#200,#201,#202,#203));
#808=EDGE_LOOP('',(#204,#205,#206,#207));
#809=EDGE_LOOP('',(#208,#209,#210,#211));
#810=EDGE_LOOP('',(#212,#213,#214,#215));
#811=EDGE_LOOP('',(#216,#217,#218,#219));
#812=EDGE_LOOP('',(#220,#221,#222,#223));
#813=EDGE_LOOP('',(#224,#225,#226,#227));
#814=EDGE_LOOP('',(#228,#229,#230,#231));
#815=EDGE_LOOP('',(#232));
#816=EDGE_LOOP('',(#233));
#817=EDGE_LOOP('',(#234));
#818=EDGE_LOOP('',(#235));
#819=EDGE_LOOP('',(#236,#237,#238,#239,#240,#241,#242,#243));
#820=EDGE_LOOP('',(#244,#245,#246,#247,#248,#249,#250,#251));
#821=EDGE_LOOP('',(#252));
#822=EDGE_LOOP('',(#253));
#823=EDGE_LOOP('',(#254));
#824=EDGE_LOOP('',(#255));
#825=EDGE_LOOP('',(#256));
#826=EDGE_LOOP('',(#257));
#827=EDGE_LOOP('',(#258));
#828=EDGE_LOOP('',(#259));
#829=EDGE_LOOP('',(#260));
#830=EDGE_LOOP('',(#261));
#831=EDGE_LOOP('',(#262));
#832=EDGE_LOOP('',(#263));
#833=EDGE_LOOP('',(#264,#265,#266,#267));
#834=EDGE_LOOP('',(#268,#269,#270,#271));
#835=EDGE_LOOP('',(#272,#273,#274,#275));
#836=EDGE_LOOP('',(#276,#277,#278,#279));
#837=EDGE_LOOP('',(#280,#281,#282,#283));
#838=EDGE_LOOP('',(#284,#285,#286,#287));
#839=EDGE_LOOP('',(#288,#289,#290,#291));
#840=EDGE_LOOP('',(#292,#293,#294,#295));
#841=EDGE_LOOP('',(#296));
#842=EDGE_LOOP('',(#297));
#843=EDGE_LOOP('',(#298));
#844=EDGE_LOOP('',(#299));
#845=EDGE_LOOP('',(#300,#301,#302,#303,#304,#305,#306,#307));
#846=EDGE_LOOP('',(#308,#309,#310,#311,#312,#313,#314,#315));
#847=EDGE_LOOP('',(#316));
#848=EDGE_LOOP('',(#317));
#849=EDGE_LOOP('',(#318));
#850=EDGE_LOOP('',(#319));
#851=EDGE_LOOP('',(#320));
#852=EDGE_LOOP('',(#321));
#853=EDGE_LOOP('',(#322));
#854=EDGE_LOOP('',(#323));
#855=EDGE_LOOP('',(#324));
#856=EDGE_LOOP('',(#325));
#857=EDGE_LOOP('',(#326));
#858=EDGE_LOOP('',(#327));
#859=EDGE_LOOP('',(#328,#329,#330,#331));
#860=EDGE_LOOP('',(#332,#333,#334,#335));
#861=EDGE_LOOP('',(#336,#337,#338,#339));
#862=EDGE_LOOP('',(#340,#341,#342,#343));
#863=EDGE_LOOP('',(#344,#345,#346,#347));
#864=EDGE_LOOP('',(#348,#349,#350,#351));
#865=EDGE_LOOP('',(#352,#353,#354,#355));
#866=EDGE_LOOP('',(#356,#357,#358,#359));
#867=EDGE_LOOP('',(#360));
#868=EDGE_LOOP('',(#361));
#869=EDGE_LOOP('',(#362));
#870=EDGE_LOOP('',(#363));
#871=EDGE_LOOP('',(#364,#365,#366,#367,#368,#369,#370,#371));
#872=EDGE_LOOP('',(#372,#373,#374,#375,#376,#377,#378,#379));
#873=EDGE_LOOP('',(#380));
#874=EDGE_LOOP('',(#381));
#875=EDGE_LOOP('',(#382));
#876=EDGE_LOOP('',(#383));
#877=EDGE_LOOP('',(#384));
#878=EDGE_LOOP('',(#385));
#879=EDGE_LOOP('',(#386));
#880=EDGE_LOOP('',(#387));
#881=EDGE_LOOP('',(#388));
#882=EDGE_LOOP('',(#389));
#883=EDGE_LOOP('',(#390));
#884=EDGE_LOOP('',(#391));
#885=EDGE_LOOP('',(#392));
#886=EDGE_LOOP('',(#393));
#887=EDGE_LOOP('',(#394));
#888=EDGE_LOOP('',(#395));
#889=EDGE_LOOP('',(#396));
#890=EDGE_LOOP('',(#397));
#891=EDGE_LOOP('',(#398));
#892=EDGE_LOOP('',(#399));
#893=EDGE_LOOP('',(#400));
#894=EDGE_LOOP('',(#401));
#895=EDGE_LOOP('',(#402));
#896=EDGE_LOOP('',(#403));
#897=EDGE_LOOP('',(#404));
#898=EDGE_LOOP('',(#405));
#899=EDGE_LOOP('',(#406));
#900=EDGE_LOOP('',(#407));
#901=EDGE_LOOP('',(#408));
#902=EDGE_LOOP('',(#409));
#903=FACE_BOUND('',#781,.T.);
#904=FACE_BOUND('',#782,.T.);
#905=FACE_BOUND('',#783,.T.);
#906=FACE_BOUND('',#784,.T.);
#907=FACE_BOUND('',#785,.T.);
#908=FACE_BOUND('',#786,.T.);
#909=FACE_BOUND('',#787,.T.);
#910=FACE_BOUND('',#788,.T.);
#911=FACE_BOUND('',#789,.T.);
#912=FACE_BOUND('',#790,.T.);
#913=FACE_BOUND('',#791,.T.);
#914=FACE_BOUND('',#792,.T.);
#915=FACE_BOUND('',#793,.T.);
#916=FACE_BOUND('',#794,.T.);
#917=FACE_BOUND('',#795,.T.);
#918=FACE_BOUND('',#796,.T.);
#919=FACE_BOUND('',#797,.T.);
#920=FACE_BOUND('',#798,.T.);
#921=FACE_BOUND('',#799,.T.);
#922=FACE_BOUND('',#800,.T.);
#923=FACE_BOUND('',#801,.T.);
#924=FACE_BOUND('',#802,.T.);
#925=FACE_BOUND('',#803,.T.);
#926=FACE_BOUND('',#804,.T.);
#927=FACE_BOUND('',#805,.T.);
#928=FACE_BOUND('',#806,.T.);
#929=FACE_BOUND('',#807,.T.);
#930=FACE_BOUND('',#808,.T.);
#931=FACE_BOUND('',#809,.T.);
#932=FACE_BOUND('',#810,.T.);
#933=FACE_BOUND('',#811,.T.);
#934=FACE_BOUND('',#812,.T.);
#935=FACE_BOUND('',#813,.T.);
#936=FACE_BOUND('',#814,.T.);
#937=FACE_BOUND('',#815,.T.);
#938=FACE_BOUND('',#816,.T.);
#939=FACE_BOUND('',#817,.T.);
#940=FACE_BOUND('',#818,.T.);
#941=FACE_BOUND('',#819,.T.);
#942=FACE_BOUND('',#820,.T.);
#943=FACE_BOUND('',#821,.T.);
#944=FACE_BOUND('',#822,.T.);
#945=FACE_BOUND('',#823,.T.);
#946=FACE_BOUND('',#824,.T.);
#947=FACE_BOUND('',#825,.T.);
#948=FACE_BOUND('',#826,.T.);
#949=FACE_BOUND('',#827,.T.);
#950=FACE_BOUND('',#828,.T.);
#951=FACE_BOUND('',#829,.T.);
#952=FACE_BOUND('',#830,.T.);
#953=FACE_BOUND('',#831,.T.);
#954=FACE_BOUND('',#832,.T.);
#955=FACE_BOUND('',#833,.T.);
#956=FACE_BOUND('',#834,.T.);
#957=FACE_BOUND('',#835,.T.);
#958=FACE_BOUND('',#836,.T.);
#959=FACE_BOUND('',#837,.T.);
#960=FACE_BOUND('',#838,.T.);
#961=FACE_BOUND('',#839,.T.);
#962=FACE_BOUND('',#840,.T.);
#963=FACE_BOUND('',#841,.T.);
#964=FACE_BOUND('',#842,.T.);
#965=FACE_BOUND('',#843,.T.);
#966=FACE_BOUND('',#844,.T.);
#967=FACE_BOUND('',#845,.T.);
#968=FACE_BOUND('',#846,.T.);
#969=FACE_BOUND('',#847,.T.);
#970=FACE_BOUND('',#848,.T.);
#971=FACE_BOUND('',#849,.T.);
#972=FACE_BOUND('',#850,.T.);
#973=FACE_BOUND('',#851,.T.);
#974=FACE_BOUND('',#852,.T.);
#975=FACE_BOUND('',#853,.T.);
#976=FACE_BOUND('',#854,.T.);
#977=FACE_BOUND('',#855,.T.);
#978=FACE_BOUND('',#856,.T.);
#979=FACE_BOUND('',#857,.T.);
#980=FACE_BOUND('',#858,.T.);
#981=FACE_BOUND('',#859,.T.);
#982=FACE_BOUND('',#860,.T.);
#983=FACE_BOUND('',#861,.T.);
#984=FACE_BOUND('',#862,.T.);
#985=FACE_BOUND('',#863,.T.);
#986=FACE_BOUND('',#864,.T.);
#987=FACE_BOUND('',#865,.T.);
#988=FACE_BOUND('',#866,.T.);
#989=FACE_BOUND('',#867,.T.);
#990=FACE_BOUND('',#868,.T.);
#991=FACE_BOUND('',#869,.T.);
#992=FACE_BOUND('',#870,.T.);
#993=FACE_BOUND('',#871,.T.);
#994=FACE_BOUND('',#872,.T.);
#995=FACE_BOUND('',#873,.T.);
#996=FACE_BOUND('',#874,.T.);
#997=FACE_BOUND('',#875,.T.);
#998=FACE_BOUND('',#876,.T.);
#999=FACE_BOUND('',#877,.T.);
#1000=FACE_BOUND('',#878,.T.);
#1001=FACE_BOUND('',#879,.T.);
#1002=FACE_BOUND('',#880,.T.);
#1003=FACE_BOUND('',#881,.T.);
#1004=FACE_BOUND('',#882,.T.);
#1005=FACE_BOUND('',#883,.T.);
#1006=FACE_BOUND('',#884,.T.);
#1007=FACE_BOUND('',#885,.T.);
#1008=FACE_BOUND('',#886,.T.);
#1009=FACE_BOUND('',#887,.T.);
#1010=FACE_BOUND('',#888,.T.);
#1011=FACE_BOUND('',#889,.T.);
#1012=FACE_BOUND('',#13,.T.);
#1013=FACE_BOUND('',#890,.T.);
#1014=FACE_BOUND('',#891,.T.);
#1015=FACE_BOUND('',#892,.T.);
#1016=FACE_BOUND('',#893,.T.);
#1017=FACE_BOUND('',#894,.T.);
#1018=FACE_BOUND('',#895,.T.);
#1019=FACE_BOUND('',#896,.T.);
#1020=FACE_BOUND('',#897,.T.);
#1021=FACE_BOUND('',#898,.T.);
#1022=FACE_BOUND('',#899,.T.);
#1023=FACE_BOUND('',#900,.T.);
#1024=FACE_BOUND('',#901,.T.);
#1025=FACE_BOUND('',#902,.T.);
#1026=PLANE('',#1209);
#1027=PLANE('',#1213);
#1028=PLANE('',#1217);
#1029=PLANE('',#1221);
#1030=PLANE('',#1225);
#1031=PLANE('',#1230);
#1032=PLANE('',#1233);
#1033=PLANE('',#1236);
#1034=PLANE('',#1239);
#1035=PLANE('',#1242);
#1036=PLANE('',#1244);
#1037=PLANE('',#1248);
#1038=PLANE('',#1252);
#1039=PLANE('',#1256);
#1040=PLANE('',#1260);
#1041=PLANE('',#1265);
#1042=PLANE('',#1268);
#1043=PLANE('',#1271);
#1044=PLANE('',#1274);
#1045=PLANE('',#1277);
#1046=PLANE('',#1279);
#1047=PLANE('',#1283);
#1048=PLANE('',#1287);
#1049=PLANE('',#1291);
#1050=PLANE('',#1295);
#1051=PLANE('',#1300);
#1052=PLANE('',#1303);
#1053=PLANE('',#1306);
#1054=PLANE('',#1309);
#1055=PLANE('',#1312);
#1056=PLANE('',#1314);
#1057=PLANE('',#1318);
#1058=PLANE('',#1322);
#1059=PLANE('',#1326);
#1060=PLANE('',#1330);
#1061=PLANE('',#1335);
#1062=PLANE('',#1338);
#1063=PLANE('',#1341);
#1064=PLANE('',#1344);
#1065=PLANE('',#1347);
#1066=PLANE('',#1349);
#1067=ADVANCED_FACE('',(#903),#1026,.T.);
#1068=ADVANCED_FACE('',(#904),#104,.T.);
#1069=ADVANCED_FACE('',(#905),#1027,.T.);
#1070=ADVANCED_FACE('',(#906),#105,.T.);
#1071=ADVANCED_FACE('',(#907),#1028,.F.);
#1072=ADVANCED_FACE('',(#908),#106,.T.);
#1073=ADVANCED_FACE('',(#909),#1029,.F.);
#1074=ADVANCED_FACE('',(#910),#107,.T.);
#1075=ADVANCED_FACE('',(#911,#912,#913,#914,#915),#1030,.F.);
#1076=ADVANCED_FACE('',(#916),#1031,.T.);
#1077=ADVANCED_FACE('',(#917,#918),#108,.F.);
#1078=ADVANCED_FACE('',(#919),#1032,.T.);
#1079=ADVANCED_FACE('',(#920,#921),#109,.F.);
#1080=ADVANCED_FACE('',(#922),#1033,.T.);
#1081=ADVANCED_FACE('',(#923,#924),#110,.F.);
#1082=ADVANCED_FACE('',(#925),#1034,.T.);
#1083=ADVANCED_FACE('',(#926,#927),#111,.F.);
#1084=ADVANCED_FACE('',(#928),#1035,.T.);
#1085=ADVANCED_FACE('',(#929),#1036,.T.);
#1086=ADVANCED_FACE('',(#930),#112,.T.);
#1087=ADVANCED_FACE('',(#931),#1037,.T.);
#1088=ADVANCED_FACE('',(#932),#113,.T.);
#1089=ADVANCED_FACE('',(#933),#1038,.F.);
#1090=ADVANCED_FACE('',(#934),#114,.T.);
#1091=ADVANCED_FACE('',(#935),#1039,.F.);
#1092=ADVANCED_FACE('',(#936),#115,.T.);
#1093=ADVANCED_FACE('',(#937,#938,#939,#940,#941),#1040,.F.);
#1094=ADVANCED_FACE('',(#942),#1041,.T.);
#1095=ADVANCED_FACE('',(#943,#944),#116,.F.);
#1096=ADVANCED_FACE('',(#945),#1042,.T.);
#1097=ADVANCED_FACE('',(#946,#947),#117,.F.);
#1098=ADVANCED_FACE('',(#948),#1043,.T.);
#1099=ADVANCED_FACE('',(#949,#950),#118,.F.);
#1100=ADVANCED_FACE('',(#951),#1044,.T.);
#1101=ADVANCED_FACE('',(#952,#953),#119,.F.);
#1102=ADVANCED_FACE('',(#954),#1045,.T.);
#1103=ADVANCED_FACE('',(#955),#1046,.T.);
#1104=ADVANCED_FACE('',(#956),#120,.T.);
#1105=ADVANCED_FACE('',(#957),#1047,.T.);
#1106=ADVANCED_FACE('',(#958),#121,.T.);
#1107=ADVANCED_FACE('',(#959),#1048,.F.);
#1108=ADVANCED_FACE('',(#960),#122,.T.);
#1109=ADVANCED_FACE('',(#961),#1049,.F.);
#1110=ADVANCED_FACE('',(#962),#123,.T.);
#1111=ADVANCED_FACE('',(#963,#964,#965,#966,#967),#1050,.F.);
#1112=ADVANCED_FACE('',(#968),#1051,.T.);
#1113=ADVANCED_FACE('',(#969,#970),#124,.F.);
#1114=ADVANCED_FACE('',(#971),#1052,.T.);
#1115=ADVANCED_FACE('',(#972,#973),#125,.F.);
#1116=ADVANCED_FACE('',(#974),#1053,.T.);
#1117=ADVANCED_FACE('',(#975,#976),#126,.F.);
#1118=ADVANCED_FACE('',(#977),#1054,.T.);
#1119=ADVANCED_FACE('',(#978,#979),#127,.F.);
#1120=ADVANCED_FACE('',(#980),#1055,.T.);
#1121=ADVANCED_FACE('',(#981),#1056,.T.);
#1122=ADVANCED_FACE('',(#982),#128,.T.);
#1123=ADVANCED_FACE('',(#983),#1057,.T.);
#1124=ADVANCED_FACE('',(#984),#129,.T.);
#1125=ADVANCED_FACE('',(#985),#1058,.F.);
#1126=ADVANCED_FACE('',(#986),#130,.T.);
#1127=ADVANCED_FACE('',(#987),#1059,.F.);
#1128=ADVANCED_FACE('',(#988),#131,.T.);
#1129=ADVANCED_FACE('',(#989,#990,#991,#992,#993),#1060,.F.);
#1130=ADVANCED_FACE('',(#994),#1061,.T.);
#1131=ADVANCED_FACE('',(#995,#996),#132,.F.);
#1132=ADVANCED_FACE('',(#997),#1062,.T.);
#1133=ADVANCED_FACE('',(#998,#999),#133,.F.);
#1134=ADVANCED_FACE('',(#1000),#1063,.T.);
#1135=ADVANCED_FACE('',(#1001,#1002),#134,.F.);
#1136=ADVANCED_FACE('',(#1003),#1064,.T.);
#1137=ADVANCED_FACE('',(#1004,#1005),#135,.F.);
#1138=ADVANCED_FACE('',(#1006),#1065,.T.);
#1139=ADVANCED_FACE('',(#1007),#1066,.T.);
#1140=ADVANCED_FACE('',(#1008,#1009),#14,.T.);
#1141=ADVANCED_FACE('',(#1010,#1011),#15,.F.);
#1142=ADVANCED_FACE('',(#1012,#1013),#16,.T.);
#1143=ADVANCED_FACE('',(#1014,#1015),#17,.F.);
#1144=ADVANCED_FACE('',(#1016,#1017),#11,.F.);
#1145=ADVANCED_FACE('',(#1018,#1019),#18,.T.);
#1146=ADVANCED_FACE('',(#1020,#1021),#19,.F.);
#1147=ADVANCED_FACE('',(#1022,#1023),#20,.F.);
#1148=ADVANCED_FACE('',(#1024,#1025),#12,.F.);
#1149=CLOSED_SHELL('',(#1067,#1068,#1069,#1070,#1071,#1072,#1073,#1074,
#1075,#1076,#1077,#1078,#1079,#1080,#1081,#1082,#1083,#1084));
#1150=CLOSED_SHELL('',(#1085,#1086,#1087,#1088,#1089,#1090,#1091,#1092,
#1093,#1094,#1095,#1096,#1097,#1098,#1099,#1100,#1101,#1102));
#1151=CLOSED_SHELL('',(#1103,#1104,#1105,#1106,#1107,#1108,#1109,#1110,
#1111,#1112,#1113,#1114,#1115,#1116,#1117,#1118,#1119,#1120));
#1152=CLOSED_SHELL('',(#1121,#1122,#1123,#1124,#1125,#1126,#1127,#1128,
#1129,#1130,#1131,#1132,#1133,#1134,#1135,#1136,#1137,#1138));
#1153=CLOSED_SHELL('',(#1139,#1140,#1141,#1142,#1143,#1144,#1145,#1146,
#1147,#1148));
#1154=STYLED_ITEM('',(#1159),#1194);
#1155=STYLED_ITEM('',(#1160),#1195);
#1156=STYLED_ITEM('',(#1161),#1196);
#1157=STYLED_ITEM('',(#1162),#1197);
#1158=STYLED_ITEM('',(#1163),#21);
#1159=PRESENTATION_STYLE_ASSIGNMENT((#1164));
#1160=PRESENTATION_STYLE_ASSIGNMENT((#1165));
#1161=PRESENTATION_STYLE_ASSIGNMENT((#1166));
#1162=PRESENTATION_STYLE_ASSIGNMENT((#1167));
#1163=PRESENTATION_STYLE_ASSIGNMENT((#1168));
#1164=SURFACE_STYLE_USAGE(.BOTH.,#1169);
#1165=SURFACE_STYLE_USAGE(.BOTH.,#1170);
#1166=SURFACE_STYLE_USAGE(.BOTH.,#1171);
#1167=SURFACE_STYLE_USAGE(.BOTH.,#1172);
#1168=SURFACE_STYLE_USAGE(.BOTH.,#1173);
#1169=SURFACE_SIDE_STYLE('',(#1174));
#1170=SURFACE_SIDE_STYLE('',(#1175));
#1171=SURFACE_SIDE_STYLE('',(#1176));
#1172=SURFACE_SIDE_STYLE('',(#1177));
#1173=SURFACE_SIDE_STYLE('',(#1178));
#1174=SURFACE_STYLE_FILL_AREA(#1179);
#1175=SURFACE_STYLE_FILL_AREA(#1180);
#1176=SURFACE_STYLE_FILL_AREA(#1181);
#1177=SURFACE_STYLE_FILL_AREA(#1182);
#1178=SURFACE_STYLE_FILL_AREA(#1183);
#1179=FILL_AREA_STYLE('',(#1184));
#1180=FILL_AREA_STYLE('',(#1185));
#1181=FILL_AREA_STYLE('',(#1186));
#1182=FILL_AREA_STYLE('',(#1187));
#1183=FILL_AREA_STYLE('',(#1188));
#1184=FILL_AREA_STYLE_COLOUR('',#1189);
#1185=FILL_AREA_STYLE_COLOUR('',#1190);
#1186=FILL_AREA_STYLE_COLOUR('',#1191);
#1187=FILL_AREA_STYLE_COLOUR('',#1192);
#1188=FILL_AREA_STYLE_COLOUR('',#1193);
#1189=COLOUR_RGB('',0.647058823529412,0.647058823529412,0.647058823529412);
#1190=COLOUR_RGB('',0.917647058823529,0.917647058823529,0.917647058823529);
#1191=COLOUR_RGB('',0.231372549019608,0.380392156862745,0.705882352941177);
#1192=COLOUR_RGB('',0.768627450980392,0.886274509803922,0.952941176470588);
#1193=COLOUR_RGB('',0.615686274509804,0.811764705882353,0.929411764705882);
#1194=MANIFOLD_SOLID_BREP('Part 1',#1149);
#1195=MANIFOLD_SOLID_BREP('Part 3',#1150);
#1196=MANIFOLD_SOLID_BREP('Part 2',#1151);
#1197=MANIFOLD_SOLID_BREP('Part 4',#1152);
#1198=SHAPE_DEFINITION_REPRESENTATION(#2370,#1203);
#1199=SHAPE_DEFINITION_REPRESENTATION(#2371,#1204);
#1200=SHAPE_DEFINITION_REPRESENTATION(#2372,#1205);
#1201=SHAPE_DEFINITION_REPRESENTATION(#2373,#1206);
#1202=SHAPE_DEFINITION_REPRESENTATION(#2374,#1207);
#1203=SHAPE_REPRESENTATION('Part 1',(#1208),#2345);
#1204=SHAPE_REPRESENTATION('Part 3',(#1243),#2346);
#1205=SHAPE_REPRESENTATION('Part 2',(#1278),#2347);
#1206=SHAPE_REPRESENTATION('Part 4',(#1313),#2348);
#1207=SHAPE_REPRESENTATION('Surface 1',(#1348),#2349);
#1208=AXIS2_PLACEMENT_3D('',#1746,#1366,#1367);
#1209=AXIS2_PLACEMENT_3D('',#1747,#1368,#1369);
#1210=AXIS2_PLACEMENT_3D('',#1756,#1374,#1375);
#1211=AXIS2_PLACEMENT_3D('',#1757,#1376,#1377);
#1212=AXIS2_PLACEMENT_3D('',#1759,#1378,#1379);
#1213=AXIS2_PLACEMENT_3D('',#1762,#1381,#1382);
#1214=AXIS2_PLACEMENT_3D('',#1768,#1386,#1387);
#1215=AXIS2_PLACEMENT_3D('',#1769,#1388,#1389);
#1216=AXIS2_PLACEMENT_3D('',#1771,#1390,#1391);
#1217=AXIS2_PLACEMENT_3D('',#1774,#1393,#1394);
#1218=AXIS2_PLACEMENT_3D('',#1780,#1398,#1399);
#1219=AXIS2_PLACEMENT_3D('',#1781,#1400,#1401);
#1220=AXIS2_PLACEMENT_3D('',#1783,#1402,#1403);
#1221=AXIS2_PLACEMENT_3D('',#1786,#1405,#1406);
#1222=AXIS2_PLACEMENT_3D('',#1792,#1410,#1411);
#1223=AXIS2_PLACEMENT_3D('',#1793,#1412,#1413);
#1224=AXIS2_PLACEMENT_3D('',#1794,#1414,#1415);
#1225=AXIS2_PLACEMENT_3D('',#1795,#1416,#1417);
#1226=AXIS2_PLACEMENT_3D('',#1796,#1418,#1419);
#1227=AXIS2_PLACEMENT_3D('',#1798,#1420,#1421);
#1228=AXIS2_PLACEMENT_3D('',#1800,#1422,#1423);
#1229=AXIS2_PLACEMENT_3D('',#1802,#1424,#1425);
#1230=AXIS2_PLACEMENT_3D('',#1804,#1426,#1427);
#1231=AXIS2_PLACEMENT_3D('',#1805,#1428,#1429);
#1232=AXIS2_PLACEMENT_3D('',#1806,#1430,#1431);
#1233=AXIS2_PLACEMENT_3D('',#1808,#1432,#1433);
#1234=AXIS2_PLACEMENT_3D('',#1809,#1434,#1435);
#1235=AXIS2_PLACEMENT_3D('',#1810,#1436,#1437);
#1236=AXIS2_PLACEMENT_3D('',#1812,#1438,#1439);
#1237=AXIS2_PLACEMENT_3D('',#1813,#1440,#1441);
#1238=AXIS2_PLACEMENT_3D('',#1814,#1442,#1443);
#1239=AXIS2_PLACEMENT_3D('',#1816,#1444,#1445);
#1240=AXIS2_PLACEMENT_3D('',#1817,#1446,#1447);
#1241=AXIS2_PLACEMENT_3D('',#1818,#1448,#1449);
#1242=AXIS2_PLACEMENT_3D('',#1820,#1450,#1451);
#1243=AXIS2_PLACEMENT_3D('',#1821,#1452,#1453);
#1244=AXIS2_PLACEMENT_3D('',#1822,#1454,#1455);
#1245=AXIS2_PLACEMENT_3D('',#1831,#1460,#1461);
#1246=AXIS2_PLACEMENT_3D('',#1832,#1462,#1463);
#1247=AXIS2_PLACEMENT_3D('',#1834,#1464,#1465);
#1248=AXIS2_PLACEMENT_3D('',#1837,#1467,#1468);
#1249=AXIS2_PLACEMENT_3D('',#1843,#1472,#1473);
#1250=AXIS2_PLACEMENT_3D('',#1844,#1474,#1475);
#1251=AXIS2_PLACEMENT_3D('',#1846,#1476,#1477);
#1252=AXIS2_PLACEMENT_3D('',#1849,#1479,#1480);
#1253=AXIS2_PLACEMENT_3D('',#1855,#1484,#1485);
#1254=AXIS2_PLACEMENT_3D('',#1856,#1486,#1487);
#1255=AXIS2_PLACEMENT_3D('',#1858,#1488,#1489);
#1256=AXIS2_PLACEMENT_3D('',#1861,#1491,#1492);
#1257=AXIS2_PLACEMENT_3D('',#1867,#1496,#1497);
#1258=AXIS2_PLACEMENT_3D('',#1868,#1498,#1499);
#1259=AXIS2_PLACEMENT_3D('',#1869,#1500,#1501);
#1260=AXIS2_PLACEMENT_3D('',#1870,#1502,#1503);
#1261=AXIS2_PLACEMENT_3D('',#1871,#1504,#1505);
#1262=AXIS2_PLACEMENT_3D('',#1873,#1506,#1507);
#1263=AXIS2_PLACEMENT_3D('',#1875,#1508,#1509);
#1264=AXIS2_PLACEMENT_3D('',#1877,#1510,#1511);
#1265=AXIS2_PLACEMENT_3D('',#1879,#1512,#1513);
#1266=AXIS2_PLACEMENT_3D('',#1880,#1514,#1515);
#1267=AXIS2_PLACEMENT_3D('',#1881,#1516,#1517);
#1268=AXIS2_PLACEMENT_3D('',#1883,#1518,#1519);
#1269=AXIS2_PLACEMENT_3D('',#1884,#1520,#1521);
#1270=AXIS2_PLACEMENT_3D('',#1885,#1522,#1523);
#1271=AXIS2_PLACEMENT_3D('',#1887,#1524,#1525);
#1272=AXIS2_PLACEMENT_3D('',#1888,#1526,#1527);
#1273=AXIS2_PLACEMENT_3D('',#1889,#1528,#1529);
#1274=AXIS2_PLACEMENT_3D('',#1891,#1530,#1531);
#1275=AXIS2_PLACEMENT_3D('',#1892,#1532,#1533);
#1276=AXIS2_PLACEMENT_3D('',#1893,#1534,#1535);
#1277=AXIS2_PLACEMENT_3D('',#1895,#1536,#1537);
#1278=AXIS2_PLACEMENT_3D('',#1896,#1538,#1539);
#1279=AXIS2_PLACEMENT_3D('',#1897,#1540,#1541);
#1280=AXIS2_PLACEMENT_3D('',#1906,#1546,#1547);
#1281=AXIS2_PLACEMENT_3D('',#1907,#1548,#1549);
#1282=AXIS2_PLACEMENT_3D('',#1909,#1550,#1551);
#1283=AXIS2_PLACEMENT_3D('',#1912,#1553,#1554);
#1284=AXIS2_PLACEMENT_3D('',#1918,#1558,#1559);
#1285=AXIS2_PLACEMENT_3D('',#1919,#1560,#1561);
#1286=AXIS2_PLACEMENT_3D('',#1921,#1562,#1563);
#1287=AXIS2_PLACEMENT_3D('',#1924,#1565,#1566);
#1288=AXIS2_PLACEMENT_3D('',#1930,#1570,#1571);
#1289=AXIS2_PLACEMENT_3D('',#1931,#1572,#1573);
#1290=AXIS2_PLACEMENT_3D('',#1933,#1574,#1575);
#1291=AXIS2_PLACEMENT_3D('',#1936,#1577,#1578);
#1292=AXIS2_PLACEMENT_3D('',#1942,#1582,#1583);
#1293=AXIS2_PLACEMENT_3D('',#1943,#1584,#1585);
#1294=AXIS2_PLACEMENT_3D('',#1944,#1586,#1587);
#1295=AXIS2_PLACEMENT_3D('',#1945,#1588,#1589);
#1296=AXIS2_PLACEMENT_3D('',#1946,#1590,#1591);
#1297=AXIS2_PLACEMENT_3D('',#1948,#1592,#1593);
#1298=AXIS2_PLACEMENT_3D('',#1950,#1594,#1595);
#1299=AXIS2_PLACEMENT_3D('',#1952,#1596,#1597);
#1300=AXIS2_PLACEMENT_3D('',#1954,#1598,#1599);
#1301=AXIS2_PLACEMENT_3D('',#1955,#1600,#1601);
#1302=AXIS2_PLACEMENT_3D('',#1956,#1602,#1603);
#1303=AXIS2_PLACEMENT_3D('',#1958,#1604,#1605);
#1304=AXIS2_PLACEMENT_3D('',#1959,#1606,#1607);
#1305=AXIS2_PLACEMENT_3D('',#1960,#1608,#1609);
#1306=AXIS2_PLACEMENT_3D('',#1962,#1610,#1611);
#1307=AXIS2_PLACEMENT_3D('',#1963,#1612,#1613);
#1308=AXIS2_PLACEMENT_3D('',#1964,#1614,#1615);
#1309=AXIS2_PLACEMENT_3D('',#1966,#1616,#1617);
#1310=AXIS2_PLACEMENT_3D('',#1967,#1618,#1619);
#1311=AXIS2_PLACEMENT_3D('',#1968,#1620,#1621);
#1312=AXIS2_PLACEMENT_3D('',#1970,#1622,#1623);
#1313=AXIS2_PLACEMENT_3D('',#1971,#1624,#1625);
#1314=AXIS2_PLACEMENT_3D('',#1972,#1626,#1627);
#1315=AXIS2_PLACEMENT_3D('',#1981,#1632,#1633);
#1316=AXIS2_PLACEMENT_3D('',#1982,#1634,#1635);
#1317=AXIS2_PLACEMENT_3D('',#1984,#1636,#1637);
#1318=AXIS2_PLACEMENT_3D('',#1987,#1639,#1640);
#1319=AXIS2_PLACEMENT_3D('',#1993,#1644,#1645);
#1320=AXIS2_PLACEMENT_3D('',#1994,#1646,#1647);
#1321=AXIS2_PLACEMENT_3D('',#1996,#1648,#1649);
#1322=AXIS2_PLACEMENT_3D('',#1999,#1651,#1652);
#1323=AXIS2_PLACEMENT_3D('',#2005,#1656,#1657);
#1324=AXIS2_PLACEMENT_3D('',#2006,#1658,#1659);
#1325=AXIS2_PLACEMENT_3D('',#2008,#1660,#1661);
#1326=AXIS2_PLACEMENT_3D('',#2011,#1663,#1664);
#1327=AXIS2_PLACEMENT_3D('',#2017,#1668,#1669);
#1328=AXIS2_PLACEMENT_3D('',#2018,#1670,#1671);
#1329=AXIS2_PLACEMENT_3D('',#2019,#1672,#1673);
#1330=AXIS2_PLACEMENT_3D('',#2020,#1674,#1675);
#1331=AXIS2_PLACEMENT_3D('',#2021,#1676,#1677);
#1332=AXIS2_PLACEMENT_3D('',#2023,#1678,#1679);
#1333=AXIS2_PLACEMENT_3D('',#2025,#1680,#1681);
#1334=AXIS2_PLACEMENT_3D('',#2027,#1682,#1683);
#1335=AXIS2_PLACEMENT_3D('',#2029,#1684,#1685);
#1336=AXIS2_PLACEMENT_3D('',#2030,#1686,#1687);
#1337=AXIS2_PLACEMENT_3D('',#2031,#1688,#1689);
#1338=AXIS2_PLACEMENT_3D('',#2033,#1690,#1691);
#1339=AXIS2_PLACEMENT_3D('',#2034,#1692,#1693);
#1340=AXIS2_PLACEMENT_3D('',#2035,#1694,#1695);
#1341=AXIS2_PLACEMENT_3D('',#2037,#1696,#1697);
#1342=AXIS2_PLACEMENT_3D('',#2038,#1698,#1699);
#1343=AXIS2_PLACEMENT_3D('',#2039,#1700,#1701);
#1344=AXIS2_PLACEMENT_3D('',#2041,#1702,#1703);
#1345=AXIS2_PLACEMENT_3D('',#2042,#1704,#1705);
#1346=AXIS2_PLACEMENT_3D('',#2043,#1706,#1707);
#1347=AXIS2_PLACEMENT_3D('',#2045,#1708,#1709);
#1348=AXIS2_PLACEMENT_3D('',#2046,#1710,#1711);
#1349=AXIS2_PLACEMENT_3D('',#2047,#1712,#1713);
#1350=AXIS2_PLACEMENT_3D('',#2048,#1714,#1715);
#1351=AXIS2_PLACEMENT_3D('',#2050,#1716,#1717);
#1352=AXIS2_PLACEMENT_3D('',#2051,#1718,#1719);
#1353=AXIS2_PLACEMENT_3D('',#2053,#1720,#1721);
#1354=AXIS2_PLACEMENT_3D('',#2054,#1722,#1723);
#1355=AXIS2_PLACEMENT_3D('',#2056,#1724,#1725);
#1356=AXIS2_PLACEMENT_3D('',#2058,#1726,#1727);
#1357=AXIS2_PLACEMENT_3D('',#2060,#1728,#1729);
#1358=AXIS2_PLACEMENT_3D('',#2061,#1730,#1731);
#1359=AXIS2_PLACEMENT_3D('',#2234,#1732,#1733);
#1360=AXIS2_PLACEMENT_3D('',#2236,#1734,#1735);
#1361=AXIS2_PLACEMENT_3D('',#2237,#1736,#1737);
#1362=AXIS2_PLACEMENT_3D('',#2239,#1738,#1739);
#1363=AXIS2_PLACEMENT_3D('',#2240,#1740,#1741);
#1364=AXIS2_PLACEMENT_3D('',#2242,#1742,#1743);
#1365=AXIS2_PLACEMENT_3D('',#2243,#1744,#1745);
#1366=DIRECTION('',(0.,0.,1.));
#1367=DIRECTION('',(1.,0.,0.));
#1368=DIRECTION('',(-2.89120391746968E-16,-3.29344633251205E-19,1.));
#1369=DIRECTION('',(1.,0.,2.89120391746968E-16));
#1370=DIRECTION('',(-0.999999351196303,-0.00113912553030651,-2.89120579329469E-16));
#1371=DIRECTION('',(0.00113912553030651,-0.999999351196303,0.));
#1372=DIRECTION('',(-0.999999351196303,-0.00113912553030651,-2.89120579329469E-16));
#1373=DIRECTION('',(0.00113912553030651,-0.999999351196303,0.));
#1374=DIRECTION('',(0.00113912553030651,-0.999999351196303,0.));
#1375=DIRECTION('',(0.999999351196303,0.00113912553030651,0.));
#1376=DIRECTION('',(0.00113912553030651,-0.999999351196303,0.));
#1377=DIRECTION('',(0.999999351196303,0.00113912553030651,0.));
#1378=DIRECTION('',(0.00113912553030651,-0.999999351196303,0.));
#1379=DIRECTION('',(0.999999351196303,0.00113912553030651,0.));
#1380=DIRECTION('',(0.00113912553030651,-0.999999351196303,0.));
#1381=DIRECTION('',(-0.999999351196303,-0.00113912553030651,-2.89120713372586E-16));
#1382=DIRECTION('',(0.00113912553030651,-0.999999351196303,0.));
#1383=DIRECTION('',(2.89120525789999E-16,3.29344785943143E-19,-1.));
#1384=DIRECTION('',(2.89120525789999E-16,3.29344785943143E-19,-1.));
#1385=DIRECTION('',(0.00113912553030651,-0.999999351196303,0.));
#1386=DIRECTION('',(0.00113912553030651,-0.999999351196303,0.));
#1387=DIRECTION('',(0.999999351196303,0.00113912553030651,0.));
#1388=DIRECTION('',(0.00113912553030651,-0.999999351196303,0.));
#1389=DIRECTION('',(0.999999351196303,0.00113912553030651,0.));
#1390=DIRECTION('',(0.00113912553030651,-0.999999351196303,0.));
#1391=DIRECTION('',(0.999999351196303,0.00113912553030651,0.));
#1392=DIRECTION('',(0.00113912553030651,-0.999999351196303,0.));
#1393=DIRECTION('',(-3.6140048968371E-16,-4.11680791564007E-19,1.));
#1394=DIRECTION('',(1.,0.,3.6140048968371E-16));
#1395=DIRECTION('',(-0.999999351196303,-0.00113912553030651,-3.61400724161836E-16));
#1396=DIRECTION('',(-0.999999351196303,-0.00113912553030651,-3.61400724161836E-16));
#1397=DIRECTION('',(0.00113912553030651,-0.999999351196303,0.));
#1398=DIRECTION('',(0.00113912553030651,-0.999999351196303,0.));
#1399=DIRECTION('',(0.999999351196303,0.00113912553030651,0.));
#1400=DIRECTION('',(0.00113912553030651,-0.999999351196303,0.));
#1401=DIRECTION('',(0.999999351196303,0.00113912553030651,0.));
#1402=DIRECTION('',(0.00113912553030651,-0.999999351196303,0.));
#1403=DIRECTION('',(0.999999351196303,0.00113912553030651,0.));
#1404=DIRECTION('',(0.00113912553030651,-0.999999351196303,0.));
#1405=DIRECTION('',(-0.999999351196303,-0.00113912553030651,-2.89121034998205E-16));
#1406=DIRECTION('',(0.00113912553030651,-0.999999351196303,0.));
#1407=DIRECTION('',(2.89120847415408E-16,3.29345152315096E-19,-1.));
#1408=DIRECTION('',(2.89120847415408E-16,3.29345152315096E-19,-1.));
#1409=DIRECTION('',(0.00113912553030651,-0.999999351196303,0.));
#1410=DIRECTION('',(0.00113912553030651,-0.999999351196303,0.));
#1411=DIRECTION('',(0.999999351196303,0.00113912553030651,0.));
#1412=DIRECTION('',(0.00113912553030651,-0.999999351196303,0.));
#1413=DIRECTION('',(0.999999351196303,0.00113912553030651,0.));
#1414=DIRECTION('',(0.00113912553030651,-0.999999351196303,0.));
#1415=DIRECTION('',(0.999999351196303,0.00113912553030651,0.));
#1416=DIRECTION('',(0.00113912553030651,-0.999999351196303,0.));
#1417=DIRECTION('',(0.999999351196303,0.00113912553030651,0.));
#1418=DIRECTION('',(-0.00113912553030651,0.999999351196303,0.));
#1419=DIRECTION('',(-0.999999351196303,-0.00113912553030651,0.));
#1420=DIRECTION('',(-0.00113912553030651,0.999999351196303,0.));
#1421=DIRECTION('',(-0.999999351196303,-0.00113912553030651,0.));
#1422=DIRECTION('',(-0.00113912553030651,0.999999351196303,0.));
#1423=DIRECTION('',(-0.999999351196303,-0.00113912553030651,0.));
#1424=DIRECTION('',(-0.00113912553030651,0.999999351196303,0.));
#1425=DIRECTION('',(-0.999999351196303,-0.00113912553030651,0.));
#1426=DIRECTION('',(0.00113912553030651,-0.999999351196303,0.));
#1427=DIRECTION('',(0.999999351196303,0.00113912553030651,0.));
#1428=DIRECTION('',(-0.00113912553030651,0.999999351196303,0.));
#1429=DIRECTION('',(-0.999999351196303,-0.00113912553030651,0.));
#1430=DIRECTION('',(-0.00113912553030651,0.999999351196303,0.));
#1431=DIRECTION('',(-0.999999351196303,-0.00113912553030651,0.));
#1432=DIRECTION('',(-0.00113912553030651,0.999999351196303,0.));
#1433=DIRECTION('',(-0.999999351196303,-0.00113912553030651,0.));
#1434=DIRECTION('',(-0.00113912553030651,0.999999351196303,0.));
#1435=DIRECTION('',(-0.999999351196303,-0.00113912553030651,0.));
#1436=DIRECTION('',(-0.00113912553030651,0.999999351196303,0.));
#1437=DIRECTION('',(-0.999999351196303,-0.00113912553030651,0.));
#1438=DIRECTION('',(-0.00113912553030651,0.999999351196303,0.));
#1439=DIRECTION('',(-0.999999351196303,-0.00113912553030651,0.));
#1440=DIRECTION('',(-0.00113912553030651,0.999999351196303,0.));
#1441=DIRECTION('',(-0.999999351196303,-0.00113912553030651,0.));
#1442=DIRECTION('',(-0.00113912553030651,0.999999351196303,0.));
#1443=DIRECTION('',(-0.999999351196303,-0.00113912553030651,0.));
#1444=DIRECTION('',(-0.00113912553030651,0.999999351196303,0.));
#1445=DIRECTION('',(-0.999999351196303,-0.00113912553030651,0.));
#1446=DIRECTION('',(-0.00113912553030651,0.999999351196303,0.));
#1447=DIRECTION('',(-0.999999351196303,-0.00113912553030651,0.));
#1448=DIRECTION('',(-0.00113912553030651,0.999999351196303,0.));
#1449=DIRECTION('',(-0.999999351196303,-0.00113912553030651,0.));
#1450=DIRECTION('',(-0.00113912553030651,0.999999351196303,0.));
#1451=DIRECTION('',(-0.999999351196303,-0.00113912553030651,0.));
#1452=DIRECTION('',(0.,0.,1.));
#1453=DIRECTION('',(1.,0.,0.));
#1454=DIRECTION('',(-3.6140048968371E-16,-4.11680791564007E-19,1.));
#1455=DIRECTION('',(1.,0.,3.6140048968371E-16));
#1456=DIRECTION('',(-0.999999351196303,-0.00113912553030651,-3.61400724161837E-16));
#1457=DIRECTION('',(0.00113912553030651,-0.999999351196303,0.));
#1458=DIRECTION('',(-0.999999351196303,-0.00113912553030651,-3.61400724161837E-16));
#1459=DIRECTION('',(0.00113912553030651,-0.999999351196303,0.));
#1460=DIRECTION('',(0.00113912553030651,-0.999999351196303,0.));
#1461=DIRECTION('',(0.999999351196303,0.00113912553030651,0.));
#1462=DIRECTION('',(0.00113912553030651,-0.999999351196303,0.));
#1463=DIRECTION('',(0.999999351196303,0.00113912553030651,0.));
#1464=DIRECTION('',(0.00113912553030651,-0.999999351196303,0.));
#1465=DIRECTION('',(0.999999351196303,0.00113912553030651,0.));
#1466=DIRECTION('',(0.00113912553030651,-0.999999351196303,0.));
#1467=DIRECTION('',(-0.999999351196303,-0.00113912553030651,-2.89120874185395E-16));
#1468=DIRECTION('',(0.00113912553030651,-0.999999351196303,0.));
#1469=DIRECTION('',(2.89120686602703E-16,3.2934496912912E-19,-1.));
#1470=DIRECTION('',(2.89120686602703E-16,3.2934496912912E-19,-1.));
#1471=DIRECTION('',(0.00113912553030651,-0.999999351196303,0.));
#1472=DIRECTION('',(0.00113912553030651,-0.999999351196303,0.));
#1473=DIRECTION('',(0.999999351196303,0.00113912553030651,0.));
#1474=DIRECTION('',(0.00113912553030651,-0.999999351196303,0.));
#1475=DIRECTION('',(0.999999351196303,0.00113912553030651,0.));
#1476=DIRECTION('',(0.00113912553030651,-0.999999351196303,0.));
#1477=DIRECTION('',(0.999999351196303,0.00113912553030651,0.));
#1478=DIRECTION('',(0.00113912553030651,-0.999999351196303,0.));
#1479=DIRECTION('',(-5.78240783493936E-16,-6.58689266502411E-19,1.));
#1480=DIRECTION('',(1.,0.,5.78240783493936E-16));
#1481=DIRECTION('',(-0.999999351196303,-0.00113912553030651,-5.78241158658938E-16));
#1482=DIRECTION('',(-0.999999351196303,-0.00113912553030651,-5.78241158658938E-16));
#1483=DIRECTION('',(0.00113912553030651,-0.999999351196303,0.));
#1484=DIRECTION('',(0.00113912553030651,-0.999999351196303,0.));
#1485=DIRECTION('',(0.999999351196303,0.00113912553030651,0.));
#1486=DIRECTION('',(0.00113912553030651,-0.999999351196303,0.));
#1487=DIRECTION('',(0.999999351196303,0.00113912553030651,0.));
#1488=DIRECTION('',(0.00113912553030651,-0.999999351196303,0.));
#1489=DIRECTION('',(0.999999351196303,0.00113912553030651,0.));
#1490=DIRECTION('',(0.00113912553030651,-0.999999351196303,0.));
#1491=DIRECTION('',(-0.999999351196303,-0.00113912553030651,-2.89120391746968E-16));
#1492=DIRECTION('',(0.00113912553030651,-0.999999351196303,0.));
#1493=DIRECTION('',(2.89120204164589E-16,3.2934441957119E-19,-1.));
#1494=DIRECTION('',(2.89120204164589E-16,3.2934441957119E-19,-1.));
#1495=DIRECTION('',(0.00113912553030651,-0.999999351196303,0.));
#1496=DIRECTION('',(0.00113912553030651,-0.999999351196303,0.));
#1497=DIRECTION('',(0.999999351196303,0.00113912553030651,0.));
#1498=DIRECTION('',(0.00113912553030651,-0.999999351196303,0.));
#1499=DIRECTION('',(0.999999351196303,0.00113912553030651,0.));
#1500=DIRECTION('',(0.00113912553030651,-0.999999351196303,0.));
#1501=DIRECTION('',(0.999999351196303,0.00113912553030651,0.));
#1502=DIRECTION('',(0.00113912553030651,-0.999999351196303,0.));
#1503=DIRECTION('',(0.999999351196303,0.00113912553030651,0.));
#1504=DIRECTION('',(-0.00113912553030651,0.999999351196303,0.));
#1505=DIRECTION('',(-0.999999351196303,-0.00113912553030651,0.));
#1506=DIRECTION('',(-0.00113912553030651,0.999999351196303,0.));
#1507=DIRECTION('',(-0.999999351196303,-0.00113912553030651,0.));
#1508=DIRECTION('',(-0.00113912553030651,0.999999351196303,0.));
#1509=DIRECTION('',(-0.999999351196303,-0.00113912553030651,0.));
#1510=DIRECTION('',(-0.00113912553030651,0.999999351196303,0.));
#1511=DIRECTION('',(-0.999999351196303,-0.00113912553030651,0.));
#1512=DIRECTION('',(0.00113912553030651,-0.999999351196303,0.));
#1513=DIRECTION('',(0.999999351196303,0.00113912553030651,0.));
#1514=DIRECTION('',(-0.00113912553030651,0.999999351196303,0.));
#1515=DIRECTION('',(-0.999999351196303,-0.00113912553030651,0.));
#1516=DIRECTION('',(-0.00113912553030651,0.999999351196303,0.));
#1517=DIRECTION('',(-0.999999351196303,-0.00113912553030651,0.));
#1518=DIRECTION('',(-0.00113912553030651,0.999999351196303,0.));
#1519=DIRECTION('',(-0.999999351196303,-0.00113912553030651,0.));
#1520=DIRECTION('',(-0.00113912553030651,0.999999351196303,0.));
#1521=DIRECTION('',(-0.999999351196303,-0.00113912553030651,0.));
#1522=DIRECTION('',(-0.00113912553030651,0.999999351196303,0.));
#1523=DIRECTION('',(-0.999999351196303,-0.00113912553030651,0.));
#1524=DIRECTION('',(-0.00113912553030651,0.999999351196303,0.));
#1525=DIRECTION('',(-0.999999351196303,-0.00113912553030651,0.));
#1526=DIRECTION('',(-0.00113912553030651,0.999999351196303,0.));
#1527=DIRECTION('',(-0.999999351196303,-0.00113912553030651,0.));
#1528=DIRECTION('',(-0.00113912553030651,0.999999351196303,0.));
#1529=DIRECTION('',(-0.999999351196303,-0.00113912553030651,0.));
#1530=DIRECTION('',(-0.00113912553030651,0.999999351196303,0.));
#1531=DIRECTION('',(-0.999999351196303,-0.00113912553030651,0.));
#1532=DIRECTION('',(-0.00113912553030651,0.999999351196303,0.));
#1533=DIRECTION('',(-0.999999351196303,-0.00113912553030651,0.));
#1534=DIRECTION('',(-0.00113912553030651,0.999999351196303,0.));
#1535=DIRECTION('',(-0.999999351196303,-0.00113912553030651,0.));
#1536=DIRECTION('',(-0.00113912553030651,0.999999351196303,0.));
#1537=DIRECTION('',(-0.999999351196303,-0.00113912553030651,0.));
#1538=DIRECTION('',(0.,0.,1.));
#1539=DIRECTION('',(1.,0.,0.));
#1540=DIRECTION('',(0.,0.,1.));
#1541=DIRECTION('',(1.,0.,0.));
#1542=DIRECTION('',(-0.999999351196303,-0.00113912553030651,0.));
#1543=DIRECTION('',(0.00113912553030651,-0.999999351196303,0.));
#1544=DIRECTION('',(-0.999999351196303,-0.00113912553030651,0.));
#1545=DIRECTION('',(0.00113912553030651,-0.999999351196303,0.));
#1546=DIRECTION('',(0.00113912553030651,-0.999999351196303,0.));
#1547=DIRECTION('',(0.999999351196303,0.00113912553030651,0.));
#1548=DIRECTION('',(0.00113912553030651,-0.999999351196303,0.));
#1549=DIRECTION('',(0.999999351196303,0.00113912553030651,0.));
#1550=DIRECTION('',(0.00113912553030651,-0.999999351196303,0.));
#1551=DIRECTION('',(0.999999351196303,0.00113912553030651,0.));
#1552=DIRECTION('',(0.00113912553030651,-0.999999351196303,0.));
#1553=DIRECTION('',(-0.999999351196303,-0.00113912553030651,-2.89120713372586E-16));
#1554=DIRECTION('',(0.00113912553030651,-0.999999351196303,0.));
#1555=DIRECTION('',(2.89120525789998E-16,3.29344785943143E-19,-1.));
#1556=DIRECTION('',(2.89120525789998E-16,3.29344785943143E-19,-1.));
#1557=DIRECTION('',(0.00113912553030651,-0.999999351196303,0.));
#1558=DIRECTION('',(0.00113912553030651,-0.999999351196303,0.));
#1559=DIRECTION('',(0.999999351196303,0.00113912553030651,0.));
#1560=DIRECTION('',(0.00113912553030651,-0.999999351196303,0.));
#1561=DIRECTION('',(0.999999351196303,0.00113912553030651,0.));
#1562=DIRECTION('',(0.00113912553030651,-0.999999351196303,0.));
#1563=DIRECTION('',(0.999999351196303,0.00113912553030651,0.));
#1564=DIRECTION('',(0.00113912553030651,-0.999999351196303,0.));
#1565=DIRECTION('',(-1.44560195873484E-16,-1.64672316625603E-19,1.));
#1566=DIRECTION('',(1.,0.,1.44560195873484E-16));
#1567=DIRECTION('',(-0.999999351196303,-0.00113912553030651,-1.44560289664734E-16));
#1568=DIRECTION('',(-0.999999351196303,-0.00113912553030651,-1.44560289664734E-16));
#1569=DIRECTION('',(0.00113912553030651,-0.999999351196303,0.));
#1570=DIRECTION('',(0.00113912553030651,-0.999999351196303,0.));
#1571=DIRECTION('',(0.999999351196303,0.00113912553030651,0.));
#1572=DIRECTION('',(0.00113912553030651,-0.999999351196303,0.));
#1573=DIRECTION('',(0.999999351196303,0.00113912553030651,0.));
#1574=DIRECTION('',(0.00113912553030651,-0.999999351196303,0.));
#1575=DIRECTION('',(0.999999351196303,0.00113912553030651,0.));
#1576=DIRECTION('',(0.00113912553030651,-0.999999351196303,0.));
#1577=DIRECTION('',(-0.999999351196303,-0.00113912553030651,-2.89120793778992E-16));
#1578=DIRECTION('',(0.00113912553030651,-0.999999351196303,0.));
#1579=DIRECTION('',(2.89120606196352E-16,3.29344877536132E-19,-1.));
#1580=DIRECTION('',(2.89120606196352E-16,3.29344877536132E-19,-1.));
#1581=DIRECTION('',(0.00113912553030651,-0.999999351196303,0.));
#1582=DIRECTION('',(0.00113912553030651,-0.999999351196303,0.));
#1583=DIRECTION('',(0.999999351196303,0.00113912553030651,0.));
#1584=DIRECTION('',(0.00113912553030651,-0.999999351196303,0.));
#1585=DIRECTION('',(0.999999351196303,0.00113912553030651,0.));
#1586=DIRECTION('',(0.00113912553030651,-0.999999351196303,0.));
#1587=DIRECTION('',(0.999999351196303,0.00113912553030651,0.));
#1588=DIRECTION('',(0.00113912553030651,-0.999999351196303,0.));
#1589=DIRECTION('',(0.999999351196303,0.00113912553030651,0.));
#1590=DIRECTION('',(-0.00113912553030651,0.999999351196303,0.));
#1591=DIRECTION('',(-0.999999351196303,-0.00113912553030651,0.));
#1592=DIRECTION('',(-0.00113912553030651,0.999999351196303,0.));
#1593=DIRECTION('',(-0.999999351196303,-0.00113912553030651,0.));
#1594=DIRECTION('',(-0.00113912553030651,0.999999351196303,0.));
#1595=DIRECTION('',(-0.999999351196303,-0.00113912553030651,0.));
#1596=DIRECTION('',(-0.00113912553030651,0.999999351196303,0.));
#1597=DIRECTION('',(-0.999999351196303,-0.00113912553030651,0.));
#1598=DIRECTION('',(0.00113912553030651,-0.999999351196303,0.));
#1599=DIRECTION('',(0.999999351196303,0.00113912553030651,0.));
#1600=DIRECTION('',(-0.00113912553030651,0.999999351196303,0.));
#1601=DIRECTION('',(-0.999999351196303,-0.00113912553030651,0.));
#1602=DIRECTION('',(-0.00113912553030651,0.999999351196303,0.));
#1603=DIRECTION('',(-0.999999351196303,-0.00113912553030651,0.));
#1604=DIRECTION('',(-0.00113912553030651,0.999999351196303,0.));
#1605=DIRECTION('',(-0.999999351196303,-0.00113912553030651,0.));
#1606=DIRECTION('',(-0.00113912553030651,0.999999351196303,0.));
#1607=DIRECTION('',(-0.999999351196303,-0.00113912553030651,0.));
#1608=DIRECTION('',(-0.00113912553030651,0.999999351196303,0.));
#1609=DIRECTION('',(-0.999999351196303,-0.00113912553030651,0.));
#1610=DIRECTION('',(-0.00113912553030651,0.999999351196303,0.));
#1611=DIRECTION('',(-0.999999351196303,-0.00113912553030651,0.));
#1612=DIRECTION('',(-0.00113912553030651,0.999999351196303,0.));
#1613=DIRECTION('',(-0.999999351196303,-0.00113912553030651,0.));
#1614=DIRECTION('',(-0.00113912553030651,0.999999351196303,0.));
#1615=DIRECTION('',(-0.999999351196303,-0.00113912553030651,0.));
#1616=DIRECTION('',(-0.00113912553030651,0.999999351196303,0.));
#1617=DIRECTION('',(-0.999999351196303,-0.00113912553030651,0.));
#1618=DIRECTION('',(-0.00113912553030651,0.999999351196303,0.));
#1619=DIRECTION('',(-0.999999351196303,-0.00113912553030651,0.));
#1620=DIRECTION('',(-0.00113912553030651,0.999999351196303,0.));
#1621=DIRECTION('',(-0.999999351196303,-0.00113912553030651,0.));
#1622=DIRECTION('',(-0.00113912553030651,0.999999351196303,0.));
#1623=DIRECTION('',(-0.999999351196303,-0.00113912553030651,0.));
#1624=DIRECTION('',(0.,0.,1.));
#1625=DIRECTION('',(1.,0.,0.));
#1626=DIRECTION('',(-7.2280097936742E-17,-8.23361583128014E-20,1.));
#1627=DIRECTION('',(1.,0.,7.2280097936742E-17));
#1628=DIRECTION('',(-0.999999351196303,-0.00113912553030651,-7.22801448323672E-17));
#1629=DIRECTION('',(0.00113912553030651,-0.999999351196303,0.));
#1630=DIRECTION('',(-0.999999351196303,-0.00113912553030651,-7.22801448323672E-17));
#1631=DIRECTION('',(0.00113912553030651,-0.999999351196303,0.));
#1632=DIRECTION('',(0.00113912553030651,-0.999999351196303,0.));
#1633=DIRECTION('',(0.999999351196303,0.00113912553030651,0.));
#1634=DIRECTION('',(0.00113912553030651,-0.999999351196303,0.));
#1635=DIRECTION('',(0.999999351196303,0.00113912553030651,0.));
#1636=DIRECTION('',(0.00113912553030651,-0.999999351196303,0.));
#1637=DIRECTION('',(0.999999351196303,0.00113912553030651,0.));
#1638=DIRECTION('',(0.00113912553030651,-0.999999351196303,0.));
#1639=DIRECTION('',(-0.999999351196303,-0.00113912553030651,-2.89120713372586E-16));
#1640=DIRECTION('',(0.00113912553030651,-0.999999351196303,0.));
#1641=DIRECTION('',(2.89120525789999E-16,3.29344785943143E-19,-1.));
#1642=DIRECTION('',(2.89120525789999E-16,3.29344785943143E-19,-1.));
#1643=DIRECTION('',(0.00113912553030651,-0.999999351196303,0.));
#1644=DIRECTION('',(0.00113912553030651,-0.999999351196303,0.));
#1645=DIRECTION('',(0.999999351196303,0.00113912553030651,0.));
#1646=DIRECTION('',(0.00113912553030651,-0.999999351196303,0.));
#1647=DIRECTION('',(0.999999351196303,0.00113912553030651,0.));
#1648=DIRECTION('',(0.00113912553030651,-0.999999351196303,0.));
#1649=DIRECTION('',(0.999999351196303,0.00113912553030651,0.));
#1650=DIRECTION('',(0.00113912553030651,-0.999999351196303,0.));
#1651=DIRECTION('',(-8.67361175240904E-16,-9.88033899753616E-19,1.));
#1652=DIRECTION('',(1.,0.,8.67361175240904E-16));
#1653=DIRECTION('',(-0.999999351196303,-0.00113912553030651,-8.67361737988407E-16));
#1654=DIRECTION('',(-0.999999351196303,-0.00113912553030651,-8.67361737988407E-16));
#1655=DIRECTION('',(0.00113912553030651,-0.999999351196303,0.));
#1656=DIRECTION('',(0.00113912553030651,-0.999999351196303,0.));
#1657=DIRECTION('',(0.999999351196303,0.00113912553030651,0.));
#1658=DIRECTION('',(0.00113912553030651,-0.999999351196303,0.));
#1659=DIRECTION('',(0.999999351196303,0.00113912553030651,0.));
#1660=DIRECTION('',(0.00113912553030651,-0.999999351196303,0.));
#1661=DIRECTION('',(0.999999351196303,0.00113912553030651,0.));
#1662=DIRECTION('',(0.00113912553030651,-0.999999351196303,0.));
#1663=DIRECTION('',(-0.999999351196303,-0.00113912553030651,-2.89120793778992E-16));
#1664=DIRECTION('',(0.00113912553030651,-0.999999351196303,0.));
#1665=DIRECTION('',(2.89120606196352E-16,3.29344877536132E-19,-1.));
#1666=DIRECTION('',(2.89120606196352E-16,3.29344877536132E-19,-1.));
#1667=DIRECTION('',(0.00113912553030651,-0.999999351196303,0.));
#1668=DIRECTION('',(0.00113912553030651,-0.999999351196303,0.));
#1669=DIRECTION('',(0.999999351196303,0.00113912553030651,0.));
#1670=DIRECTION('',(0.00113912553030651,-0.999999351196303,0.));
#1671=DIRECTION('',(0.999999351196303,0.00113912553030651,0.));
#1672=DIRECTION('',(0.00113912553030651,-0.999999351196303,0.));
#1673=DIRECTION('',(0.999999351196303,0.00113912553030651,0.));
#1674=DIRECTION('',(0.00113912553030651,-0.999999351196303,0.));
#1675=DIRECTION('',(0.999999351196303,0.00113912553030651,0.));
#1676=DIRECTION('',(-0.00113912553030651,0.999999351196303,0.));
#1677=DIRECTION('',(-0.999999351196303,-0.00113912553030651,0.));
#1678=DIRECTION('',(-0.00113912553030651,0.999999351196303,0.));
#1679=DIRECTION('',(-0.999999351196303,-0.00113912553030651,0.));
#1680=DIRECTION('',(-0.00113912553030651,0.999999351196303,0.));
#1681=DIRECTION('',(-0.999999351196303,-0.00113912553030651,0.));
#1682=DIRECTION('',(-0.00113912553030651,0.999999351196303,0.));
#1683=DIRECTION('',(-0.999999351196303,-0.00113912553030651,0.));
#1684=DIRECTION('',(0.00113912553030651,-0.999999351196303,0.));
#1685=DIRECTION('',(0.999999351196303,0.00113912553030651,0.));
#1686=DIRECTION('',(-0.00113912553030651,0.999999351196303,0.));
#1687=DIRECTION('',(-0.999999351196303,-0.00113912553030651,0.));
#1688=DIRECTION('',(-0.00113912553030651,0.999999351196303,0.));
#1689=DIRECTION('',(-0.999999351196303,-0.00113912553030651,0.));
#1690=DIRECTION('',(-0.00113912553030651,0.999999351196303,0.));
#1691=DIRECTION('',(-0.999999351196303,-0.00113912553030651,0.));
#1692=DIRECTION('',(-0.00113912553030651,0.999999351196303,0.));
#1693=DIRECTION('',(-0.999999351196303,-0.00113912553030651,0.));
#1694=DIRECTION('',(-0.00113912553030651,0.999999351196303,0.));
#1695=DIRECTION('',(-0.999999351196303,-0.00113912553030651,0.));
#1696=DIRECTION('',(-0.00113912553030651,0.999999351196303,0.));
#1697=DIRECTION('',(-0.999999351196303,-0.00113912553030651,0.));
#1698=DIRECTION('',(-0.00113912553030651,0.999999351196303,0.));
#1699=DIRECTION('',(-0.999999351196303,-0.00113912553030651,0.));
#1700=DIRECTION('',(-0.00113912553030651,0.999999351196303,0.));
#1701=DIRECTION('',(-0.999999351196303,-0.00113912553030651,0.));
#1702=DIRECTION('',(-0.00113912553030651,0.999999351196303,0.));
#1703=DIRECTION('',(-0.999999351196303,-0.00113912553030651,0.));
#1704=DIRECTION('',(-0.00113912553030651,0.999999351196303,0.));
#1705=DIRECTION('',(-0.999999351196303,-0.00113912553030651,0.));
#1706=DIRECTION('',(-0.00113912553030651,0.999999351196303,0.));
#1707=DIRECTION('',(-0.999999351196303,-0.00113912553030651,0.));
#1708=DIRECTION('',(-0.00113912553030651,0.999999351196303,0.));
#1709=DIRECTION('',(-0.999999351196303,-0.00113912553030651,0.));
#1710=DIRECTION('',(0.,0.,1.));
#1711=DIRECTION('',(1.,0.,0.));
#1712=DIRECTION('',(0.00113912553030651,-0.999999351196303,0.));
#1713=DIRECTION('',(0.999999351196303,0.00113912553030651,0.));
#1714=DIRECTION('',(0.00113912553030651,-0.999999351196303,0.));
#1715=DIRECTION('',(0.999999351196303,0.00113912553030651,0.));
#1716=DIRECTION('',(-0.00113912553030651,0.999999351196303,0.));
#1717=DIRECTION('',(-0.999999351196303,-0.00113912553030651,0.));
#1718=DIRECTION('',(0.00113912553030651,-0.999999351196303,0.));
#1719=DIRECTION('',(0.999999351196303,0.00113912553030651,0.));
#1720=DIRECTION('',(0.00113912553030651,-0.999999351196303,0.));
#1721=DIRECTION('',(0.999999351196303,0.00113912553030651,0.));
#1722=DIRECTION('',(0.00113912553030651,-0.999999351196303,0.));
#1723=DIRECTION('',(0.999999351196303,0.00113912553030651,0.));
#1724=DIRECTION('',(0.00113912553030651,-0.999999351196303,0.));
#1725=DIRECTION('',(0.999999351196303,0.00113912553030651,0.));
#1726=DIRECTION('',(0.00113912553030651,-0.999999351196303,0.));
#1727=DIRECTION('',(0.999999351196303,0.00113912553030651,0.));
#1728=DIRECTION('',(-0.00113912553030651,0.999999351196303,0.));
#1729=DIRECTION('',(-0.999999351196303,-0.00113912553030651,0.));
#1730=DIRECTION('',(0.00113912553030651,-0.999999351196303,0.));
#1731=DIRECTION('',(0.999999351196303,0.00113912553030651,0.));
#1732=DIRECTION('',(0.00113912553030651,-0.999999351196303,0.));
#1733=DIRECTION('',(0.999999351196303,0.00113912553030651,0.));
#1734=DIRECTION('',(0.00113912553030651,-0.999999351196303,0.));
#1735=DIRECTION('',(0.999999351196303,0.00113912553030651,0.));
#1736=DIRECTION('',(0.00113912553030651,-0.999999351196303,0.));
#1737=DIRECTION('',(0.999999351196303,0.00113912553030651,0.));
#1738=DIRECTION('',(-0.00113912553030651,0.999999351196303,0.));
#1739=DIRECTION('',(-0.999999351196303,-0.00113912553030651,0.));
#1740=DIRECTION('',(0.00113912553030651,-0.999999351196303,0.));
#1741=DIRECTION('',(0.999999351196303,0.00113912553030651,0.));
#1742=DIRECTION('',(0.00113912553030651,-0.999999351196303,0.));
#1743=DIRECTION('',(0.999999351196303,0.00113912553030651,0.));
#1744=DIRECTION('',(0.00113912553030651,-0.999999351196303,0.));
#1745=DIRECTION('',(0.999999351196303,0.00113912553030651,0.));
#1746=CARTESIAN_POINT('',(0.,0.,0.));
#1747=CARTESIAN_POINT('',(0.0159971418053151,0.00252146154506981,0.026));
#1748=CARTESIAN_POINT('',(0.0159999896191409,2.14631670790604E-5,0.026));
#1749=CARTESIAN_POINT('',(0.0219999857263186,2.82979202608994E-5,0.026));
#1750=CARTESIAN_POINT('',(0.00999999351196305,1.46284138972214E-5,0.026));
#1751=CARTESIAN_POINT('',(0.0219971379124929,0.00252829629825165,0.026));
#1752=CARTESIAN_POINT('',(0.0219971379124929,0.00252829629825165,0.026));
#1753=CARTESIAN_POINT('',(0.0159971418053151,0.00252146154506981,0.026));
#1754=CARTESIAN_POINT('',(0.00999714569813728,0.00251462679188798,0.026));
#1755=CARTESIAN_POINT('',(0.00999714569813728,0.00251462679188798,0.026));
#1756=CARTESIAN_POINT('',(0.00999714569813729,0.00251462679188798,0.022));
#1757=CARTESIAN_POINT('',(0.00999999351196306,1.46284138972214E-5,0.022));
#1758=CARTESIAN_POINT('',(0.00599999610717781,1.00719117759953E-5,0.022));
#1759=CARTESIAN_POINT('',(0.00999714569813729,0.00251462679188798,0.022));
#1760=CARTESIAN_POINT('',(0.00599714829335205,0.00251007028976675,0.022));
#1761=CARTESIAN_POINT('',(0.00599714829335205,0.00251007028976675,0.022));
#1762=CARTESIAN_POINT('',(0.00599714829335205,0.00251007028976675,0.016));
#1763=CARTESIAN_POINT('',(0.00599999610717781,1.00719117759953E-5,0.016));
#1764=CARTESIAN_POINT('',(0.00599999610717781,1.00719117759953E-5,0.01));
#1765=CARTESIAN_POINT('',(0.00599714829335205,0.00251007028976675,0.016));
#1766=CARTESIAN_POINT('',(0.00599714829335205,0.00251007028976675,0.01));
#1767=CARTESIAN_POINT('',(0.00599714829335205,0.00251007028976675,0.01));
#1768=CARTESIAN_POINT('',(0.00999714569813728,0.00251462679188798,0.01));
#1769=CARTESIAN_POINT('',(0.00999999351196305,1.46284138972214E-5,0.01));
#1770=CARTESIAN_POINT('',(0.00999999351196305,1.46284138972214E-5,0.006));
#1771=CARTESIAN_POINT('',(0.00999714569813728,0.00251462679188798,0.01));
#1772=CARTESIAN_POINT('',(0.00999714569813729,0.00251462679188798,0.006));
#1773=CARTESIAN_POINT('',(0.00999714569813729,0.00251462679188798,0.006));
#1774=CARTESIAN_POINT('',(0.0159971418053151,0.00252146154506981,0.006));
#1775=CARTESIAN_POINT('',(0.0159999896191409,2.14631670790604E-5,0.006));
#1776=CARTESIAN_POINT('',(0.0219999857263186,2.82979202608994E-5,0.006));
#1777=CARTESIAN_POINT('',(0.0159971418053151,0.00252146154506981,0.006));
#1778=CARTESIAN_POINT('',(0.0219971379124929,0.00252829629825165,0.006));
#1779=CARTESIAN_POINT('',(0.0219971379124929,0.00252829629825165,0.006));
#1780=CARTESIAN_POINT('',(0.0219971379124929,0.00252829629825165,0.01));
#1781=CARTESIAN_POINT('',(0.0219999857263186,2.82979202608994E-5,0.01));
#1782=CARTESIAN_POINT('',(0.0259999831311039,3.28544223821254E-5,0.01));
#1783=CARTESIAN_POINT('',(0.0219971379124929,0.00252829629825165,0.01));
#1784=CARTESIAN_POINT('',(0.0259971353172781,0.00253285280037288,0.01));
#1785=CARTESIAN_POINT('',(0.0259971353172781,0.00253285280037288,0.01));
#1786=CARTESIAN_POINT('',(0.0259971353172781,0.00253285280037288,0.016));
#1787=CARTESIAN_POINT('',(0.0259999831311038,3.28544223821254E-5,0.016));
#1788=CARTESIAN_POINT('',(0.0259999831311038,3.28544223821254E-5,0.022));
#1789=CARTESIAN_POINT('',(0.0259971353172781,0.00253285280037288,0.016));
#1790=CARTESIAN_POINT('',(0.0259971353172781,0.00253285280037288,0.022));
#1791=CARTESIAN_POINT('',(0.0259971353172781,0.00253285280037288,0.022));
#1792=CARTESIAN_POINT('',(0.0219971379124929,0.00252829629825165,0.022));
#1793=CARTESIAN_POINT('',(0.0219999857263186,2.82979202608994E-5,0.022));
#1794=CARTESIAN_POINT('',(0.0219971379124929,0.00252829629825165,0.022));
#1795=CARTESIAN_POINT('',(-5.74554346706311E-6,0.00250323223570496,0.));
#1796=CARTESIAN_POINT('',(0.00909714628206059,0.00251360157891071,0.0229));
#1797=CARTESIAN_POINT('',(0.0074971473201465,0.00251177897806221,0.0229));
#1798=CARTESIAN_POINT('',(0.0228971373285695,0.00252932151122893,0.0091));
#1799=CARTESIAN_POINT('',(0.0212971383666555,0.00252749891038044,0.0091));
#1800=CARTESIAN_POINT('',(0.00909714628206059,0.00251360157891071,0.0091));
#1801=CARTESIAN_POINT('',(0.0074971473201465,0.00251177897806221,0.0091));
#1802=CARTESIAN_POINT('',(0.0228971373285695,0.00252932151122893,0.0229));
#1803=CARTESIAN_POINT('',(0.0212971383666555,0.00252749891038044,0.0229));
#1804=CARTESIAN_POINT('',(-2.89772964129684E-6,3.23385771420034E-6,0.));
#1805=CARTESIAN_POINT('',(0.0228990738419711,0.000829322614195219,0.0229));
#1806=CARTESIAN_POINT('',(0.0228990738419711,0.000829322614195219,0.0229));
#1807=CARTESIAN_POINT('',(0.021299074880057,0.000827500013346729,0.0229));
#1808=CARTESIAN_POINT('',(0.0159990783187166,0.000821462648036104,0.016));
#1809=CARTESIAN_POINT('',(0.00909908279546211,0.000813602681876989,0.0091));
#1810=CARTESIAN_POINT('',(0.00909908279546211,0.000813602681876989,0.0091));
#1811=CARTESIAN_POINT('',(0.00749908383354803,0.000811780081028499,0.0091));
#1812=CARTESIAN_POINT('',(0.0159990783187166,0.000821462648036104,0.016));
#1813=CARTESIAN_POINT('',(0.0228990738419711,0.000829322614195219,0.0091));
#1814=CARTESIAN_POINT('',(0.0228990738419711,0.000829322614195219,0.0091));
#1815=CARTESIAN_POINT('',(0.021299074880057,0.000827500013346729,0.0091));
#1816=CARTESIAN_POINT('',(0.0159990783187166,0.000821462648036104,0.016));
#1817=CARTESIAN_POINT('',(0.00909908279546211,0.000813602681876989,0.0229));
#1818=CARTESIAN_POINT('',(0.00909908279546211,0.000813602681876989,0.0229));
#1819=CARTESIAN_POINT('',(0.00749908383354803,0.000811780081028499,0.0229));
#1820=CARTESIAN_POINT('',(0.0159990783187166,0.000821462648036104,0.016));
#1821=CARTESIAN_POINT('',(0.,0.,0.));
#1822=CARTESIAN_POINT('',(0.0159971418053151,0.00252146154506981,-0.006));
#1823=CARTESIAN_POINT('',(0.0159999896191409,2.14631670790603E-5,-0.006));
#1824=CARTESIAN_POINT('',(0.0219999857263186,2.82979202608994E-5,-0.006));
#1825=CARTESIAN_POINT('',(0.00999999351196305,1.46284138972214E-5,-0.006));
#1826=CARTESIAN_POINT('',(0.0219971379124929,0.00252829629825165,-0.006));
#1827=CARTESIAN_POINT('',(0.0219971379124929,0.00252829629825165,-0.006));
#1828=CARTESIAN_POINT('',(0.0159971418053151,0.00252146154506981,-0.006));
#1829=CARTESIAN_POINT('',(0.00999714569813728,0.00251462679188798,-0.006));
#1830=CARTESIAN_POINT('',(0.00999714569813728,0.00251462679188798,-0.006));
#1831=CARTESIAN_POINT('',(0.00999714569813728,0.00251462679188798,-0.01));
#1832=CARTESIAN_POINT('',(0.00999999351196305,1.46284138972214E-5,-0.01));
#1833=CARTESIAN_POINT('',(0.00599999610717782,1.00719117759953E-5,-0.01));
#1834=CARTESIAN_POINT('',(0.00999714569813728,0.00251462679188798,-0.01));
#1835=CARTESIAN_POINT('',(0.00599714829335205,0.00251007028976675,-0.01));
#1836=CARTESIAN_POINT('',(0.00599714829335205,0.00251007028976675,-0.01));
#1837=CARTESIAN_POINT('',(0.00599714829335205,0.00251007028976675,-0.016));
#1838=CARTESIAN_POINT('',(0.00599999610717782,1.00719117759953E-5,-0.016));
#1839=CARTESIAN_POINT('',(0.00599999610717782,1.00719117759953E-5,-0.022));
#1840=CARTESIAN_POINT('',(0.00599714829335205,0.00251007028976675,-0.016));
#1841=CARTESIAN_POINT('',(0.00599714829335205,0.00251007028976675,-0.022));
#1842=CARTESIAN_POINT('',(0.00599714829335205,0.00251007028976675,-0.022));
#1843=CARTESIAN_POINT('',(0.0099971456981373,0.00251462679188798,-0.022));
#1844=CARTESIAN_POINT('',(0.00999999351196306,1.46284138972214E-5,-0.022));
#1845=CARTESIAN_POINT('',(0.00999999351196306,1.46284138972214E-5,-0.026));
#1846=CARTESIAN_POINT('',(0.0099971456981373,0.00251462679188798,-0.022));
#1847=CARTESIAN_POINT('',(0.00999714569813729,0.00251462679188798,-0.026));
#1848=CARTESIAN_POINT('',(0.00999714569813729,0.00251462679188798,-0.026));
#1849=CARTESIAN_POINT('',(0.0159971418053151,0.00252146154506981,-0.026));
#1850=CARTESIAN_POINT('',(0.0159999896191409,2.14631670790604E-5,-0.026));
#1851=CARTESIAN_POINT('',(0.0219999857263186,2.82979202608994E-5,-0.026));
#1852=CARTESIAN_POINT('',(0.0159971418053151,0.00252146154506981,-0.026));
#1853=CARTESIAN_POINT('',(0.0219971379124929,0.00252829629825165,-0.026));
#1854=CARTESIAN_POINT('',(0.0219971379124929,0.00252829629825165,-0.026));
#1855=CARTESIAN_POINT('',(0.0219971379124929,0.00252829629825165,-0.022));
#1856=CARTESIAN_POINT('',(0.0219999857263186,2.82979202608994E-5,-0.022));
#1857=CARTESIAN_POINT('',(0.0259999831311039,3.28544223821254E-5,-0.022));
#1858=CARTESIAN_POINT('',(0.0219971379124929,0.00252829629825165,-0.022));
#1859=CARTESIAN_POINT('',(0.0259971353172781,0.00253285280037288,-0.022));
#1860=CARTESIAN_POINT('',(0.0259971353172781,0.00253285280037288,-0.022));
#1861=CARTESIAN_POINT('',(0.0259971353172781,0.00253285280037288,-0.016));
#1862=CARTESIAN_POINT('',(0.0259999831311038,3.28544223821254E-5,-0.016));
#1863=CARTESIAN_POINT('',(0.0259999831311038,3.28544223821254E-5,-0.01));
#1864=CARTESIAN_POINT('',(0.0259971353172781,0.00253285280037288,-0.016));
#1865=CARTESIAN_POINT('',(0.0259971353172781,0.00253285280037288,-0.01));
#1866=CARTESIAN_POINT('',(0.0259971353172781,0.00253285280037288,-0.01));
#1867=CARTESIAN_POINT('',(0.0219971379124929,0.00252829629825165,-0.01));
#1868=CARTESIAN_POINT('',(0.0219999857263186,2.82979202608994E-5,-0.01));
#1869=CARTESIAN_POINT('',(0.0219971379124929,0.00252829629825165,-0.01));
#1870=CARTESIAN_POINT('',(-5.74554346706311E-6,0.00250323223570496,0.));
#1871=CARTESIAN_POINT('',(0.00909714628206059,0.00251360157891071,-0.0091));
#1872=CARTESIAN_POINT('',(0.0074971473201465,0.00251177897806221,-0.0091));
#1873=CARTESIAN_POINT('',(0.0228971373285695,0.00252932151122893,-0.0229));
#1874=CARTESIAN_POINT('',(0.0212971383666555,0.00252749891038044,-0.0229));
#1875=CARTESIAN_POINT('',(0.00909714628206059,0.00251360157891071,-0.0229));
#1876=CARTESIAN_POINT('',(0.0074971473201465,0.00251177897806221,-0.0229));
#1877=CARTESIAN_POINT('',(0.0228971373285695,0.00252932151122893,-0.0091));
#1878=CARTESIAN_POINT('',(0.0212971383666555,0.00252749891038044,-0.0091));
#1879=CARTESIAN_POINT('',(-2.89772964129684E-6,3.23385771420034E-6,0.));
#1880=CARTESIAN_POINT('',(0.0228990738419711,0.000829322614195218,-0.0091));
#1881=CARTESIAN_POINT('',(0.0228990738419711,0.000829322614195218,-0.0091));
#1882=CARTESIAN_POINT('',(0.021299074880057,0.000827500013346728,-0.0091));
#1883=CARTESIAN_POINT('',(0.0159990783187166,0.000821462648036103,-0.016));
#1884=CARTESIAN_POINT('',(0.00909908279546211,0.000813602681876989,-0.0229));
#1885=CARTESIAN_POINT('',(0.00909908279546211,0.000813602681876989,-0.0229));
#1886=CARTESIAN_POINT('',(0.00749908383354803,0.000811780081028499,-0.0229));
#1887=CARTESIAN_POINT('',(0.0159990783187166,0.000821462648036103,-0.016));
#1888=CARTESIAN_POINT('',(0.0228990738419711,0.000829322614195218,-0.0229));
#1889=CARTESIAN_POINT('',(0.0228990738419711,0.000829322614195218,-0.0229));
#1890=CARTESIAN_POINT('',(0.021299074880057,0.000827500013346728,-0.0229));
#1891=CARTESIAN_POINT('',(0.0159990783187166,0.000821462648036103,-0.016));
#1892=CARTESIAN_POINT('',(0.00909908279546211,0.000813602681876989,-0.0091));
#1893=CARTESIAN_POINT('',(0.00909908279546211,0.000813602681876989,-0.0091));
#1894=CARTESIAN_POINT('',(0.00749908383354803,0.000811780081028499,-0.0091));
#1895=CARTESIAN_POINT('',(0.0159990783187166,0.000821462648036103,-0.016));
#1896=CARTESIAN_POINT('',(0.,0.,0.));
#1897=CARTESIAN_POINT('',(-0.0160028374329666,0.00248500952810001,0.026));
#1898=CARTESIAN_POINT('',(-0.0159999896191409,-1.49888498907478E-5,0.026));
#1899=CARTESIAN_POINT('',(-0.00999999351196306,-8.15409670890881E-6,0.026));
#1900=CARTESIAN_POINT('',(-0.0219999857263186,-2.18236030725869E-5,0.026));
#1901=CARTESIAN_POINT('',(-0.0100028413257888,0.00249184428128185,0.026));
#1902=CARTESIAN_POINT('',(-0.0100028413257888,0.00249184428128185,0.026));
#1903=CARTESIAN_POINT('',(-0.0160028374329666,0.00248500952810001,0.026));
#1904=CARTESIAN_POINT('',(-0.0220028335401444,0.00247817477491817,0.026));
#1905=CARTESIAN_POINT('',(-0.0220028335401444,0.00247817477491817,0.026));
#1906=CARTESIAN_POINT('',(-0.0220028335401444,0.00247817477491817,0.022));
#1907=CARTESIAN_POINT('',(-0.0219999857263186,-2.18236030725868E-5,0.022));
#1908=CARTESIAN_POINT('',(-0.0259999831311038,-2.63801051938128E-5,0.022));
#1909=CARTESIAN_POINT('',(-0.0220028335401444,0.00247817477491817,0.022));
#1910=CARTESIAN_POINT('',(-0.0260028309449296,0.00247361827279695,0.022));
#1911=CARTESIAN_POINT('',(-0.0260028309449296,0.00247361827279695,0.022));
#1912=CARTESIAN_POINT('',(-0.0260028309449296,0.00247361827279695,0.016));
#1913=CARTESIAN_POINT('',(-0.0259999831311038,-2.63801051938128E-5,0.016));
#1914=CARTESIAN_POINT('',(-0.0259999831311039,-2.63801051938129E-5,0.01));
#1915=CARTESIAN_POINT('',(-0.0260028309449296,0.00247361827279695,0.016));
#1916=CARTESIAN_POINT('',(-0.0260028309449296,0.00247361827279695,0.01));
#1917=CARTESIAN_POINT('',(-0.0260028309449296,0.00247361827279695,0.01));
#1918=CARTESIAN_POINT('',(-0.0220028335401444,0.00247817477491817,0.01));
#1919=CARTESIAN_POINT('',(-0.0219999857263186,-2.18236030725868E-5,0.01));
#1920=CARTESIAN_POINT('',(-0.0219999857263186,-2.18236030725868E-5,0.006));
#1921=CARTESIAN_POINT('',(-0.0220028335401444,0.00247817477491817,0.01));
#1922=CARTESIAN_POINT('',(-0.0220028335401444,0.00247817477491817,0.006));
#1923=CARTESIAN_POINT('',(-0.0220028335401444,0.00247817477491817,0.006));
#1924=CARTESIAN_POINT('',(-0.0160028374329666,0.00248500952810001,0.006));
#1925=CARTESIAN_POINT('',(-0.0159999896191409,-1.49888498907478E-5,0.006));
#1926=CARTESIAN_POINT('',(-0.00999999351196305,-8.1540967089088E-6,0.006));
#1927=CARTESIAN_POINT('',(-0.0160028374329666,0.00248500952810001,0.006));
#1928=CARTESIAN_POINT('',(-0.0100028413257888,0.00249184428128185,0.006));
#1929=CARTESIAN_POINT('',(-0.0100028413257888,0.00249184428128185,0.006));
#1930=CARTESIAN_POINT('',(-0.0100028413257888,0.00249184428128185,0.01));
#1931=CARTESIAN_POINT('',(-0.00999999351196305,-8.1540967089088E-6,0.01));
#1932=CARTESIAN_POINT('',(-0.00599999610717781,-3.59759458768275E-6,0.01));
#1933=CARTESIAN_POINT('',(-0.0100028413257888,0.00249184428128185,0.01));
#1934=CARTESIAN_POINT('',(-0.00600284392100358,0.00249640078340308,0.01));
#1935=CARTESIAN_POINT('',(-0.00600284392100358,0.00249640078340308,0.01));
#1936=CARTESIAN_POINT('',(-0.00600284392100359,0.00249640078340308,0.016));
#1937=CARTESIAN_POINT('',(-0.00599999610717782,-3.59759458768275E-6,0.016));
#1938=CARTESIAN_POINT('',(-0.00599999610717782,-3.59759458768275E-6,0.022));
#1939=CARTESIAN_POINT('',(-0.00600284392100359,0.00249640078340308,0.016));
#1940=CARTESIAN_POINT('',(-0.00600284392100359,0.00249640078340308,0.022));
#1941=CARTESIAN_POINT('',(-0.00600284392100359,0.00249640078340308,0.022));
#1942=CARTESIAN_POINT('',(-0.0100028413257888,0.00249184428128185,0.022));
#1943=CARTESIAN_POINT('',(-0.00999999351196306,-8.15409670890881E-6,0.022));
#1944=CARTESIAN_POINT('',(-0.0100028413257888,0.00249184428128185,0.022));
#1945=CARTESIAN_POINT('',(-5.74554346706311E-6,0.00250323223570496,0.));
#1946=CARTESIAN_POINT('',(-0.0229028329562211,0.00247714956194089,0.0229));
#1947=CARTESIAN_POINT('',(-0.0245028319181352,0.0024753269610924,0.0229));
#1948=CARTESIAN_POINT('',(-0.00910284190971212,0.00249286949425913,0.0091));
#1949=CARTESIAN_POINT('',(-0.0107028408716262,0.00249104689341063,0.0091));
#1950=CARTESIAN_POINT('',(-0.0229028329562211,0.00247714956194089,0.0091));
#1951=CARTESIAN_POINT('',(-0.0245028319181352,0.0024753269610924,0.0091));
#1952=CARTESIAN_POINT('',(-0.00910284190971213,0.00249286949425913,0.0229));
#1953=CARTESIAN_POINT('',(-0.0107028408716262,0.00249104689341063,0.0229));
#1954=CARTESIAN_POINT('',(-2.89772964129684E-6,3.23385771420034E-6,0.));
#1955=CARTESIAN_POINT('',(-0.00910090539631061,0.00079287059722541,0.0229));
#1956=CARTESIAN_POINT('',(-0.00910090539631061,0.00079287059722541,0.0229));
#1957=CARTESIAN_POINT('',(-0.0107009043582247,0.00079104799637692,0.0229));
#1958=CARTESIAN_POINT('',(-0.0160009009195651,0.000785010631066295,0.016));
#1959=CARTESIAN_POINT('',(-0.0229008964428196,0.00077715066490718,0.0091));
#1960=CARTESIAN_POINT('',(-0.0229008964428196,0.00077715066490718,0.0091));
#1961=CARTESIAN_POINT('',(-0.0245008954047337,0.00077532806405869,0.0091));
#1962=CARTESIAN_POINT('',(-0.0160009009195651,0.000785010631066295,0.016));
#1963=CARTESIAN_POINT('',(-0.0091009053963106,0.00079287059722541,0.0091));
#1964=CARTESIAN_POINT('',(-0.0091009053963106,0.00079287059722541,0.0091));
#1965=CARTESIAN_POINT('',(-0.0107009043582247,0.00079104799637692,0.0091));
#1966=CARTESIAN_POINT('',(-0.0160009009195651,0.000785010631066295,0.016));
#1967=CARTESIAN_POINT('',(-0.0229008964428196,0.00077715066490718,0.0229));
#1968=CARTESIAN_POINT('',(-0.0229008964428196,0.00077715066490718,0.0229));
#1969=CARTESIAN_POINT('',(-0.0245008954047337,0.00077532806405869,0.0229));
#1970=CARTESIAN_POINT('',(-0.0160009009195651,0.000785010631066295,0.016));
#1971=CARTESIAN_POINT('',(0.,0.,0.));
#1972=CARTESIAN_POINT('',(-0.0160028374329666,0.00248500952810001,-0.006));
#1973=CARTESIAN_POINT('',(-0.0159999896191409,-1.49888498907478E-5,-0.006));
#1974=CARTESIAN_POINT('',(-0.00999999351196306,-8.15409670890881E-6,-0.006));
#1975=CARTESIAN_POINT('',(-0.0219999857263186,-2.18236030725869E-5,-0.006));
#1976=CARTESIAN_POINT('',(-0.0100028413257888,0.00249184428128185,-0.006));
#1977=CARTESIAN_POINT('',(-0.0100028413257888,0.00249184428128185,-0.006));
#1978=CARTESIAN_POINT('',(-0.0160028374329666,0.00248500952810001,-0.006));
#1979=CARTESIAN_POINT('',(-0.0220028335401444,0.00247817477491817,-0.006));
#1980=CARTESIAN_POINT('',(-0.0220028335401444,0.00247817477491817,-0.006));
#1981=CARTESIAN_POINT('',(-0.0220028335401444,0.00247817477491817,-0.01));
#1982=CARTESIAN_POINT('',(-0.0219999857263186,-2.18236030725869E-5,-0.01));
#1983=CARTESIAN_POINT('',(-0.0259999831311038,-2.63801051938128E-5,-0.01));
#1984=CARTESIAN_POINT('',(-0.0220028335401444,0.00247817477491817,-0.01));
#1985=CARTESIAN_POINT('',(-0.0260028309449296,0.00247361827279695,-0.01));
#1986=CARTESIAN_POINT('',(-0.0260028309449296,0.00247361827279695,-0.01));
#1987=CARTESIAN_POINT('',(-0.0260028309449296,0.00247361827279695,-0.016));
#1988=CARTESIAN_POINT('',(-0.0259999831311038,-2.63801051938128E-5,-0.016));
#1989=CARTESIAN_POINT('',(-0.0259999831311038,-2.63801051938128E-5,-0.022));
#1990=CARTESIAN_POINT('',(-0.0260028309449296,0.00247361827279695,-0.016));
#1991=CARTESIAN_POINT('',(-0.0260028309449296,0.00247361827279695,-0.022));
#1992=CARTESIAN_POINT('',(-0.0260028309449296,0.00247361827279695,-0.022));
#1993=CARTESIAN_POINT('',(-0.0220028335401444,0.00247817477491817,-0.022));
#1994=CARTESIAN_POINT('',(-0.0219999857263186,-2.18236030725868E-5,-0.022));
#1995=CARTESIAN_POINT('',(-0.0219999857263186,-2.18236030725868E-5,-0.026));
#1996=CARTESIAN_POINT('',(-0.0220028335401444,0.00247817477491817,-0.022));
#1997=CARTESIAN_POINT('',(-0.0220028335401444,0.00247817477491817,-0.026));
#1998=CARTESIAN_POINT('',(-0.0220028335401444,0.00247817477491817,-0.026));
#1999=CARTESIAN_POINT('',(-0.0160028374329666,0.00248500952810001,-0.026));
#2000=CARTESIAN_POINT('',(-0.0159999896191409,-1.49888498907478E-5,-0.026));
#2001=CARTESIAN_POINT('',(-0.00999999351196305,-8.1540967089088E-6,-0.026));
#2002=CARTESIAN_POINT('',(-0.0160028374329666,0.00248500952810001,-0.026));
#2003=CARTESIAN_POINT('',(-0.0100028413257888,0.00249184428128185,-0.026));
#2004=CARTESIAN_POINT('',(-0.0100028413257888,0.00249184428128185,-0.026));
#2005=CARTESIAN_POINT('',(-0.0100028413257888,0.00249184428128185,-0.022));
#2006=CARTESIAN_POINT('',(-0.00999999351196306,-8.15409670890881E-6,-0.022));
#2007=CARTESIAN_POINT('',(-0.00599999610717781,-3.59759458768274E-6,-0.022));
#2008=CARTESIAN_POINT('',(-0.0100028413257888,0.00249184428128185,-0.022));
#2009=CARTESIAN_POINT('',(-0.00600284392100358,0.00249640078340308,-0.022));
#2010=CARTESIAN_POINT('',(-0.00600284392100358,0.00249640078340308,-0.022));
#2011=CARTESIAN_POINT('',(-0.00600284392100358,0.00249640078340308,-0.016));
#2012=CARTESIAN_POINT('',(-0.00599999610717782,-3.59759458768275E-6,-0.016));
#2013=CARTESIAN_POINT('',(-0.00599999610717782,-3.59759458768275E-6,-0.01));
#2014=CARTESIAN_POINT('',(-0.00600284392100358,0.00249640078340308,-0.016));
#2015=CARTESIAN_POINT('',(-0.00600284392100358,0.00249640078340308,-0.01));
#2016=CARTESIAN_POINT('',(-0.00600284392100358,0.00249640078340308,-0.01));
#2017=CARTESIAN_POINT('',(-0.0100028413257888,0.00249184428128185,-0.01));
#2018=CARTESIAN_POINT('',(-0.00999999351196305,-8.15409670890881E-6,-0.01));
#2019=CARTESIAN_POINT('',(-0.0100028413257888,0.00249184428128185,-0.01));
#2020=CARTESIAN_POINT('',(-5.74554346706311E-6,0.00250323223570496,0.));
#2021=CARTESIAN_POINT('',(-0.0229028329562211,0.00247714956194089,-0.0091));
#2022=CARTESIAN_POINT('',(-0.0245028319181352,0.0024753269610924,-0.0091));
#2023=CARTESIAN_POINT('',(-0.00910284190971212,0.00249286949425913,-0.0229));
#2024=CARTESIAN_POINT('',(-0.0107028408716262,0.00249104689341063,-0.0229));
#2025=CARTESIAN_POINT('',(-0.0229028329562211,0.00247714956194089,-0.0229));
#2026=CARTESIAN_POINT('',(-0.0245028319181352,0.0024753269610924,-0.0229));
#2027=CARTESIAN_POINT('',(-0.00910284190971212,0.00249286949425913,-0.0091));
#2028=CARTESIAN_POINT('',(-0.0107028408716262,0.00249104689341063,-0.0091));
#2029=CARTESIAN_POINT('',(-2.89772964129684E-6,3.23385771420034E-6,0.));
#2030=CARTESIAN_POINT('',(-0.0091009053963106,0.00079287059722541,-0.0091));
#2031=CARTESIAN_POINT('',(-0.0091009053963106,0.00079287059722541,-0.0091));
#2032=CARTESIAN_POINT('',(-0.0107009043582247,0.00079104799637692,-0.0091));
#2033=CARTESIAN_POINT('',(-0.0160009009195651,0.000785010631066295,-0.016));
#2034=CARTESIAN_POINT('',(-0.0229008964428196,0.00077715066490718,-0.0229));
#2035=CARTESIAN_POINT('',(-0.0229008964428196,0.00077715066490718,-0.0229));
#2036=CARTESIAN_POINT('',(-0.0245008954047337,0.00077532806405869,-0.0229));
#2037=CARTESIAN_POINT('',(-0.0160009009195651,0.000785010631066295,-0.016));
#2038=CARTESIAN_POINT('',(-0.0091009053963106,0.00079287059722541,-0.0229));
#2039=CARTESIAN_POINT('',(-0.0091009053963106,0.00079287059722541,-0.0229));
#2040=CARTESIAN_POINT('',(-0.0107009043582247,0.00079104799637692,-0.0229));
#2041=CARTESIAN_POINT('',(-0.0160009009195651,0.000785010631066295,-0.016));
#2042=CARTESIAN_POINT('',(-0.0229008964428196,0.00077715066490718,-0.0091));
#2043=CARTESIAN_POINT('',(-0.0229008964428196,0.00077715066490718,-0.0091));
#2044=CARTESIAN_POINT('',(-0.0245008954047337,0.00077532806405869,-0.0091));
#2045=CARTESIAN_POINT('',(-0.0160009009195651,0.000785010631066295,-0.016));
#2046=CARTESIAN_POINT('',(0.,0.,0.));
#2047=CARTESIAN_POINT('',(0.010770856053815,1.55065236687227E-5,0.));
#2048=CARTESIAN_POINT('',(-2.89772964129532E-6,3.23385771419627E-6,0.));
#2049=CARTESIAN_POINT('',(0.0449970730741923,5.4494506577989E-5,0.));
#2050=CARTESIAN_POINT('',(-2.89772964129532E-6,3.23385771419627E-6,0.));
#2051=CARTESIAN_POINT('',(-3.94674001196202E-6,0.000924124191708069,0.));
#2052=CARTESIAN_POINT('',(0.0449970730741924,0.000975386035527132,0.));
#2053=CARTESIAN_POINT('',(-3.94674001196202E-6,0.000924124191708069,0.));
#2054=CARTESIAN_POINT('',(-3.94479360150134E-6,0.000922415504521212,0.));
#2055=CARTESIAN_POINT('',(0.0464970730741923,0.000975386035527131,0.));
#2056=CARTESIAN_POINT('',(-1.33113820358542E-6,-0.00137202319659663,0.));
#2057=CARTESIAN_POINT('',(-1.40451273564907E-6,-0.00130761020393747,0.));
#2058=CARTESIAN_POINT('',(-1.33113820358542E-6,-0.00137202319659663,0.));
#2059=CARTESIAN_POINT('',(0.0465446390334377,-0.00131900145924053,0.));
#2060=CARTESIAN_POINT('',(-2.80689646465043E-6,-7.65054820647485E-5,0.));
#2061=CARTESIAN_POINT('',(-2.80689646465043E-6,-7.65054820647485E-5,0.));
#2062=CARTESIAN_POINT('',(0.0465446390334378,-2.34820636336451E-5,0.));
#2063=CARTESIAN_POINT('',(0.0441210006412318,-2.62428937936776E-5,-0.0182766913636389));
#2064=CARTESIAN_POINT('',(0.0477564582295407,-2.21016485536332E-5,-3.59955121265187E-17));
#2065=CARTESIAN_POINT('',(0.0441210006412317,-2.62428937936777E-5,0.018276691363639));
#2066=CARTESIAN_POINT('',(0.0337680933386199,-3.80361624664958E-5,0.0337709221457837));
#2067=CARTESIAN_POINT('',(0.0182738726091894,-5.56860363228978E-5,0.0441238361654044));
#2068=CARTESIAN_POINT('',(-2.80689646468094E-6,-7.65054820647514E-5,0.0477592961124133));
#2069=CARTESIAN_POINT('',(-0.0182794864021187,-9.7324927806605E-5,0.0441238361654045));
#2070=CARTESIAN_POINT('',(-0.0337737071315493,-0.000114974801663007,0.0337709221457837));
#2071=CARTESIAN_POINT('',(-0.0441266144341611,-0.000126768070335825,0.018276691363639));
#2072=CARTESIAN_POINT('',(-0.04776207202247,-0.00013090931557587,6.64727634203533E-18));
#2073=CARTESIAN_POINT('',(-0.0441266144341611,-0.000126768070335825,-0.018276691363639));
#2074=CARTESIAN_POINT('',(-0.0337737071315493,-0.000114974801663007,-0.0337709221457837));
#2075=CARTESIAN_POINT('',(-0.0182794864021188,-9.7324927806605E-5,-0.0441238361654045));
#2076=CARTESIAN_POINT('',(-2.8068964646952E-6,-7.65054820647514E-5,-0.0477592961124133));
#2077=CARTESIAN_POINT('',(0.0182738726091894,-5.56860363228978E-5,-0.0441238361654045));
#2078=CARTESIAN_POINT('',(0.0337680933386199,-3.80361624664958E-5,-0.0337709221457837));
#2079=CARTESIAN_POINT('',(0.0441210006412318,-2.62428937936776E-5,-0.0182766913636389));
#2080=CARTESIAN_POINT('',(0.0477564582295407,-2.21016485536332E-5,-3.59955121265187E-17));
#2081=CARTESIAN_POINT('',(0.0441210006412317,-2.62428937936777E-5,0.018276691363639));
#2082=CARTESIAN_POINT('',(0.0445921346007851,-0.000193201126949128,-0.0184717625349859));
#2083=CARTESIAN_POINT('',(0.0482663942324192,-0.000189015681282226,-3.77302356024956E-17));
#2084=CARTESIAN_POINT('',(0.0445921346007851,-0.000193201126949128,0.018471762534986));
#2085=CARTESIAN_POINT('',(0.0341287284275524,-0.000205120267788207,0.0341313666709648));
#2086=CARTESIAN_POINT('',(0.0184691344515827,-0.000222958522653993,0.0445947796328985));
#2087=CARTESIAN_POINT('',(-2.61609885548589E-6,-0.000244000178947355,0.0482690416484074));
#2088=CARTESIAN_POINT('',(-0.0184743666492937,-0.000265041835240717,0.0445947796328985));
#2089=CARTESIAN_POINT('',(-0.0341339606252634,-0.000282880090106504,0.0341313666709648));
#2090=CARTESIAN_POINT('',(-0.0445973667984961,-0.000294799230945582,0.018471762534986));
#2091=CARTESIAN_POINT('',(-0.0482716264301303,-0.000298984676612484,5.29562351645428E-18));
#2092=CARTESIAN_POINT('',(-0.0445973667984961,-0.000294799230945582,-0.018471762534986));
#2093=CARTESIAN_POINT('',(-0.0341339606252634,-0.000282880090106504,-0.0341313666709648));
#2094=CARTESIAN_POINT('',(-0.0184743666492937,-0.000265041835240717,-0.0445947796328985));
#2095=CARTESIAN_POINT('',(-2.61609885551477E-6,-0.000244000178947355,-0.0482690416484074));
#2096=CARTESIAN_POINT('',(0.0184691344515827,-0.000222958522653993,-0.0445947796328985));
#2097=CARTESIAN_POINT('',(0.0341287284275524,-0.000205120267788207,-0.0341313666709648));
#2098=CARTESIAN_POINT('',(0.0445921346007851,-0.000193201126949128,-0.0184717625349859));
#2099=CARTESIAN_POINT('',(0.0482663942324192,-0.000189015681282226,-3.77302356024956E-17));
#2100=CARTESIAN_POINT('',(0.0445921346007851,-0.000193201126949128,0.018471762534986));
#2101=CARTESIAN_POINT('',(0.0454375781866633,-9.57414540500429E-5,-0.018822002492764));
#2102=CARTESIAN_POINT('',(0.0491815048322498,-9.14766488574391E-5,-3.8597597340484E-17));
#2103=CARTESIAN_POINT('',(0.0454375781866632,-9.57414540500428E-5,0.0188220024927641));
#2104=CARTESIAN_POINT('',(0.0347757771429147,-0.000107886591697836,0.0347785257278823));
#2105=CARTESIAN_POINT('',(0.0188192642604477,-0.000126063074689888,0.0454403336890512));
#2106=CARTESIAN_POINT('',(-2.72602053152509E-6,-0.000147503698260888,0.0491842627637128));
#2107=CARTESIAN_POINT('',(-0.0188247163015108,-0.000168944321831888,0.0454403336890512));
#2108=CARTESIAN_POINT('',(-0.0347812291839778,-0.00018712080482394,0.0347785257278823));
#2109=CARTESIAN_POINT('',(-0.0454430302277263,-0.000199265942471733,0.0188220024927641));
#2110=CARTESIAN_POINT('',(-0.0491869568733128,-0.000203530747664337,1.19798516708136E-17));
#2111=CARTESIAN_POINT('',(-0.0454430302277263,-0.000199265942471733,-0.0188220024927641));
#2112=CARTESIAN_POINT('',(-0.0347812291839778,-0.00018712080482394,-0.0347785257278823));
#2113=CARTESIAN_POINT('',(-0.0188247163015108,-0.000168944321831888,-0.0454403336890513));
#2114=CARTESIAN_POINT('',(-2.72602053155436E-6,-0.000147503698260888,-0.0491842627637128));
#2115=CARTESIAN_POINT('',(0.0188192642604477,-0.000126063074689888,-0.0454403336890513));
#2116=CARTESIAN_POINT('',(0.0347757771429148,-0.000107886591697835,-0.0347785257278823));
#2117=CARTESIAN_POINT('',(0.0454375781866633,-9.57414540500429E-5,-0.018822002492764));
#2118=CARTESIAN_POINT('',(0.0491815048322498,-9.14766488574391E-5,-3.8597597340484E-17));
#2119=CARTESIAN_POINT('',(0.0454375781866632,-9.57414540500428E-5,0.0188220024927641));
#2120=CARTESIAN_POINT('',(0.0465648351994962,0.000403608612752007,-0.0192891629467734));
#2121=CARTESIAN_POINT('',(0.0504016857766463,0.000407979270036108,-3.72965547335014E-17));
#2122=CARTESIAN_POINT('',(0.0465648351994961,0.000403608612752006,0.0192891629467736));
#2123=CARTESIAN_POINT('',(0.0356384091872794,0.000391162033851099,0.0356417256915984));
#2124=CARTESIAN_POINT('',(0.0192858570520577,0.00037253441214253,0.0465681587929253));
#2125=CARTESIAN_POINT('',(-3.29337983558437E-6,0.000350561634171618,0.05040501185944));
#2126=CARTESIAN_POINT('',(-0.0192924438117289,0.000328588856200706,0.0465681587929253));
#2127=CARTESIAN_POINT('',(-0.0356449959469506,0.000309961234492137,0.0356417256915984));
#2128=CARTESIAN_POINT('',(-0.0465714219591673,0.000297514655591229,0.0192891629467736));
#2129=CARTESIAN_POINT('',(-0.0504082725363175,0.000293143998307128,4.11650071431709E-18));
#2130=CARTESIAN_POINT('',(-0.0465714219591673,0.000297514655591229,-0.0192891629467735));
#2131=CARTESIAN_POINT('',(-0.0356449959469505,0.000309961234492137,-0.0356417256915984));
#2132=CARTESIAN_POINT('',(-0.0192924438117289,0.000328588856200706,-0.0465681587929253));
#2133=CARTESIAN_POINT('',(-3.29337983560361E-6,0.000350561634171618,-0.05040501185944));
#2134=CARTESIAN_POINT('',(0.0192858570520577,0.00037253441214253,-0.0465681587929253));
#2135=CARTESIAN_POINT('',(0.0356384091872794,0.000391162033851099,-0.0356417256915984));
#2136=CARTESIAN_POINT('',(0.0465648351994962,0.000403608612752007,-0.0192891629467734));
#2137=CARTESIAN_POINT('',(0.0504016857766463,0.000407979270036108,-3.72965547335014E-17));
#2138=CARTESIAN_POINT('',(0.0465648351994961,0.000403608612752006,0.0192891629467736));
#2139=CARTESIAN_POINT('',(0.047343434283411,0.000884786909846464,-0.0196118960775052));
#2140=CARTESIAN_POINT('',(0.0512444804299766,0.000889230693990063,-4.03323208164608E-17));
#2141=CARTESIAN_POINT('',(0.047343434283411,0.000884786909846464,0.0196118960775053));
#2142=CARTESIAN_POINT('',(0.0362341947564574,0.000872132083268522,0.036238058759491));
#2143=CARTESIAN_POINT('',(0.0196080428615874,0.000853192796886443,0.047347305494165));
#2144=CARTESIAN_POINT('',(-3.84049164719254E-6,0.000830852385366838,0.0512483541717454));
#2145=CARTESIAN_POINT('',(-0.0196157238448818,0.000808511973847234,0.047347305494165));
#2146=CARTESIAN_POINT('',(-0.0362418757397518,0.000789572687465155,0.0362380587594911));
#2147=CARTESIAN_POINT('',(-0.0473511152667054,0.000776917860887213,0.0196118960775053));
#2148=CARTESIAN_POINT('',(-0.051252161413271,0.000772474076743614,1.05592715391497E-17));
#2149=CARTESIAN_POINT('',(-0.0473511152667054,0.000776917860887213,-0.0196118960775053));
#2150=CARTESIAN_POINT('',(-0.0362418757397518,0.000789572687465155,-0.0362380587594911));
#2151=CARTESIAN_POINT('',(-0.0196157238448818,0.000808511973847234,-0.047347305494165));
#2152=CARTESIAN_POINT('',(-3.84049164721658E-6,0.000830852385366838,-0.0512483541717454));
#2153=CARTESIAN_POINT('',(0.0196080428615874,0.000853192796886442,-0.047347305494165));
#2154=CARTESIAN_POINT('',(0.0362341947564574,0.000872132083268522,-0.036238058759491));
#2155=CARTESIAN_POINT('',(0.047343434283411,0.000884786909846464,-0.0196118960775052));
#2156=CARTESIAN_POINT('',(0.0512444804299766,0.000889230693990063,-4.03323208164608E-17));
#2157=CARTESIAN_POINT('',(0.047343434283411,0.000884786909846464,0.0196118960775053));
#2158=CARTESIAN_POINT('',(0.0479765470222596,0.00137797500429433,-0.0198743724967866));
#2159=CARTESIAN_POINT('',(0.0519298029408918,0.00138247826196081,-3.77302356024956E-17));
#2160=CARTESIAN_POINT('',(0.0479765470222596,0.00137797500429433,0.0198743724967867));
#2161=CARTESIAN_POINT('',(0.0367186266436203,0.00136515081145248,0.036723051942573));
#2162=CARTESIAN_POINT('',(0.0198699581293196,0.00134595805054384,0.0479809796253973));
#2163=CARTESIAN_POINT('',(-4.40147290082007E-6,0.00132331864543393,0.0519342381089184));
#2164=CARTESIAN_POINT('',(-0.0198787610751212,0.00130067924032401,0.0479809796253973));
#2165=CARTESIAN_POINT('',(-0.036727429589422,0.00128148647941537,0.036723051942573));
#2166=CARTESIAN_POINT('',(-0.0479853499680612,0.00126866228657352,0.0198743724967867));
#2167=CARTESIAN_POINT('',(-0.0519386058866935,0.00126415902890704,6.28985490807362E-18));
#2168=CARTESIAN_POINT('',(-0.0479853499680613,0.00126866228657352,-0.0198743724967867));
#2169=CARTESIAN_POINT('',(-0.0367274295894219,0.00128148647941537,-0.036723051942573));
#2170=CARTESIAN_POINT('',(-0.0198787610751212,0.00130067924032401,-0.0479809796253974));
#2171=CARTESIAN_POINT('',(-4.40147290085093E-6,0.00132331864543393,-0.0519342381089184));
#2172=CARTESIAN_POINT('',(0.0198699581293196,0.00134595805054384,-0.0479809796253974));
#2173=CARTESIAN_POINT('',(0.0367186266436203,0.00136515081145248,-0.036723051942573));
#2174=CARTESIAN_POINT('',(0.0479765470222596,0.00137797500429433,-0.0198743724967866));
#2175=CARTESIAN_POINT('',(0.0519298029408918,0.00138247826196081,-3.77302356024956E-17));
#2176=CARTESIAN_POINT('',(0.0479765470222596,0.00137797500429433,0.0198743724967867));
#2177=CARTESIAN_POINT('',(0.0486044490364328,0.00204169365359506,-0.0201347710279872));
#2178=CARTESIAN_POINT('',(0.0526095014097626,0.00204625591396374,-4.33680868994202E-17));
#2179=CARTESIAN_POINT('',(0.0486044490364327,0.00204169365359506,0.0201347710279873));
#2180=CARTESIAN_POINT('',(0.0371990248343925,0.00202870143527314,0.0372042056891173));
#2181=CARTESIAN_POINT('',(0.0201296012479748,0.00200925720646275,0.0486096372910438));
#2182=CARTESIAN_POINT('',(-5.15671649861214E-6,0.00198632117473789,0.052614692262868));
#2183=CARTESIAN_POINT('',(-0.020139914680972,0.00196338514301303,0.0486096372910437));
#2184=CARTESIAN_POINT('',(-0.0372093382673898,0.00194394091420264,0.0372042056891174));
#2185=CARTESIAN_POINT('',(-0.04861476246943,0.00193094869588072,0.0201347710279873));
#2186=CARTESIAN_POINT('',(-0.0526198148427598,0.00192638643551204,9.48226914671588E-18));
#2187=CARTESIAN_POINT('',(-0.04861476246943,0.00193094869588072,-0.0201347710279873));
#2188=CARTESIAN_POINT('',(-0.0372093382673898,0.00194394091420264,-0.0372042056891173));
#2189=CARTESIAN_POINT('',(-0.020139914680972,0.00196338514301303,-0.0486096372910437));
#2190=CARTESIAN_POINT('',(-5.15671649863828E-6,0.00198632117473789,-0.052614692262868));
#2191=CARTESIAN_POINT('',(0.0201296012479747,0.00200925720646275,-0.0486096372910438));
#2192=CARTESIAN_POINT('',(0.0371990248343926,0.00202870143527314,-0.0372042056891173));
#2193=CARTESIAN_POINT('',(0.0486044490364328,0.00204169365359506,-0.0201347710279872));
#2194=CARTESIAN_POINT('',(0.0526095014097626,0.00204625591396374,-4.33680868994202E-17));
#2195=CARTESIAN_POINT('',(0.0486044490364327,0.00204169365359506,0.0201347710279873));
#2196=CARTESIAN_POINT('',(0.0488742880016636,0.00262998113060496,-0.02024681949282));
#2197=CARTESIAN_POINT('',(0.052901628185934,0.00263456877960458,-3.68628738645072E-17));
#2198=CARTESIAN_POINT('',(0.0488742880016635,0.00262998113060496,0.0202468194928201));
#2199=CARTESIAN_POINT('',(0.0374053934839773,0.00261691661157916,0.0374112442557341));
#2200=CARTESIAN_POINT('',(0.0202409798574056,0.0025973641771187,0.0488801462144862));
#2201=CARTESIAN_POINT('',(-5.8264992031248E-6,0.00257430050812692,0.0529074890117117));
#2202=CARTESIAN_POINT('',(-0.0202526328558119,0.00255123683913515,0.0488801462144862));
#2203=CARTESIAN_POINT('',(-0.0374170464823836,0.00253168440467468,0.0374112442557341));
#2204=CARTESIAN_POINT('',(-0.0488859410000698,0.00251861988564889,0.0202468194928201));
#2205=CARTESIAN_POINT('',(-0.0529132811843403,0.00251403223664927,1.08974759131206E-17));
#2206=CARTESIAN_POINT('',(-0.0488859410000698,0.00251861988564889,-0.0202468194928201));
#2207=CARTESIAN_POINT('',(-0.0374170464823836,0.00253168440467468,-0.0374112442557341));
#2208=CARTESIAN_POINT('',(-0.0202526328558119,0.00255123683913515,-0.0488801462144862));
#2209=CARTESIAN_POINT('',(-5.82649920314996E-6,0.00257430050812693,-0.0529074890117117));
#2210=CARTESIAN_POINT('',(0.0202409798574056,0.0025973641771187,-0.0488801462144862));
#2211=CARTESIAN_POINT('',(0.0374053934839774,0.00261691661157916,-0.0374112442557341));
#2212=CARTESIAN_POINT('',(0.0488742880016636,0.00262998113060496,-0.02024681949282));
#2213=CARTESIAN_POINT('',(0.052901628185934,0.00263456877960458,-3.68628738645072E-17));
#2214=CARTESIAN_POINT('',(0.0488742880016635,0.00262998113060496,0.0202468194928201));
#2215=CARTESIAN_POINT('',(0.0489916217947762,0.00312164533606011,-0.0202956526971695));
#2216=CARTESIAN_POINT('',(0.0530286755010284,0.00312624404998778,-3.98986399474666E-17));
#2217=CARTESIAN_POINT('',(0.0489916217947762,0.00312164533606011,0.0202956526971697));
#2218=CARTESIAN_POINT('',(0.0374950655068133,0.00310854930678513,0.0375014762517451));
#2219=CARTESIAN_POINT('',(0.0202892531154398,0.00308894971390417,0.0489980399987211));
#2220=CARTESIAN_POINT('',(-6.38641383537118E-6,0.00306583041776259,0.0530350963242304));
#2221=CARTESIAN_POINT('',(-0.0203020259431105,0.00304271112162101,0.0489980399987211));
#2222=CARTESIAN_POINT('',(-0.037507838334484,0.00302311152874004,0.0375014762517451));
#2223=CARTESIAN_POINT('',(-0.0490043946224469,0.00301001549946507,0.0202956526971697));
#2224=CARTESIAN_POINT('',(-0.0530414483286992,0.00300541678553739,6.98913354559125E-18));
#2225=CARTESIAN_POINT('',(-0.049004394622447,0.00301001549946507,-0.0202956526971696));
#2226=CARTESIAN_POINT('',(-0.037507838334484,0.00302311152874004,-0.0375014762517451));
#2227=CARTESIAN_POINT('',(-0.0203020259431105,0.00304271112162101,-0.0489980399987211));
#2228=CARTESIAN_POINT('',(-6.38641383540091E-6,0.00306583041776259,-0.0530350963242304));
#2229=CARTESIAN_POINT('',(0.0202892531154398,0.00308894971390417,-0.0489980399987211));
#2230=CARTESIAN_POINT('',(0.0374950655068133,0.00310854930678513,-0.037501476251745));
#2231=CARTESIAN_POINT('',(0.0489916217947762,0.00312164533606011,-0.0202956526971695));
#2232=CARTESIAN_POINT('',(0.0530286755010284,0.00312624404998778,-3.98986399474666E-17));
#2233=CARTESIAN_POINT('',(0.0489916217947762,0.00312164533606011,0.0202956526971697));
#2234=CARTESIAN_POINT('',(-6.38641383534652E-6,0.00306583041776259,0.));
#2235=CARTESIAN_POINT('',(0.0516829909322778,0.00312471114534523,0.));
#2236=CARTESIAN_POINT('',(-6.37806536956582E-6,0.00305850158512555,0.));
#2237=CARTESIAN_POINT('',(-6.37806536956582E-6,0.00305850158512555,0.));
#2238=CARTESIAN_POINT('',(0.058116730846824,0.00312471114534522,0.));
#2239=CARTESIAN_POINT('',(-7.51719016080347E-6,0.00405850028751858,0.));
#2240=CARTESIAN_POINT('',(-7.51719016080347E-6,0.00405850028751858,0.));
#2241=CARTESIAN_POINT('',(0.0581167308468241,0.00412471114534523,0.));
#2242=CARTESIAN_POINT('',(-7.52627340962004E-6,0.00406647416105724,0.));
#2243=CARTESIAN_POINT('',(-7.52627340962004E-6,0.00406647416105724,0.));
#2244=CARTESIAN_POINT('',(0.051116730846824,0.00412471114534523,0.));
#2245=CARTESIAN_POINT('',(0.0484547864618152,0.00412167885456865,-0.0200737602228262));
#2246=CARTESIAN_POINT('',(0.0524477030393284,0.00412622729073352,-4.16333634234434E-17));
#2247=CARTESIAN_POINT('',(0.0484547864618152,0.00412167885456864,0.0200737602228263));
#2248=CARTESIAN_POINT('',(0.0370839220823228,0.00410872600424845,0.0370914724208169));
#2249=CARTESIAN_POINT('',(0.0200662209254868,0.00408934069381631,0.0484623441777729));
#2250=CARTESIAN_POINT('',(-7.52627340965346E-6,0.00406647416105724,0.0524552633459069));
#2251=CARTESIAN_POINT('',(-0.0200812734723061,0.00404360762829817,0.0484623441777729));
#2252=CARTESIAN_POINT('',(-0.0370989746291421,0.00402422231786603,0.0370914724208169));
#2253=CARTESIAN_POINT('',(-0.0484698390086345,0.00401126946754584,0.0200737602228263));
#2254=CARTESIAN_POINT('',(-0.0524627555861478,0.00400672103138097,7.09810962821144E-18));
#2255=CARTESIAN_POINT('',(-0.0484698390086345,0.00401126946754584,-0.0200737602228263));
#2256=CARTESIAN_POINT('',(-0.0370989746291421,0.00402422231786603,-0.0370914724208169));
#2257=CARTESIAN_POINT('',(-0.0200812734723062,0.00404360762829817,-0.0484623441777729));
#2258=CARTESIAN_POINT('',(-7.52627340968586E-6,0.00406647416105724,-0.0524552633459069));
#2259=CARTESIAN_POINT('',(0.0200662209254868,0.00408934069381632,-0.0484623441777729));
#2260=CARTESIAN_POINT('',(0.0370839220823228,0.00410872600424845,-0.0370914724208169));
#2261=CARTESIAN_POINT('',(0.0484547864618152,0.00412167885456865,-0.0200737602228262));
#2262=CARTESIAN_POINT('',(0.0524477030393284,0.00412622729073352,-4.16333634234434E-17));
#2263=CARTESIAN_POINT('',(0.0484547864618152,0.00412167885456864,0.0200737602228263));
#2264=CARTESIAN_POINT('',(0.04786530765375,0.00329840263390515,-0.0198292018085365));
#2265=CARTESIAN_POINT('',(0.0518095785696758,0.00330289565651901,-4.20670442924376E-17));
#2266=CARTESIAN_POINT('',(0.04786530765375,0.00329840263390515,0.0198292018085367));
#2267=CARTESIAN_POINT('',(0.0366329743980174,0.00328560758802716,0.0366395873938856));
#2268=CARTESIAN_POINT('',(0.0198225997193087,0.00326645844863259,0.0478719279372023));
#2269=CARTESIAN_POINT('',(-6.58922396846613E-6,0.00324387049860689,0.0518162014121873));
#2270=CARTESIAN_POINT('',(-0.0198357781672457,0.00322128254858119,0.0478719279372023));
#2271=CARTESIAN_POINT('',(-0.0366461528459543,0.00320213340918662,0.0366395873938856));
#2272=CARTESIAN_POINT('',(-0.0478784861016869,0.00318933836330863,0.0198292018085367));
#2273=CARTESIAN_POINT('',(-0.0518227570176127,0.00318484534069476,7.02928820124702E-18));
#2274=CARTESIAN_POINT('',(-0.0478784861016869,0.00318933836330863,-0.0198292018085366));
#2275=CARTESIAN_POINT('',(-0.0366461528459544,0.00320213340918662,-0.0366395873938856));
#2276=CARTESIAN_POINT('',(-0.0198357781672457,0.00322128254858119,-0.0478719279372023));
#2277=CARTESIAN_POINT('',(-6.58922396849624E-6,0.00324387049860689,-0.0518162014121873));
#2278=CARTESIAN_POINT('',(0.0198225997193087,0.00326645844863259,-0.0478719279372023));
#2279=CARTESIAN_POINT('',(0.0366329743980174,0.00328560758802716,-0.0366395873938856));
#2280=CARTESIAN_POINT('',(0.04786530765375,0.00329840263390515,-0.0198292018085365));
#2281=CARTESIAN_POINT('',(0.0518095785696758,0.00330289565651901,-4.20670442924376E-17));
#2282=CARTESIAN_POINT('',(0.04786530765375,0.00329840263390515,0.0198292018085367));
#2283=CARTESIAN_POINT('',(0.0470465556372632,0.00147378767214504,-0.0194892029105283));
#2284=CARTESIAN_POINT('',(0.0509231966113582,0.00147820365571557,-3.8597597340484E-17));
#2285=CARTESIAN_POINT('',(0.0470465556372632,0.00147378767214504,0.0194892029105284));
#2286=CARTESIAN_POINT('',(0.0360068161614459,0.00146121201490108,0.0360113513479932));
#2287=CARTESIAN_POINT('',(0.0194846784436121,0.00144239121380044,0.0470510979864389));
#2288=CARTESIAN_POINT('',(-4.51182224939493E-6,0.00142019056519974,0.0509277414757146));
#2289=CARTESIAN_POINT('',(-0.0194937020881109,0.00139798991659903,0.0470510979864389));
#2290=CARTESIAN_POINT('',(-0.0360158398059447,0.0013791691154984,0.0360113513479932));
#2291=CARTESIAN_POINT('',(-0.047055579281762,0.00136659345825443,0.0194892029105284));
#2292=CARTESIAN_POINT('',(-0.0509322202558571,0.0013621774746839,1.07572125510112E-17));
#2293=CARTESIAN_POINT('',(-0.047055579281762,0.00136659345825443,-0.0194892029105284));
#2294=CARTESIAN_POINT('',(-0.0360158398059447,0.0013791691154984,-0.0360113513479932));
#2295=CARTESIAN_POINT('',(-0.019493702088111,0.00139798991659903,-0.0470510979864389));
#2296=CARTESIAN_POINT('',(-4.51182224940692E-6,0.00142019056519974,-0.0509277414757146));
#2297=CARTESIAN_POINT('',(0.0194846784436121,0.00144239121380045,-0.0470510979864389));
#2298=CARTESIAN_POINT('',(0.0360068161614459,0.00146121201490107,-0.0360113513479932));
#2299=CARTESIAN_POINT('',(0.0470465556372632,0.00147378767214504,-0.0194892029105283));
#2300=CARTESIAN_POINT('',(0.0509231966113582,0.00147820365571557,-3.8597597340484E-17));
#2301=CARTESIAN_POINT('',(0.0470465556372632,0.00147378767214504,0.0194892029105284));
#2302=CARTESIAN_POINT('',(0.0451599194382005,0.00100576410549229,-0.0187075122838115));
#2303=CARTESIAN_POINT('',(0.048881072580058,0.00101000296878855,-3.29597460435593E-17));
#2304=CARTESIAN_POINT('',(0.0451599194382005,0.00100576410549229,0.0187075122838116));
#2305=CARTESIAN_POINT('',(0.0345629718461385,0.000993692844114977,0.034566975406434));
#2306=CARTESIAN_POINT('',(0.0187035190131944,0.000975626924775044,0.0451639298738392));
#2307=CARTESIAN_POINT('',(-3.98113311401734E-6,0.000954316719924032,0.0488850854299962));
#2308=CARTESIAN_POINT('',(-0.0187114812794225,0.000933006515073019,0.0451639298738392));
#2309=CARTESIAN_POINT('',(-0.0345709341123666,0.000914940595733085,0.034566975406434));
#2310=CARTESIAN_POINT('',(-0.0451678817044285,0.000902869334355769,0.0187075122838116));
#2311=CARTESIAN_POINT('',(-0.048889034846286,0.000898630471059508,6.19390195701747E-18));
#2312=CARTESIAN_POINT('',(-0.0451678817044286,0.000902869334355769,-0.0187075122838116));
#2313=CARTESIAN_POINT('',(-0.0345709341123666,0.000914940595733085,-0.034566975406434));
#2314=CARTESIAN_POINT('',(-0.0187114812794225,0.000933006515073019,-0.0451639298738392));
#2315=CARTESIAN_POINT('',(-3.98113311405506E-6,0.000954316719924032,-0.0488850854299962));
#2316=CARTESIAN_POINT('',(0.0187035190131944,0.000975626924775044,-0.0451639298738392));
#2317=CARTESIAN_POINT('',(0.0345629718461386,0.000993692844114978,-0.034566975406434));
#2318=CARTESIAN_POINT('',(0.0451599194382005,0.00100576410549229,-0.0187075122838115));
#2319=CARTESIAN_POINT('',(0.048881072580058,0.00101000296878855,-3.29597460435593E-17));
#2320=CARTESIAN_POINT('',(0.0451599194382005,0.00100576410549229,0.0187075122838116));
#2321=CARTESIAN_POINT('',(0.0440758521042865,0.000972627959116348,-0.0182584615479139));
#2322=CARTESIAN_POINT('',(0.0477076835591452,0.000976765073732523,-3.64291929955129E-17));
#2323=CARTESIAN_POINT('',(0.0440758521042864,0.000972627959116348,0.018258461547914));
#2324=CARTESIAN_POINT('',(0.0337332711560781,0.000960846453465097,0.0337372378385242));
#2325=CARTESIAN_POINT('',(0.0182545049081551,0.00094321418421456,0.0440798254970417));
#2326=CARTESIAN_POINT('',(-3.94479360152965E-6,0.000922415504521212,0.0477116593082477));
#2327=CARTESIAN_POINT('',(-0.0182623944953582,0.000901616824827863,0.0440798254970417));
#2328=CARTESIAN_POINT('',(-0.0337411607432811,0.000883984555577326,0.0337372378385242));
#2329=CARTESIAN_POINT('',(-0.0440837416914895,0.000872203049926076,0.018258461547914));
#2330=CARTESIAN_POINT('',(-0.0477155731463483,0.000868065935309901,7.12844399563498E-18));
#2331=CARTESIAN_POINT('',(-0.0440837416914895,0.000872203049926076,-0.018258461547914));
#2332=CARTESIAN_POINT('',(-0.0337411607432811,0.000883984555577326,-0.0337372378385242));
#2333=CARTESIAN_POINT('',(-0.0182623944953582,0.000901616824827864,-0.0440798254970417));
#2334=CARTESIAN_POINT('',(-3.94479360154673E-6,0.000922415504521212,-0.0477116593082477));
#2335=CARTESIAN_POINT('',(0.0182545049081551,0.00094321418421456,-0.0440798254970417));
#2336=CARTESIAN_POINT('',(0.0337332711560781,0.000960846453465097,-0.0337372378385242));
#2337=CARTESIAN_POINT('',(0.0440758521042865,0.000972627959116348,-0.0182584615479139));
#2338=CARTESIAN_POINT('',(0.0477076835591452,0.000976765073732523,-3.64291929955129E-17));
#2339=CARTESIAN_POINT('',(0.0440758521042864,0.000972627959116348,0.018258461547914));
#2340=MECHANICAL_DESIGN_GEOMETRIC_PRESENTATION_REPRESENTATION('',(#1154),
#2345);
#2341=MECHANICAL_DESIGN_GEOMETRIC_PRESENTATION_REPRESENTATION('',(#1155),
#2346);
#2342=MECHANICAL_DESIGN_GEOMETRIC_PRESENTATION_REPRESENTATION('',(#1156),
#2347);
#2343=MECHANICAL_DESIGN_GEOMETRIC_PRESENTATION_REPRESENTATION('',(#1157),
#2348);
#2344=MECHANICAL_DESIGN_GEOMETRIC_PRESENTATION_REPRESENTATION('',(#1158),
#2349);
#2345=(
GEOMETRIC_REPRESENTATION_CONTEXT(3)
GLOBAL_UNCERTAINTY_ASSIGNED_CONTEXT((#2350))
GLOBAL_UNIT_ASSIGNED_CONTEXT((#2365,#2360,#2355))
REPRESENTATION_CONTEXT('Part 1','TOP_LEVEL_ASSEMBLY_PART')
);
#2346=(
GEOMETRIC_REPRESENTATION_CONTEXT(3)
GLOBAL_UNCERTAINTY_ASSIGNED_CONTEXT((#2351))
GLOBAL_UNIT_ASSIGNED_CONTEXT((#2366,#2361,#2356))
REPRESENTATION_CONTEXT('Part 3','TOP_LEVEL_ASSEMBLY_PART')
);
#2347=(
GEOMETRIC_REPRESENTATION_CONTEXT(3)
GLOBAL_UNCERTAINTY_ASSIGNED_CONTEXT((#2352))
GLOBAL_UNIT_ASSIGNED_CONTEXT((#2367,#2362,#2357))
REPRESENTATION_CONTEXT('Part 2','TOP_LEVEL_ASSEMBLY_PART')
);
#2348=(
GEOMETRIC_REPRESENTATION_CONTEXT(3)
GLOBAL_UNCERTAINTY_ASSIGNED_CONTEXT((#2353))
GLOBAL_UNIT_ASSIGNED_CONTEXT((#2368,#2363,#2358))
REPRESENTATION_CONTEXT('Part 4','TOP_LEVEL_ASSEMBLY_PART')
);
#2349=(
GEOMETRIC_REPRESENTATION_CONTEXT(3)
GLOBAL_UNCERTAINTY_ASSIGNED_CONTEXT((#2354))
GLOBAL_UNIT_ASSIGNED_CONTEXT((#2369,#2364,#2359))
REPRESENTATION_CONTEXT('Surface 1','TOP_LEVEL_ASSEMBLY_PART')
);
#2350=UNCERTAINTY_MEASURE_WITH_UNIT(LENGTH_MEASURE(1.E-8),#2365,
'DISTANCE_ACCURACY_VALUE','Maximum Tolerance applied to model');
#2351=UNCERTAINTY_MEASURE_WITH_UNIT(LENGTH_MEASURE(1.E-8),#2366,
'DISTANCE_ACCURACY_VALUE','Maximum Tolerance applied to model');
#2352=UNCERTAINTY_MEASURE_WITH_UNIT(LENGTH_MEASURE(1.E-8),#2367,
'DISTANCE_ACCURACY_VALUE','Maximum Tolerance applied to model');
#2353=UNCERTAINTY_MEASURE_WITH_UNIT(LENGTH_MEASURE(1.E-8),#2368,
'DISTANCE_ACCURACY_VALUE','Maximum Tolerance applied to model');
#2354=UNCERTAINTY_MEASURE_WITH_UNIT(LENGTH_MEASURE(2.E-5),#2369,
'DISTANCE_ACCURACY_VALUE','Maximum Tolerance applied to model');
#2355=(
NAMED_UNIT(*)
SI_UNIT($,.STERADIAN.)
SOLID_ANGLE_UNIT()
);
#2356=(
NAMED_UNIT(*)
SI_UNIT($,.STERADIAN.)
SOLID_ANGLE_UNIT()
);
#2357=(
NAMED_UNIT(*)
SI_UNIT($,.STERADIAN.)
SOLID_ANGLE_UNIT()
);
#2358=(
NAMED_UNIT(*)
SI_UNIT($,.STERADIAN.)
SOLID_ANGLE_UNIT()
);
#2359=(
NAMED_UNIT(*)
SI_UNIT($,.STERADIAN.)
SOLID_ANGLE_UNIT()
);
#2360=(
NAMED_UNIT(*)
PLANE_ANGLE_UNIT()
SI_UNIT($,.RADIAN.)
);
#2361=(
NAMED_UNIT(*)
PLANE_ANGLE_UNIT()
SI_UNIT($,.RADIAN.)
);
#2362=(
NAMED_UNIT(*)
PLANE_ANGLE_UNIT()
SI_UNIT($,.RADIAN.)
);
#2363=(
NAMED_UNIT(*)
PLANE_ANGLE_UNIT()
SI_UNIT($,.RADIAN.)
);
#2364=(
NAMED_UNIT(*)
PLANE_ANGLE_UNIT()
SI_UNIT($,.RADIAN.)
);
#2365=(
LENGTH_UNIT()
NAMED_UNIT(*)
SI_UNIT($,.METRE.)
);
#2366=(
LENGTH_UNIT()
NAMED_UNIT(*)
SI_UNIT($,.METRE.)
);
#2367=(
LENGTH_UNIT()
NAMED_UNIT(*)
SI_UNIT($,.METRE.)
);
#2368=(
LENGTH_UNIT()
NAMED_UNIT(*)
SI_UNIT($,.METRE.)
);
#2369=(
LENGTH_UNIT()
NAMED_UNIT(*)
SI_UNIT($,.METRE.)
);
#2370=PRODUCT_DEFINITION_SHAPE('','',#2375);
#2371=PRODUCT_DEFINITION_SHAPE('','',#2376);
#2372=PRODUCT_DEFINITION_SHAPE('','',#2377);
#2373=PRODUCT_DEFINITION_SHAPE('','',#2378);
#2374=PRODUCT_DEFINITION_SHAPE('','',#2379);
#2375=PRODUCT_DEFINITION('','',#2385,#2380);
#2376=PRODUCT_DEFINITION('','',#2386,#2381);
#2377=PRODUCT_DEFINITION('','',#2387,#2382);
#2378=PRODUCT_DEFINITION('','',#2388,#2383);
#2379=PRODUCT_DEFINITION('','',#2389,#2384);
#2380=PRODUCT_DEFINITION_CONTEXT('',#2415,'design');
#2381=PRODUCT_DEFINITION_CONTEXT('',#2416,'design');
#2382=PRODUCT_DEFINITION_CONTEXT('',#2417,'design');
#2383=PRODUCT_DEFINITION_CONTEXT('',#2418,'design');
#2384=PRODUCT_DEFINITION_CONTEXT('',#2419,'design');
#2385=PRODUCT_DEFINITION_FORMATION_WITH_SPECIFIED_SOURCE('','',#2395,
 .NOT_KNOWN.);
#2386=PRODUCT_DEFINITION_FORMATION_WITH_SPECIFIED_SOURCE('','',#2396,
 .NOT_KNOWN.);
#2387=PRODUCT_DEFINITION_FORMATION_WITH_SPECIFIED_SOURCE('','',#2397,
 .NOT_KNOWN.);
#2388=PRODUCT_DEFINITION_FORMATION_WITH_SPECIFIED_SOURCE('','',#2398,
 .NOT_KNOWN.);
#2389=PRODUCT_DEFINITION_FORMATION_WITH_SPECIFIED_SOURCE('','',#2399,
 .NOT_KNOWN.);
#2390=PRODUCT_RELATED_PRODUCT_CATEGORY('','',(#2395));
#2391=PRODUCT_RELATED_PRODUCT_CATEGORY('','',(#2396));
#2392=PRODUCT_RELATED_PRODUCT_CATEGORY('','',(#2397));
#2393=PRODUCT_RELATED_PRODUCT_CATEGORY('','',(#2398));
#2394=PRODUCT_RELATED_PRODUCT_CATEGORY('','',(#2399));
#2395=PRODUCT('Part 1','Part 1','Part 1',(#2405));
#2396=PRODUCT('Part 3','Part 3','Part 3',(#2406));
#2397=PRODUCT('Part 2','Part 2','Part 2',(#2407));
#2398=PRODUCT('Part 4','Part 4','Part 4',(#2408));
#2399=PRODUCT('Surface 1','Surface 1','Surface 1',(#2409));
#2400=PRODUCT_CATEGORY('','');
#2401=PRODUCT_CATEGORY('','');
#2402=PRODUCT_CATEGORY('','');
#2403=PRODUCT_CATEGORY('','');
#2404=PRODUCT_CATEGORY('','');
#2405=PRODUCT_CONTEXT('',#2415,'mechanical');
#2406=PRODUCT_CONTEXT('',#2416,'mechanical');
#2407=PRODUCT_CONTEXT('',#2417,'mechanical');
#2408=PRODUCT_CONTEXT('',#2418,'mechanical');
#2409=PRODUCT_CONTEXT('',#2419,'mechanical');
#2410=APPLICATION_PROTOCOL_DEFINITION('international standard',
'ap242_managed_model_based_3d_engineering',2020,#2415);
#2411=APPLICATION_PROTOCOL_DEFINITION('international standard',
'ap242_managed_model_based_3d_engineering',2020,#2416);
#2412=APPLICATION_PROTOCOL_DEFINITION('international standard',
'ap242_managed_model_based_3d_engineering',2020,#2417);
#2413=APPLICATION_PROTOCOL_DEFINITION('international standard',
'ap242_managed_model_based_3d_engineering',2020,#2418);
#2414=APPLICATION_PROTOCOL_DEFINITION('international standard',
'ap242_managed_model_based_3d_engineering',2020,#2419);
#2415=APPLICATION_CONTEXT('managed model based 3d engineering');
#2416=APPLICATION_CONTEXT('managed model based 3d engineering');
#2417=APPLICATION_CONTEXT('managed model based 3d engineering');
#2418=APPLICATION_CONTEXT('managed model based 3d engineering');
#2419=APPLICATION_CONTEXT('managed model based 3d engineering');
ENDSEC;
END-ISO-10303-21;
