ISO-10303-21;
HEADER;
/* Generated by software containing ST-Developer
 * from STEP Tools, Inc. (www.steptools.com) 
 */
/* OPTION: using custom renumber hook */

FILE_DESCRIPTION(
/* description */ ('STEP AP242 Edition 2',
'CAx-IF Rec.Pracs.---Representation and Presentation of Product Manufa
cturing Information (PMI)---4.0---2014-10-13',
'CAx-IF Rec.Pracs.---3D Tessellated Geometry---0.4---2014-09-14','2;1',
'CAx-IF Rec.Pracs.---User Defined Attributes---1.5---2016-08-15'),
/* implementation_level */ '2;1');

FILE_NAME(
/* name */ 'Part Studio 1',
/* time_stamp */ '2026-08-02T01:25:47Z',
/* author */ (''),
/* organization */ (''),
/* preprocessor_version */ 'ST-DEVELOPER v20',
/* originating_system */ 'ONSHAPE BY PTC INC, 1.218',
/* authorisation */ '  ');

FILE_SCHEMA (('AP242_MANAGED_MODEL_BASED_3D_ENGINEERING_MIM_LF { 1 0 10303 442 3 1 4 }'));
ENDSEC;

DATA;
#10=SHAPE_REPRESENTATION_RELATIONSHIP('','',#1412,#11);
#11=ADVANCED_BREP_SHAPE_REPRESENTATION('',(#1410),#2174);
#12=TOROIDAL_SURFACE('',#1486,0.004,0.002);
#13=TOROIDAL_SURFACE('',#1488,0.012,0.002);
#14=TOROIDAL_SURFACE('',#1494,0.017,0.002);
#15=TOROIDAL_SURFACE('',#1502,0.004,0.002);
#16=TOROIDAL_SURFACE('',#1521,0.012,0.002);
#17=TOROIDAL_SURFACE('',#1523,0.004,0.002);
#18=TOROIDAL_SURFACE('',#1536,0.017,0.002);
#19=TOROIDAL_SURFACE('',#1537,0.004,0.002);
#20=B_SPLINE_CURVE_WITH_KNOTS('',3,(#2061,#2062,#2063,#2064),
 .UNSPECIFIED.,.F.,.F.,(4,4),(2.50210190343371E-17,0.00482299753736489),
 .UNSPECIFIED.);
#21=B_SPLINE_CURVE_WITH_KNOTS('',3,(#2072,#2073,#2074,#2075),
 .UNSPECIFIED.,.F.,.F.,(4,4),(0.000692997933414069,0.00551548324172027),
 .UNSPECIFIED.);
#22=B_SPLINE_CURVE_WITH_KNOTS('',3,(#2082,#2083,#2084,#2085),
 .UNSPECIFIED.,.F.,.F.,(4,4),(-1.53865404455099E-5,0.00575353952248636),
 .UNSPECIFIED.);
#23=B_SPLINE_CURVE_WITH_KNOTS('',3,(#2089,#2090,#2091,#2092),
 .UNSPECIFIED.,.F.,.F.,(4,4),(0.,0.00576861492592688),.UNSPECIFIED.);
#24=B_SPLINE_CURVE_WITH_KNOTS('',3,(#2100,#2101,#2102,#2103),
 .UNSPECIFIED.,.F.,.F.,(4,4),(4.84869951806108E-19,0.00115034306791984),
 .UNSPECIFIED.);
#25=B_SPLINE_CURVE_WITH_KNOTS('',3,(#2126,#2127,#2128,#2129),
 .UNSPECIFIED.,.F.,.F.,(4,4),(0.,0.00482299753736491),.UNSPECIFIED.);
#26=B_SPLINE_CURVE_WITH_KNOTS('',3,(#2134,#2135,#2136,#2137),
 .UNSPECIFIED.,.F.,.F.,(4,4),(-1.41482811142687E-5,0.00480913933369178),
 .UNSPECIFIED.);
#27=B_SPLINE_CURVE_WITH_KNOTS('',3,(#2145,#2146,#2147,#2148),
 .UNSPECIFIED.,.F.,.F.,(4,4),(0.000233366224965803,0.00600208406523549),
 .UNSPECIFIED.);
#28=B_SPLINE_CURVE_WITH_KNOTS('',3,(#2157,#2158,#2159,#2160),
 .UNSPECIFIED.,.F.,.F.,(4,4),(0.,0.00115034306791984),.UNSPECIFIED.);
#29=B_SPLINE_CURVE_WITH_KNOTS('',3,(#2166,#2167,#2168,#2169),
 .UNSPECIFIED.,.F.,.F.,(4,4),(0.,0.00576861492592683),.UNSPECIFIED.);
#30=SPHERICAL_SURFACE('',#1472,0.002);
#31=SPHERICAL_SURFACE('',#1476,0.002);
#32=SPHERICAL_SURFACE('',#1480,0.002);
#33=SPHERICAL_SURFACE('',#1498,0.002);
#34=SPHERICAL_SURFACE('',#1507,0.002);
#35=SPHERICAL_SURFACE('',#1511,0.002);
#36=SPHERICAL_SURFACE('',#1515,0.002);
#37=SPHERICAL_SURFACE('',#1532,0.002);
#38=CYLINDRICAL_SURFACE('',#1446,0.01);
#39=CYLINDRICAL_SURFACE('',#1449,0.015);
#40=CYLINDRICAL_SURFACE('',#1452,0.006);
#41=CYLINDRICAL_SURFACE('',#1455,0.006);
#42=CYLINDRICAL_SURFACE('',#1458,0.002);
#43=CYLINDRICAL_SURFACE('',#1461,0.002);
#44=CYLINDRICAL_SURFACE('',#1464,0.002);
#45=CYLINDRICAL_SURFACE('',#1467,0.002);
#46=CYLINDRICAL_SURFACE('',#1470,0.002);
#47=CYLINDRICAL_SURFACE('',#1474,0.002);
#48=CYLINDRICAL_SURFACE('',#1478,0.002);
#49=CYLINDRICAL_SURFACE('',#1482,0.002);
#50=CYLINDRICAL_SURFACE('',#1484,0.002);
#51=CYLINDRICAL_SURFACE('',#1490,0.002);
#52=CYLINDRICAL_SURFACE('',#1492,0.002);
#53=CYLINDRICAL_SURFACE('',#1496,0.002);
#54=CYLINDRICAL_SURFACE('',#1500,0.002);
#55=CYLINDRICAL_SURFACE('',#1504,0.002);
#56=CYLINDRICAL_SURFACE('',#1505,0.002);
#57=CYLINDRICAL_SURFACE('',#1509,0.002);
#58=CYLINDRICAL_SURFACE('',#1513,0.002);
#59=CYLINDRICAL_SURFACE('',#1517,0.002);
#60=CYLINDRICAL_SURFACE('',#1519,0.002);
#61=CYLINDRICAL_SURFACE('',#1525,0.002);
#62=CYLINDRICAL_SURFACE('',#1527,0.002);
#63=CYLINDRICAL_SURFACE('',#1529,0.002);
#64=CYLINDRICAL_SURFACE('',#1534,0.002);
#65=CYLINDRICAL_SURFACE('',#1539,0.002);
#66=ELLIPSE('',#1438,0.00200132938404385,0.002);
#67=ELLIPSE('',#1439,0.00200132938404385,0.002);
#68=ELLIPSE('',#1501,0.00284792596593445,0.002);
#69=ELLIPSE('',#1531,0.00284792596593445,0.002);
#70=LINE('',#1865,#136);
#71=LINE('',#1869,#137);
#72=LINE('',#1871,#138);
#73=LINE('',#1874,#139);
#74=LINE('',#1876,#140);
#75=LINE('',#1878,#141);
#76=LINE('',#1880,#142);
#77=LINE('',#1882,#143);
#78=LINE('',#1887,#144);
#79=LINE('',#1891,#145);
#80=LINE('',#1893,#146);
#81=LINE('',#1896,#147);
#82=LINE('',#1898,#148);
#83=LINE('',#1900,#149);
#84=LINE('',#1902,#150);
#85=LINE('',#1904,#151);
#86=LINE('',#1906,#152);
#87=LINE('',#1909,#153);
#88=LINE('',#1911,#154);
#89=LINE('',#1913,#155);
#90=LINE('',#1915,#156);
#91=LINE('',#1918,#157);
#92=LINE('',#1920,#158);
#93=LINE('',#1922,#159);
#94=LINE('',#1924,#160);
#95=LINE('',#1927,#161);
#96=LINE('',#1929,#162);
#97=LINE('',#1931,#163);
#98=LINE('',#1933,#164);
#99=LINE('',#1936,#165);
#100=LINE('',#1938,#166);
#101=LINE('',#1940,#167);
#102=LINE('',#1942,#168);
#103=LINE('',#1945,#169);
#104=LINE('',#1947,#170);
#105=LINE('',#1949,#171);
#106=LINE('',#1951,#172);
#107=LINE('',#1954,#173);
#108=LINE('',#1956,#174);
#109=LINE('',#1958,#175);
#110=LINE('',#1960,#176);
#111=LINE('',#1963,#177);
#112=LINE('',#1965,#178);
#113=LINE('',#1967,#179);
#114=LINE('',#1969,#180);
#115=LINE('',#1971,#181);
#116=LINE('',#1973,#182);
#117=LINE('',#1975,#183);
#118=LINE('',#1978,#184);
#119=LINE('',#1980,#185);
#120=LINE('',#1982,#186);
#121=LINE('',#1984,#187);
#122=LINE('',#1987,#188);
#123=LINE('',#1989,#189);
#124=LINE('',#1991,#190);
#125=LINE('',#1993,#191);
#126=LINE('',#2007,#192);
#127=LINE('',#2011,#193);
#128=LINE('',#2016,#194);
#129=LINE('',#2020,#195);
#130=LINE('',#2058,#196);
#131=LINE('',#2077,#197);
#132=LINE('',#2096,#198);
#133=LINE('',#2122,#199);
#134=LINE('',#2141,#200);
#135=LINE('',#2164,#201);
#136=VECTOR('',#1546,1.);
#137=VECTOR('',#1549,1.);
#138=VECTOR('',#1552,1.);
#139=VECTOR('',#1553,1.);
#140=VECTOR('',#1554,1.);
#141=VECTOR('',#1555,1.);
#142=VECTOR('',#1556,1.);
#143=VECTOR('',#1557,1.);
#144=VECTOR('',#1562,1.);
#145=VECTOR('',#1565,1.);
#146=VECTOR('',#1568,1.);
#147=VECTOR('',#1569,1.);
#148=VECTOR('',#1570,1.);
#149=VECTOR('',#1571,1.);
#150=VECTOR('',#1572,1.);
#151=VECTOR('',#1573,1.);
#152=VECTOR('',#1576,1.);
#153=VECTOR('',#1577,1.);
#154=VECTOR('',#1578,1.);
#155=VECTOR('',#1579,1.);
#156=VECTOR('',#1582,1.);
#157=VECTOR('',#1583,1.);
#158=VECTOR('',#1584,1.);
#159=VECTOR('',#1585,1.);
#160=VECTOR('',#1588,1.);
#161=VECTOR('',#1589,1.);
#162=VECTOR('',#1590,1.);
#163=VECTOR('',#1591,1.);
#164=VECTOR('',#1594,1.);
#165=VECTOR('',#1595,1.);
#166=VECTOR('',#1596,1.);
#167=VECTOR('',#1597,1.);
#168=VECTOR('',#1600,1.);
#169=VECTOR('',#1601,1.);
#170=VECTOR('',#1602,1.);
#171=VECTOR('',#1603,1.);
#172=VECTOR('',#1606,1.);
#173=VECTOR('',#1607,1.);
#174=VECTOR('',#1608,1.);
#175=VECTOR('',#1609,1.);
#176=VECTOR('',#1612,1.);
#177=VECTOR('',#1613,1.);
#178=VECTOR('',#1614,1.);
#179=VECTOR('',#1615,1.);
#180=VECTOR('',#1618,1.);
#181=VECTOR('',#1619,1.);
#182=VECTOR('',#1620,1.);
#183=VECTOR('',#1623,1.);
#184=VECTOR('',#1624,1.);
#185=VECTOR('',#1625,1.);
#186=VECTOR('',#1626,1.);
#187=VECTOR('',#1629,1.);
#188=VECTOR('',#1630,1.);
#189=VECTOR('',#1631,1.);
#190=VECTOR('',#1632,1.);
#191=VECTOR('',#1635,1.);
#192=VECTOR('',#1654,1.);
#193=VECTOR('',#1657,1.);
#194=VECTOR('',#1662,1.);
#195=VECTOR('',#1665,1.);
#196=VECTOR('',#1740,1.);
#197=VECTOR('',#1757,1.);
#198=VECTOR('',#1772,1.);
#199=VECTOR('',#1813,1.);
#200=VECTOR('',#1830,1.);
#201=VECTOR('',#1851,1.);
#202=ORIENTED_EDGE('',*,*,#482,.T.);
#203=ORIENTED_EDGE('',*,*,#483,.T.);
#204=ORIENTED_EDGE('',*,*,#484,.T.);
#205=ORIENTED_EDGE('',*,*,#485,.T.);
#206=ORIENTED_EDGE('',*,*,#486,.T.);
#207=ORIENTED_EDGE('',*,*,#487,.T.);
#208=ORIENTED_EDGE('',*,*,#488,.T.);
#209=ORIENTED_EDGE('',*,*,#489,.T.);
#210=ORIENTED_EDGE('',*,*,#490,.T.);
#211=ORIENTED_EDGE('',*,*,#491,.T.);
#212=ORIENTED_EDGE('',*,*,#492,.T.);
#213=ORIENTED_EDGE('',*,*,#493,.T.);
#214=ORIENTED_EDGE('',*,*,#494,.T.);
#215=ORIENTED_EDGE('',*,*,#495,.T.);
#216=ORIENTED_EDGE('',*,*,#496,.T.);
#217=ORIENTED_EDGE('',*,*,#497,.T.);
#218=ORIENTED_EDGE('',*,*,#498,.F.);
#219=ORIENTED_EDGE('',*,*,#499,.F.);
#220=ORIENTED_EDGE('',*,*,#500,.T.);
#221=ORIENTED_EDGE('',*,*,#501,.T.);
#222=ORIENTED_EDGE('',*,*,#502,.T.);
#223=ORIENTED_EDGE('',*,*,#503,.T.);
#224=ORIENTED_EDGE('',*,*,#504,.T.);
#225=ORIENTED_EDGE('',*,*,#505,.T.);
#226=ORIENTED_EDGE('',*,*,#506,.T.);
#227=ORIENTED_EDGE('',*,*,#507,.T.);
#228=ORIENTED_EDGE('',*,*,#508,.T.);
#229=ORIENTED_EDGE('',*,*,#509,.T.);
#230=ORIENTED_EDGE('',*,*,#510,.T.);
#231=ORIENTED_EDGE('',*,*,#511,.T.);
#232=ORIENTED_EDGE('',*,*,#512,.T.);
#233=ORIENTED_EDGE('',*,*,#513,.T.);
#234=ORIENTED_EDGE('',*,*,#514,.T.);
#235=ORIENTED_EDGE('',*,*,#515,.T.);
#236=ORIENTED_EDGE('',*,*,#516,.T.);
#237=ORIENTED_EDGE('',*,*,#517,.T.);
#238=ORIENTED_EDGE('',*,*,#518,.T.);
#239=ORIENTED_EDGE('',*,*,#519,.T.);
#240=ORIENTED_EDGE('',*,*,#520,.T.);
#241=ORIENTED_EDGE('',*,*,#521,.T.);
#242=ORIENTED_EDGE('',*,*,#522,.T.);
#243=ORIENTED_EDGE('',*,*,#523,.T.);
#244=ORIENTED_EDGE('',*,*,#524,.T.);
#245=ORIENTED_EDGE('',*,*,#525,.T.);
#246=ORIENTED_EDGE('',*,*,#526,.T.);
#247=ORIENTED_EDGE('',*,*,#527,.T.);
#248=ORIENTED_EDGE('',*,*,#528,.F.);
#249=ORIENTED_EDGE('',*,*,#529,.T.);
#250=ORIENTED_EDGE('',*,*,#528,.T.);
#251=ORIENTED_EDGE('',*,*,#530,.T.);
#252=ORIENTED_EDGE('',*,*,#531,.T.);
#253=ORIENTED_EDGE('',*,*,#532,.T.);
#254=ORIENTED_EDGE('',*,*,#533,.T.);
#255=ORIENTED_EDGE('',*,*,#534,.T.);
#256=ORIENTED_EDGE('',*,*,#535,.T.);
#257=ORIENTED_EDGE('',*,*,#536,.T.);
#258=ORIENTED_EDGE('',*,*,#537,.T.);
#259=ORIENTED_EDGE('',*,*,#538,.T.);
#260=ORIENTED_EDGE('',*,*,#539,.F.);
#261=ORIENTED_EDGE('',*,*,#540,.T.);
#262=ORIENTED_EDGE('',*,*,#499,.T.);
#263=ORIENTED_EDGE('',*,*,#541,.F.);
#264=ORIENTED_EDGE('',*,*,#491,.F.);
#265=ORIENTED_EDGE('',*,*,#542,.T.);
#266=ORIENTED_EDGE('',*,*,#543,.T.);
#267=ORIENTED_EDGE('',*,*,#539,.T.);
#268=ORIENTED_EDGE('',*,*,#544,.T.);
#269=ORIENTED_EDGE('',*,*,#545,.T.);
#270=ORIENTED_EDGE('',*,*,#498,.T.);
#271=ORIENTED_EDGE('',*,*,#546,.T.);
#272=ORIENTED_EDGE('',*,*,#502,.F.);
#273=ORIENTED_EDGE('',*,*,#547,.T.);
#274=ORIENTED_EDGE('',*,*,#486,.F.);
#275=ORIENTED_EDGE('',*,*,#541,.T.);
#276=ORIENTED_EDGE('',*,*,#548,.T.);
#277=ORIENTED_EDGE('',*,*,#549,.T.);
#278=ORIENTED_EDGE('',*,*,#550,.T.);
#279=ORIENTED_EDGE('',*,*,#551,.T.);
#280=ORIENTED_EDGE('',*,*,#552,.T.);
#281=ORIENTED_EDGE('',*,*,#553,.T.);
#282=ORIENTED_EDGE('',*,*,#554,.T.);
#283=ORIENTED_EDGE('',*,*,#555,.T.);
#284=ORIENTED_EDGE('',*,*,#516,.F.);
#285=ORIENTED_EDGE('',*,*,#556,.T.);
#286=ORIENTED_EDGE('',*,*,#518,.F.);
#287=ORIENTED_EDGE('',*,*,#557,.T.);
#288=ORIENTED_EDGE('',*,*,#520,.F.);
#289=ORIENTED_EDGE('',*,*,#558,.T.);
#290=ORIENTED_EDGE('',*,*,#522,.F.);
#291=ORIENTED_EDGE('',*,*,#559,.T.);
#292=ORIENTED_EDGE('',*,*,#531,.F.);
#293=ORIENTED_EDGE('',*,*,#560,.T.);
#294=ORIENTED_EDGE('',*,*,#533,.F.);
#295=ORIENTED_EDGE('',*,*,#561,.T.);
#296=ORIENTED_EDGE('',*,*,#535,.F.);
#297=ORIENTED_EDGE('',*,*,#562,.T.);
#298=ORIENTED_EDGE('',*,*,#537,.F.);
#299=ORIENTED_EDGE('',*,*,#563,.T.);
#300=ORIENTED_EDGE('',*,*,#512,.F.);
#301=ORIENTED_EDGE('',*,*,#564,.T.);
#302=ORIENTED_EDGE('',*,*,#514,.F.);
#303=ORIENTED_EDGE('',*,*,#565,.T.);
#304=ORIENTED_EDGE('',*,*,#508,.F.);
#305=ORIENTED_EDGE('',*,*,#566,.T.);
#306=ORIENTED_EDGE('',*,*,#510,.F.);
#307=ORIENTED_EDGE('',*,*,#567,.T.);
#308=ORIENTED_EDGE('',*,*,#504,.F.);
#309=ORIENTED_EDGE('',*,*,#568,.T.);
#310=ORIENTED_EDGE('',*,*,#506,.F.);
#311=ORIENTED_EDGE('',*,*,#569,.T.);
#312=ORIENTED_EDGE('',*,*,#524,.F.);
#313=ORIENTED_EDGE('',*,*,#570,.T.);
#314=ORIENTED_EDGE('',*,*,#526,.F.);
#315=ORIENTED_EDGE('',*,*,#571,.T.);
#316=ORIENTED_EDGE('',*,*,#572,.F.);
#317=ORIENTED_EDGE('',*,*,#503,.F.);
#318=ORIENTED_EDGE('',*,*,#546,.F.);
#319=ORIENTED_EDGE('',*,*,#497,.F.);
#320=ORIENTED_EDGE('',*,*,#568,.F.);
#321=ORIENTED_EDGE('',*,*,#572,.T.);
#322=ORIENTED_EDGE('',*,*,#573,.F.);
#323=ORIENTED_EDGE('',*,*,#574,.F.);
#324=ORIENTED_EDGE('',*,*,#507,.F.);
#325=ORIENTED_EDGE('',*,*,#573,.T.);
#326=ORIENTED_EDGE('',*,*,#496,.F.);
#327=ORIENTED_EDGE('',*,*,#566,.F.);
#328=ORIENTED_EDGE('',*,*,#574,.T.);
#329=ORIENTED_EDGE('',*,*,#575,.F.);
#330=ORIENTED_EDGE('',*,*,#576,.F.);
#331=ORIENTED_EDGE('',*,*,#511,.F.);
#332=ORIENTED_EDGE('',*,*,#575,.T.);
#333=ORIENTED_EDGE('',*,*,#501,.F.);
#334=ORIENTED_EDGE('',*,*,#564,.F.);
#335=ORIENTED_EDGE('',*,*,#576,.T.);
#336=ORIENTED_EDGE('',*,*,#577,.F.);
#337=ORIENTED_EDGE('',*,*,#578,.F.);
#338=ORIENTED_EDGE('',*,*,#544,.F.);
#339=ORIENTED_EDGE('',*,*,#538,.F.);
#340=ORIENTED_EDGE('',*,*,#579,.F.);
#341=ORIENTED_EDGE('',*,*,#553,.F.);
#342=ORIENTED_EDGE('',*,*,#580,.F.);
#343=ORIENTED_EDGE('',*,*,#545,.F.);
#344=ORIENTED_EDGE('',*,*,#578,.T.);
#345=ORIENTED_EDGE('',*,*,#581,.F.);
#346=ORIENTED_EDGE('',*,*,#515,.F.);
#347=ORIENTED_EDGE('',*,*,#577,.T.);
#348=ORIENTED_EDGE('',*,*,#500,.F.);
#349=ORIENTED_EDGE('',*,*,#579,.T.);
#350=ORIENTED_EDGE('',*,*,#562,.F.);
#351=ORIENTED_EDGE('',*,*,#582,.F.);
#352=ORIENTED_EDGE('',*,*,#554,.F.);
#353=ORIENTED_EDGE('',*,*,#583,.F.);
#354=ORIENTED_EDGE('',*,*,#556,.F.);
#355=ORIENTED_EDGE('',*,*,#581,.T.);
#356=ORIENTED_EDGE('',*,*,#580,.T.);
#357=ORIENTED_EDGE('',*,*,#552,.F.);
#358=ORIENTED_EDGE('',*,*,#584,.F.);
#359=ORIENTED_EDGE('',*,*,#519,.F.);
#360=ORIENTED_EDGE('',*,*,#583,.T.);
#361=ORIENTED_EDGE('',*,*,#585,.F.);
#362=ORIENTED_EDGE('',*,*,#586,.F.);
#363=ORIENTED_EDGE('',*,*,#587,.F.);
#364=ORIENTED_EDGE('',*,*,#495,.F.);
#365=ORIENTED_EDGE('',*,*,#588,.F.);
#366=ORIENTED_EDGE('',*,*,#585,.T.);
#367=ORIENTED_EDGE('',*,*,#584,.T.);
#368=ORIENTED_EDGE('',*,*,#555,.F.);
#369=ORIENTED_EDGE('',*,*,#582,.T.);
#370=ORIENTED_EDGE('',*,*,#534,.F.);
#371=ORIENTED_EDGE('',*,*,#589,.F.);
#372=ORIENTED_EDGE('',*,*,#558,.F.);
#373=ORIENTED_EDGE('',*,*,#586,.T.);
#374=ORIENTED_EDGE('',*,*,#588,.T.);
#375=ORIENTED_EDGE('',*,*,#494,.F.);
#376=ORIENTED_EDGE('',*,*,#590,.F.);
#377=ORIENTED_EDGE('',*,*,#591,.F.);
#378=ORIENTED_EDGE('',*,*,#523,.F.);
#379=ORIENTED_EDGE('',*,*,#589,.T.);
#380=ORIENTED_EDGE('',*,*,#592,.F.);
#381=ORIENTED_EDGE('',*,*,#593,.F.);
#382=ORIENTED_EDGE('',*,*,#570,.F.);
#383=ORIENTED_EDGE('',*,*,#591,.T.);
#384=ORIENTED_EDGE('',*,*,#594,.F.);
#385=ORIENTED_EDGE('',*,*,#527,.F.);
#386=ORIENTED_EDGE('',*,*,#593,.T.);
#387=ORIENTED_EDGE('',*,*,#595,.F.);
#388=ORIENTED_EDGE('',*,*,#587,.T.);
#389=ORIENTED_EDGE('',*,*,#560,.F.);
#390=ORIENTED_EDGE('',*,*,#596,.F.);
#391=ORIENTED_EDGE('',*,*,#492,.F.);
#392=ORIENTED_EDGE('',*,*,#590,.T.);
#393=ORIENTED_EDGE('',*,*,#493,.F.);
#394=ORIENTED_EDGE('',*,*,#596,.T.);
#395=ORIENTED_EDGE('',*,*,#530,.F.);
#396=ORIENTED_EDGE('',*,*,#595,.T.);
#397=ORIENTED_EDGE('',*,*,#594,.T.);
#398=ORIENTED_EDGE('',*,*,#592,.T.);
#399=ORIENTED_EDGE('',*,*,#547,.F.);
#400=ORIENTED_EDGE('',*,*,#505,.F.);
#401=ORIENTED_EDGE('',*,*,#597,.F.);
#402=ORIENTED_EDGE('',*,*,#487,.F.);
#403=ORIENTED_EDGE('',*,*,#597,.T.);
#404=ORIENTED_EDGE('',*,*,#569,.F.);
#405=ORIENTED_EDGE('',*,*,#598,.F.);
#406=ORIENTED_EDGE('',*,*,#598,.T.);
#407=ORIENTED_EDGE('',*,*,#509,.F.);
#408=ORIENTED_EDGE('',*,*,#599,.F.);
#409=ORIENTED_EDGE('',*,*,#488,.F.);
#410=ORIENTED_EDGE('',*,*,#599,.T.);
#411=ORIENTED_EDGE('',*,*,#567,.F.);
#412=ORIENTED_EDGE('',*,*,#600,.F.);
#413=ORIENTED_EDGE('',*,*,#600,.T.);
#414=ORIENTED_EDGE('',*,*,#513,.F.);
#415=ORIENTED_EDGE('',*,*,#601,.F.);
#416=ORIENTED_EDGE('',*,*,#489,.F.);
#417=ORIENTED_EDGE('',*,*,#601,.T.);
#418=ORIENTED_EDGE('',*,*,#565,.F.);
#419=ORIENTED_EDGE('',*,*,#602,.F.);
#420=ORIENTED_EDGE('',*,*,#603,.F.);
#421=ORIENTED_EDGE('',*,*,#542,.F.);
#422=ORIENTED_EDGE('',*,*,#490,.F.);
#423=ORIENTED_EDGE('',*,*,#602,.T.);
#424=ORIENTED_EDGE('',*,*,#517,.F.);
#425=ORIENTED_EDGE('',*,*,#604,.F.);
#426=ORIENTED_EDGE('',*,*,#543,.F.);
#427=ORIENTED_EDGE('',*,*,#603,.T.);
#428=ORIENTED_EDGE('',*,*,#605,.F.);
#429=ORIENTED_EDGE('',*,*,#549,.F.);
#430=ORIENTED_EDGE('',*,*,#606,.F.);
#431=ORIENTED_EDGE('',*,*,#540,.F.);
#432=ORIENTED_EDGE('',*,*,#604,.T.);
#433=ORIENTED_EDGE('',*,*,#557,.F.);
#434=ORIENTED_EDGE('',*,*,#607,.F.);
#435=ORIENTED_EDGE('',*,*,#608,.F.);
#436=ORIENTED_EDGE('',*,*,#550,.F.);
#437=ORIENTED_EDGE('',*,*,#605,.T.);
#438=ORIENTED_EDGE('',*,*,#606,.T.);
#439=ORIENTED_EDGE('',*,*,#548,.F.);
#440=ORIENTED_EDGE('',*,*,#609,.F.);
#441=ORIENTED_EDGE('',*,*,#563,.F.);
#442=ORIENTED_EDGE('',*,*,#610,.F.);
#443=ORIENTED_EDGE('',*,*,#607,.T.);
#444=ORIENTED_EDGE('',*,*,#521,.F.);
#445=ORIENTED_EDGE('',*,*,#611,.F.);
#446=ORIENTED_EDGE('',*,*,#608,.T.);
#447=ORIENTED_EDGE('',*,*,#610,.T.);
#448=ORIENTED_EDGE('',*,*,#612,.F.);
#449=ORIENTED_EDGE('',*,*,#485,.F.);
#450=ORIENTED_EDGE('',*,*,#613,.F.);
#451=ORIENTED_EDGE('',*,*,#536,.F.);
#452=ORIENTED_EDGE('',*,*,#609,.T.);
#453=ORIENTED_EDGE('',*,*,#551,.F.);
#454=ORIENTED_EDGE('',*,*,#614,.F.);
#455=ORIENTED_EDGE('',*,*,#529,.F.);
#456=ORIENTED_EDGE('',*,*,#615,.F.);
#457=ORIENTED_EDGE('',*,*,#616,.F.);
#458=ORIENTED_EDGE('',*,*,#571,.F.);
#459=ORIENTED_EDGE('',*,*,#614,.T.);
#460=ORIENTED_EDGE('',*,*,#617,.F.);
#461=ORIENTED_EDGE('',*,*,#618,.F.);
#462=ORIENTED_EDGE('',*,*,#525,.F.);
#463=ORIENTED_EDGE('',*,*,#616,.T.);
#464=ORIENTED_EDGE('',*,*,#619,.F.);
#465=ORIENTED_EDGE('',*,*,#559,.F.);
#466=ORIENTED_EDGE('',*,*,#618,.T.);
#467=ORIENTED_EDGE('',*,*,#620,.F.);
#468=ORIENTED_EDGE('',*,*,#482,.F.);
#469=ORIENTED_EDGE('',*,*,#612,.T.);
#470=ORIENTED_EDGE('',*,*,#611,.T.);
#471=ORIENTED_EDGE('',*,*,#613,.T.);
#472=ORIENTED_EDGE('',*,*,#484,.F.);
#473=ORIENTED_EDGE('',*,*,#621,.F.);
#474=ORIENTED_EDGE('',*,*,#561,.F.);
#475=ORIENTED_EDGE('',*,*,#615,.T.);
#476=ORIENTED_EDGE('',*,*,#532,.F.);
#477=ORIENTED_EDGE('',*,*,#621,.T.);
#478=ORIENTED_EDGE('',*,*,#483,.F.);
#479=ORIENTED_EDGE('',*,*,#620,.T.);
#480=ORIENTED_EDGE('',*,*,#619,.T.);
#481=ORIENTED_EDGE('',*,*,#617,.T.);
#482=EDGE_CURVE('',#622,#623,#702,.F.);
#483=EDGE_CURVE('',#623,#624,#70,.T.);
#484=EDGE_CURVE('',#624,#625,#703,.T.);
#485=EDGE_CURVE('',#625,#622,#71,.T.);
#486=EDGE_CURVE('',#626,#627,#72,.T.);
#487=EDGE_CURVE('',#627,#628,#73,.F.);
#488=EDGE_CURVE('',#628,#629,#74,.F.);
#489=EDGE_CURVE('',#629,#630,#75,.F.);
#490=EDGE_CURVE('',#630,#631,#76,.F.);
#491=EDGE_CURVE('',#631,#626,#77,.T.);
#492=EDGE_CURVE('',#632,#633,#704,.F.);
#493=EDGE_CURVE('',#633,#634,#78,.F.);
#494=EDGE_CURVE('',#634,#635,#705,.T.);
#495=EDGE_CURVE('',#635,#632,#79,.F.);
#496=EDGE_CURVE('',#636,#637,#80,.T.);
#497=EDGE_CURVE('',#637,#638,#81,.T.);
#498=EDGE_CURVE('',#639,#638,#82,.T.);
#499=EDGE_CURVE('',#640,#639,#83,.T.);
#500=EDGE_CURVE('',#640,#641,#84,.T.);
#501=EDGE_CURVE('',#641,#636,#85,.T.);
#502=EDGE_CURVE('',#642,#643,#86,.T.);
#503=EDGE_CURVE('',#643,#644,#87,.F.);
#504=EDGE_CURVE('',#644,#645,#88,.F.);
#505=EDGE_CURVE('',#645,#642,#89,.T.);
#506=EDGE_CURVE('',#646,#647,#90,.T.);
#507=EDGE_CURVE('',#647,#648,#91,.F.);
#508=EDGE_CURVE('',#648,#649,#92,.F.);
#509=EDGE_CURVE('',#649,#646,#93,.T.);
#510=EDGE_CURVE('',#650,#651,#94,.T.);
#511=EDGE_CURVE('',#651,#652,#95,.F.);
#512=EDGE_CURVE('',#652,#653,#96,.F.);
#513=EDGE_CURVE('',#653,#650,#97,.T.);
#514=EDGE_CURVE('',#654,#655,#98,.T.);
#515=EDGE_CURVE('',#655,#656,#99,.F.);
#516=EDGE_CURVE('',#656,#657,#100,.F.);
#517=EDGE_CURVE('',#657,#654,#101,.T.);
#518=EDGE_CURVE('',#658,#659,#102,.T.);
#519=EDGE_CURVE('',#659,#660,#103,.F.);
#520=EDGE_CURVE('',#660,#661,#104,.F.);
#521=EDGE_CURVE('',#661,#658,#105,.T.);
#522=EDGE_CURVE('',#662,#663,#106,.T.);
#523=EDGE_CURVE('',#663,#664,#107,.F.);
#524=EDGE_CURVE('',#664,#665,#108,.F.);
#525=EDGE_CURVE('',#665,#662,#109,.F.);
#526=EDGE_CURVE('',#666,#667,#110,.T.);
#527=EDGE_CURVE('',#667,#668,#111,.F.);
#528=EDGE_CURVE('',#669,#668,#112,.T.);
#529=EDGE_CURVE('',#669,#666,#113,.F.);
#530=EDGE_CURVE('',#668,#670,#114,.T.);
#531=EDGE_CURVE('',#670,#671,#115,.F.);
#532=EDGE_CURVE('',#671,#669,#116,.F.);
#533=EDGE_CURVE('',#672,#673,#117,.T.);
#534=EDGE_CURVE('',#673,#674,#118,.T.);
#535=EDGE_CURVE('',#674,#675,#119,.F.);
#536=EDGE_CURVE('',#675,#672,#120,.F.);
#537=EDGE_CURVE('',#676,#677,#121,.T.);
#538=EDGE_CURVE('',#677,#678,#122,.T.);
#539=EDGE_CURVE('',#679,#678,#123,.T.);
#540=EDGE_CURVE('',#679,#676,#124,.F.);
#541=EDGE_CURVE('',#626,#639,#125,.T.);
#542=EDGE_CURVE('',#631,#680,#706,.F.);
#543=EDGE_CURVE('',#680,#679,#707,.T.);
#544=EDGE_CURVE('',#678,#681,#708,.T.);
#545=EDGE_CURVE('',#681,#640,#709,.F.);
#546=EDGE_CURVE('',#638,#643,#66,.F.);
#547=EDGE_CURVE('',#642,#627,#67,.F.);
#548=EDGE_CURVE('',#682,#683,#710,.T.);
#549=EDGE_CURVE('',#683,#684,#126,.T.);
#550=EDGE_CURVE('',#684,#685,#711,.F.);
#551=EDGE_CURVE('',#685,#682,#127,.T.);
#552=EDGE_CURVE('',#686,#687,#712,.T.);
#553=EDGE_CURVE('',#687,#688,#128,.F.);
#554=EDGE_CURVE('',#688,#689,#713,.F.);
#555=EDGE_CURVE('',#689,#686,#129,.F.);
#556=EDGE_CURVE('',#656,#659,#714,.F.);
#557=EDGE_CURVE('',#658,#657,#715,.T.);
#558=EDGE_CURVE('',#660,#663,#716,.F.);
#559=EDGE_CURVE('',#662,#661,#717,.T.);
#560=EDGE_CURVE('',#670,#673,#718,.T.);
#561=EDGE_CURVE('',#672,#671,#719,.F.);
#562=EDGE_CURVE('',#674,#677,#720,.T.);
#563=EDGE_CURVE('',#676,#675,#721,.F.);
#564=EDGE_CURVE('',#652,#655,#722,.F.);
#565=EDGE_CURVE('',#654,#653,#723,.T.);
#566=EDGE_CURVE('',#648,#651,#724,.F.);
#567=EDGE_CURVE('',#650,#649,#725,.T.);
#568=EDGE_CURVE('',#644,#647,#726,.F.);
#569=EDGE_CURVE('',#646,#645,#727,.T.);
#570=EDGE_CURVE('',#664,#667,#728,.T.);
#571=EDGE_CURVE('',#666,#665,#729,.F.);
#572=EDGE_CURVE('',#644,#637,#730,.T.);
#573=EDGE_CURVE('',#647,#637,#731,.T.);
#574=EDGE_CURVE('',#648,#636,#732,.T.);
#575=EDGE_CURVE('',#651,#636,#733,.T.);
#576=EDGE_CURVE('',#652,#641,#734,.T.);
#577=EDGE_CURVE('',#655,#641,#735,.T.);
#578=EDGE_CURVE('',#681,#690,#130,.F.);
#579=EDGE_CURVE('',#688,#677,#736,.T.);
#580=EDGE_CURVE('',#690,#687,#20,.T.);
#581=EDGE_CURVE('',#656,#690,#737,.T.);
#582=EDGE_CURVE('',#689,#674,#738,.T.);
#583=EDGE_CURVE('',#659,#691,#739,.T.);
#584=EDGE_CURVE('',#691,#686,#21,.T.);
#585=EDGE_CURVE('',#692,#691,#131,.F.);
#586=EDGE_CURVE('',#660,#692,#740,.T.);
#587=EDGE_CURVE('',#632,#673,#741,.T.);
#588=EDGE_CURVE('',#692,#635,#22,.F.);
#589=EDGE_CURVE('',#663,#693,#742,.T.);
#590=EDGE_CURVE('',#693,#634,#23,.T.);
#591=EDGE_CURVE('',#664,#694,#743,.T.);
#592=EDGE_CURVE('',#694,#693,#132,.F.);
#593=EDGE_CURVE('',#667,#695,#744,.T.);
#594=EDGE_CURVE('',#695,#694,#24,.T.);
#595=EDGE_CURVE('',#668,#695,#68,.F.);
#596=EDGE_CURVE('',#633,#670,#745,.T.);
#597=EDGE_CURVE('',#628,#645,#746,.T.);
#598=EDGE_CURVE('',#628,#646,#747,.T.);
#599=EDGE_CURVE('',#629,#649,#748,.T.);
#600=EDGE_CURVE('',#629,#650,#749,.T.);
#601=EDGE_CURVE('',#630,#653,#750,.T.);
#602=EDGE_CURVE('',#630,#654,#751,.T.);
#603=EDGE_CURVE('',#680,#696,#133,.T.);
#604=EDGE_CURVE('',#696,#657,#752,.F.);
#605=EDGE_CURVE('',#684,#696,#25,.F.);
#606=EDGE_CURVE('',#676,#683,#753,.T.);
#607=EDGE_CURVE('',#697,#658,#754,.T.);
#608=EDGE_CURVE('',#685,#697,#26,.T.);
#609=EDGE_CURVE('',#675,#682,#755,.T.);
#610=EDGE_CURVE('',#697,#698,#134,.F.);
#611=EDGE_CURVE('',#698,#661,#756,.T.);
#612=EDGE_CURVE('',#622,#698,#27,.F.);
#613=EDGE_CURVE('',#672,#625,#757,.T.);
#614=EDGE_CURVE('',#666,#699,#758,.T.);
#615=EDGE_CURVE('',#699,#669,#69,.F.);
#616=EDGE_CURVE('',#665,#700,#759,.T.);
#617=EDGE_CURVE('',#700,#699,#28,.F.);
#618=EDGE_CURVE('',#662,#701,#760,.T.);
#619=EDGE_CURVE('',#701,#700,#135,.F.);
#620=EDGE_CURVE('',#623,#701,#29,.F.);
#621=EDGE_CURVE('',#671,#624,#761,.T.);
#622=VERTEX_POINT('',#1863);
#623=VERTEX_POINT('',#1864);
#624=VERTEX_POINT('',#1866);
#625=VERTEX_POINT('',#1868);
#626=VERTEX_POINT('',#1872);
#627=VERTEX_POINT('',#1873);
#628=VERTEX_POINT('',#1875);
#629=VERTEX_POINT('',#1877);
#630=VERTEX_POINT('',#1879);
#631=VERTEX_POINT('',#1881);
#632=VERTEX_POINT('',#1885);
#633=VERTEX_POINT('',#1886);
#634=VERTEX_POINT('',#1888);
#635=VERTEX_POINT('',#1890);
#636=VERTEX_POINT('',#1894);
#637=VERTEX_POINT('',#1895);
#638=VERTEX_POINT('',#1897);
#639=VERTEX_POINT('',#1899);
#640=VERTEX_POINT('',#1901);
#641=VERTEX_POINT('',#1903);
#642=VERTEX_POINT('',#1907);
#643=VERTEX_POINT('',#1908);
#644=VERTEX_POINT('',#1910);
#645=VERTEX_POINT('',#1912);
#646=VERTEX_POINT('',#1916);
#647=VERTEX_POINT('',#1917);
#648=VERTEX_POINT('',#1919);
#649=VERTEX_POINT('',#1921);
#650=VERTEX_POINT('',#1925);
#651=VERTEX_POINT('',#1926);
#652=VERTEX_POINT('',#1928);
#653=VERTEX_POINT('',#1930);
#654=VERTEX_POINT('',#1934);
#655=VERTEX_POINT('',#1935);
#656=VERTEX_POINT('',#1937);
#657=VERTEX_POINT('',#1939);
#658=VERTEX_POINT('',#1943);
#659=VERTEX_POINT('',#1944);
#660=VERTEX_POINT('',#1946);
#661=VERTEX_POINT('',#1948);
#662=VERTEX_POINT('',#1952);
#663=VERTEX_POINT('',#1953);
#664=VERTEX_POINT('',#1955);
#665=VERTEX_POINT('',#1957);
#666=VERTEX_POINT('',#1961);
#667=VERTEX_POINT('',#1962);
#668=VERTEX_POINT('',#1964);
#669=VERTEX_POINT('',#1966);
#670=VERTEX_POINT('',#1970);
#671=VERTEX_POINT('',#1972);
#672=VERTEX_POINT('',#1976);
#673=VERTEX_POINT('',#1977);
#674=VERTEX_POINT('',#1979);
#675=VERTEX_POINT('',#1981);
#676=VERTEX_POINT('',#1985);
#677=VERTEX_POINT('',#1986);
#678=VERTEX_POINT('',#1988);
#679=VERTEX_POINT('',#1990);
#680=VERTEX_POINT('',#1995);
#681=VERTEX_POINT('',#1998);
#682=VERTEX_POINT('',#2005);
#683=VERTEX_POINT('',#2006);
#684=VERTEX_POINT('',#2008);
#685=VERTEX_POINT('',#2010);
#686=VERTEX_POINT('',#2014);
#687=VERTEX_POINT('',#2015);
#688=VERTEX_POINT('',#2017);
#689=VERTEX_POINT('',#2019);
#690=VERTEX_POINT('',#2059);
#691=VERTEX_POINT('',#2071);
#692=VERTEX_POINT('',#2078);
#693=VERTEX_POINT('',#2088);
#694=VERTEX_POINT('',#2095);
#695=VERTEX_POINT('',#2099);
#696=VERTEX_POINT('',#2123);
#697=VERTEX_POINT('',#2133);
#698=VERTEX_POINT('',#2142);
#699=VERTEX_POINT('',#2152);
#700=VERTEX_POINT('',#2156);
#701=VERTEX_POINT('',#2163);
#702=CIRCLE('',#1415,0.017);
#703=CIRCLE('',#1416,0.004);
#704=CIRCLE('',#1419,0.004);
#705=CIRCLE('',#1420,0.017);
#706=CIRCLE('',#1433,0.002);
#707=CIRCLE('',#1434,0.002);
#708=CIRCLE('',#1435,0.002);
#709=CIRCLE('',#1436,0.002);
#710=CIRCLE('',#1441,0.004);
#711=CIRCLE('',#1442,0.012);
#712=CIRCLE('',#1444,0.012);
#713=CIRCLE('',#1445,0.004);
#714=CIRCLE('',#1447,0.01);
#715=CIRCLE('',#1448,0.01);
#716=CIRCLE('',#1450,0.015);
#717=CIRCLE('',#1451,0.015);
#718=CIRCLE('',#1453,0.006);
#719=CIRCLE('',#1454,0.006);
#720=CIRCLE('',#1456,0.006);
#721=CIRCLE('',#1457,0.006);
#722=CIRCLE('',#1459,0.002);
#723=CIRCLE('',#1460,0.002);
#724=CIRCLE('',#1462,0.002);
#725=CIRCLE('',#1463,0.002);
#726=CIRCLE('',#1465,0.002);
#727=CIRCLE('',#1466,0.002);
#728=CIRCLE('',#1468,0.002);
#729=CIRCLE('',#1469,0.002);
#730=CIRCLE('',#1471,0.002);
#731=CIRCLE('',#1473,0.002);
#732=CIRCLE('',#1475,0.002);
#733=CIRCLE('',#1477,0.002);
#734=CIRCLE('',#1479,0.002);
#735=CIRCLE('',#1481,0.002);
#736=CIRCLE('',#1483,0.002);
#737=CIRCLE('',#1485,0.002);
#738=CIRCLE('',#1487,0.002);
#739=CIRCLE('',#1489,0.002);
#740=CIRCLE('',#1491,0.002);
#741=CIRCLE('',#1493,0.002);
#742=CIRCLE('',#1495,0.002);
#743=CIRCLE('',#1497,0.002);
#744=CIRCLE('',#1499,0.002);
#745=CIRCLE('',#1503,0.002);
#746=CIRCLE('',#1506,0.002);
#747=CIRCLE('',#1508,0.002);
#748=CIRCLE('',#1510,0.002);
#749=CIRCLE('',#1512,0.002);
#750=CIRCLE('',#1514,0.002);
#751=CIRCLE('',#1516,0.002);
#752=CIRCLE('',#1518,0.002);
#753=CIRCLE('',#1520,0.002);
#754=CIRCLE('',#1522,0.002);
#755=CIRCLE('',#1524,0.002);
#756=CIRCLE('',#1526,0.002);
#757=CIRCLE('',#1528,0.002);
#758=CIRCLE('',#1530,0.002);
#759=CIRCLE('',#1533,0.002);
#760=CIRCLE('',#1535,0.002);
#761=CIRCLE('',#1538,0.002);
#762=EDGE_LOOP('',(#202,#203,#204,#205));
#763=EDGE_LOOP('',(#206,#207,#208,#209,#210,#211));
#764=EDGE_LOOP('',(#212,#213,#214,#215));
#765=EDGE_LOOP('',(#216,#217,#218,#219,#220,#221));
#766=EDGE_LOOP('',(#222,#223,#224,#225));
#767=EDGE_LOOP('',(#226,#227,#228,#229));
#768=EDGE_LOOP('',(#230,#231,#232,#233));
#769=EDGE_LOOP('',(#234,#235,#236,#237));
#770=EDGE_LOOP('',(#238,#239,#240,#241));
#771=EDGE_LOOP('',(#242,#243,#244,#245));
#772=EDGE_LOOP('',(#246,#247,#248,#249));
#773=EDGE_LOOP('',(#250,#251,#252,#253));
#774=EDGE_LOOP('',(#254,#255,#256,#257));
#775=EDGE_LOOP('',(#258,#259,#260,#261));
#776=EDGE_LOOP('',(#262,#263,#264,#265,#266,#267,#268,#269));
#777=EDGE_LOOP('',(#270,#271,#272,#273,#274,#275));
#778=EDGE_LOOP('',(#276,#277,#278,#279));
#779=EDGE_LOOP('',(#280,#281,#282,#283));
#780=EDGE_LOOP('',(#284,#285,#286,#287));
#781=EDGE_LOOP('',(#288,#289,#290,#291));
#782=EDGE_LOOP('',(#292,#293,#294,#295));
#783=EDGE_LOOP('',(#296,#297,#298,#299));
#784=EDGE_LOOP('',(#300,#301,#302,#303));
#785=EDGE_LOOP('',(#304,#305,#306,#307));
#786=EDGE_LOOP('',(#308,#309,#310,#311));
#787=EDGE_LOOP('',(#312,#313,#314,#315));
#788=EDGE_LOOP('',(#316,#317,#318,#319));
#789=EDGE_LOOP('',(#320,#321,#322));
#790=EDGE_LOOP('',(#323,#324,#325,#326));
#791=EDGE_LOOP('',(#327,#328,#329));
#792=EDGE_LOOP('',(#330,#331,#332,#333));
#793=EDGE_LOOP('',(#334,#335,#336));
#794=EDGE_LOOP('',(#337,#338,#339,#340,#341,#342));
#795=EDGE_LOOP('',(#343,#344,#345,#346,#347,#348));
#796=EDGE_LOOP('',(#349,#350,#351,#352));
#797=EDGE_LOOP('',(#353,#354,#355,#356,#357,#358));
#798=EDGE_LOOP('',(#359,#360,#361,#362));
#799=EDGE_LOOP('',(#363,#364,#365,#366,#367,#368,#369,#370));
#800=EDGE_LOOP('',(#371,#372,#373,#374,#375,#376));
#801=EDGE_LOOP('',(#377,#378,#379,#380));
#802=EDGE_LOOP('',(#381,#382,#383,#384));
#803=EDGE_LOOP('',(#385,#386,#387));
#804=EDGE_LOOP('',(#388,#389,#390,#391));
#805=EDGE_LOOP('',(#392,#393,#394,#395,#396,#397,#398));
#806=EDGE_LOOP('',(#399,#400,#401,#402));
#807=EDGE_LOOP('',(#403,#404,#405));
#808=EDGE_LOOP('',(#406,#407,#408,#409));
#809=EDGE_LOOP('',(#410,#411,#412));
#810=EDGE_LOOP('',(#413,#414,#415,#416));
#811=EDGE_LOOP('',(#417,#418,#419));
#812=EDGE_LOOP('',(#420,#421,#422,#423,#424,#425));
#813=EDGE_LOOP('',(#426,#427,#428,#429,#430,#431));
#814=EDGE_LOOP('',(#432,#433,#434,#435,#436,#437));
#815=EDGE_LOOP('',(#438,#439,#440,#441));
#816=EDGE_LOOP('',(#442,#443,#444,#445));
#817=EDGE_LOOP('',(#446,#447,#448,#449,#450,#451,#452,#453));
#818=EDGE_LOOP('',(#454,#455,#456));
#819=EDGE_LOOP('',(#457,#458,#459,#460));
#820=EDGE_LOOP('',(#461,#462,#463,#464));
#821=EDGE_LOOP('',(#465,#466,#467,#468,#469,#470));
#822=EDGE_LOOP('',(#471,#472,#473,#474));
#823=EDGE_LOOP('',(#475,#476,#477,#478,#479,#480,#481));
#824=FACE_BOUND('',#762,.T.);
#825=FACE_BOUND('',#763,.T.);
#826=FACE_BOUND('',#764,.T.);
#827=FACE_BOUND('',#765,.T.);
#828=FACE_BOUND('',#766,.T.);
#829=FACE_BOUND('',#767,.T.);
#830=FACE_BOUND('',#768,.T.);
#831=FACE_BOUND('',#769,.T.);
#832=FACE_BOUND('',#770,.T.);
#833=FACE_BOUND('',#771,.T.);
#834=FACE_BOUND('',#772,.T.);
#835=FACE_BOUND('',#773,.T.);
#836=FACE_BOUND('',#774,.T.);
#837=FACE_BOUND('',#775,.T.);
#838=FACE_BOUND('',#776,.T.);
#839=FACE_BOUND('',#777,.T.);
#840=FACE_BOUND('',#778,.T.);
#841=FACE_BOUND('',#779,.T.);
#842=FACE_BOUND('',#780,.T.);
#843=FACE_BOUND('',#781,.T.);
#844=FACE_BOUND('',#782,.T.);
#845=FACE_BOUND('',#783,.T.);
#846=FACE_BOUND('',#784,.T.);
#847=FACE_BOUND('',#785,.T.);
#848=FACE_BOUND('',#786,.T.);
#849=FACE_BOUND('',#787,.T.);
#850=FACE_BOUND('',#788,.T.);
#851=FACE_BOUND('',#789,.T.);
#852=FACE_BOUND('',#790,.T.);
#853=FACE_BOUND('',#791,.T.);
#854=FACE_BOUND('',#792,.T.);
#855=FACE_BOUND('',#793,.T.);
#856=FACE_BOUND('',#794,.T.);
#857=FACE_BOUND('',#795,.T.);
#858=FACE_BOUND('',#796,.T.);
#859=FACE_BOUND('',#797,.T.);
#860=FACE_BOUND('',#798,.T.);
#861=FACE_BOUND('',#799,.T.);
#862=FACE_BOUND('',#800,.T.);
#863=FACE_BOUND('',#801,.T.);
#864=FACE_BOUND('',#802,.T.);
#865=FACE_BOUND('',#803,.T.);
#866=FACE_BOUND('',#804,.T.);
#867=FACE_BOUND('',#805,.T.);
#868=FACE_BOUND('',#806,.T.);
#869=FACE_BOUND('',#807,.T.);
#870=FACE_BOUND('',#808,.T.);
#871=FACE_BOUND('',#809,.T.);
#872=FACE_BOUND('',#810,.T.);
#873=FACE_BOUND('',#811,.T.);
#874=FACE_BOUND('',#812,.T.);
#875=FACE_BOUND('',#813,.T.);
#876=FACE_BOUND('',#814,.T.);
#877=FACE_BOUND('',#815,.T.);
#878=FACE_BOUND('',#816,.T.);
#879=FACE_BOUND('',#817,.T.);
#880=FACE_BOUND('',#818,.T.);
#881=FACE_BOUND('',#819,.T.);
#882=FACE_BOUND('',#820,.T.);
#883=FACE_BOUND('',#821,.T.);
#884=FACE_BOUND('',#822,.T.);
#885=FACE_BOUND('',#823,.T.);
#886=PLANE('',#1414);
#887=PLANE('',#1417);
#888=PLANE('',#1418);
#889=PLANE('',#1421);
#890=PLANE('',#1422);
#891=PLANE('',#1423);
#892=PLANE('',#1424);
#893=PLANE('',#1425);
#894=PLANE('',#1426);
#895=PLANE('',#1427);
#896=PLANE('',#1428);
#897=PLANE('',#1429);
#898=PLANE('',#1430);
#899=PLANE('',#1431);
#900=PLANE('',#1432);
#901=PLANE('',#1437);
#902=PLANE('',#1440);
#903=PLANE('',#1443);
#904=OVER_RIDING_STYLED_ITEM('',(#1031),#966,#1029);
#905=OVER_RIDING_STYLED_ITEM('',(#1032),#967,#1029);
#906=OVER_RIDING_STYLED_ITEM('',(#1033),#968,#1029);
#907=OVER_RIDING_STYLED_ITEM('',(#1034),#969,#1029);
#908=OVER_RIDING_STYLED_ITEM('',(#1035),#970,#1029);
#909=OVER_RIDING_STYLED_ITEM('',(#1036),#971,#1029);
#910=OVER_RIDING_STYLED_ITEM('',(#1037),#972,#1029);
#911=OVER_RIDING_STYLED_ITEM('',(#1038),#973,#1029);
#912=OVER_RIDING_STYLED_ITEM('',(#1039),#974,#1029);
#913=OVER_RIDING_STYLED_ITEM('',(#1040),#975,#1029);
#914=OVER_RIDING_STYLED_ITEM('',(#1041),#976,#1029);
#915=OVER_RIDING_STYLED_ITEM('',(#1042),#977,#1029);
#916=OVER_RIDING_STYLED_ITEM('',(#1043),#978,#1029);
#917=OVER_RIDING_STYLED_ITEM('',(#1044),#979,#1029);
#918=OVER_RIDING_STYLED_ITEM('',(#1045),#980,#1029);
#919=OVER_RIDING_STYLED_ITEM('',(#1046),#981,#1029);
#920=OVER_RIDING_STYLED_ITEM('',(#1047),#982,#1029);
#921=OVER_RIDING_STYLED_ITEM('',(#1048),#983,#1029);
#922=OVER_RIDING_STYLED_ITEM('',(#1049),#984,#1029);
#923=OVER_RIDING_STYLED_ITEM('',(#1050),#985,#1029);
#924=OVER_RIDING_STYLED_ITEM('',(#1051),#986,#1029);
#925=OVER_RIDING_STYLED_ITEM('',(#1052),#987,#1029);
#926=OVER_RIDING_STYLED_ITEM('',(#1053),#988,#1029);
#927=OVER_RIDING_STYLED_ITEM('',(#1054),#989,#1029);
#928=OVER_RIDING_STYLED_ITEM('',(#1055),#990,#1029);
#929=OVER_RIDING_STYLED_ITEM('',(#1056),#991,#1029);
#930=OVER_RIDING_STYLED_ITEM('',(#1057),#992,#1029);
#931=OVER_RIDING_STYLED_ITEM('',(#1058),#993,#1029);
#932=OVER_RIDING_STYLED_ITEM('',(#1059),#994,#1029);
#933=OVER_RIDING_STYLED_ITEM('',(#1060),#995,#1029);
#934=OVER_RIDING_STYLED_ITEM('',(#1061),#996,#1029);
#935=OVER_RIDING_STYLED_ITEM('',(#1062),#997,#1029);
#936=OVER_RIDING_STYLED_ITEM('',(#1063),#998,#1029);
#937=OVER_RIDING_STYLED_ITEM('',(#1064),#999,#1029);
#938=OVER_RIDING_STYLED_ITEM('',(#1065),#1000,#1029);
#939=OVER_RIDING_STYLED_ITEM('',(#1066),#1001,#1029);
#940=OVER_RIDING_STYLED_ITEM('',(#1067),#1002,#1029);
#941=OVER_RIDING_STYLED_ITEM('',(#1068),#1003,#1029);
#942=OVER_RIDING_STYLED_ITEM('',(#1069),#1004,#1029);
#943=OVER_RIDING_STYLED_ITEM('',(#1070),#1005,#1029);
#944=OVER_RIDING_STYLED_ITEM('',(#1071),#1006,#1029);
#945=OVER_RIDING_STYLED_ITEM('',(#1072),#1007,#1029);
#946=OVER_RIDING_STYLED_ITEM('',(#1073),#1008,#1029);
#947=OVER_RIDING_STYLED_ITEM('',(#1074),#1009,#1029);
#948=OVER_RIDING_STYLED_ITEM('',(#1075),#1010,#1029);
#949=OVER_RIDING_STYLED_ITEM('',(#1076),#1011,#1029);
#950=OVER_RIDING_STYLED_ITEM('',(#1077),#1012,#1029);
#951=OVER_RIDING_STYLED_ITEM('',(#1078),#1013,#1029);
#952=OVER_RIDING_STYLED_ITEM('',(#1079),#1014,#1029);
#953=OVER_RIDING_STYLED_ITEM('',(#1080),#1015,#1029);
#954=OVER_RIDING_STYLED_ITEM('',(#1081),#1016,#1029);
#955=OVER_RIDING_STYLED_ITEM('',(#1082),#1017,#1029);
#956=OVER_RIDING_STYLED_ITEM('',(#1083),#1018,#1029);
#957=OVER_RIDING_STYLED_ITEM('',(#1084),#1019,#1029);
#958=OVER_RIDING_STYLED_ITEM('',(#1085),#1020,#1029);
#959=OVER_RIDING_STYLED_ITEM('',(#1086),#1021,#1029);
#960=OVER_RIDING_STYLED_ITEM('',(#1087),#1022,#1029);
#961=OVER_RIDING_STYLED_ITEM('',(#1088),#1023,#1029);
#962=OVER_RIDING_STYLED_ITEM('',(#1089),#1024,#1029);
#963=OVER_RIDING_STYLED_ITEM('',(#1090),#1025,#1029);
#964=OVER_RIDING_STYLED_ITEM('',(#1091),#1026,#1029);
#965=OVER_RIDING_STYLED_ITEM('',(#1092),#1027,#1029);
#966=ADVANCED_FACE('Face appearance 2',(#824),#886,.T.);
#967=ADVANCED_FACE('Face appearance 2',(#825),#887,.T.);
#968=ADVANCED_FACE('Face appearance 2',(#826),#888,.F.);
#969=ADVANCED_FACE('Face appearance 2',(#827),#889,.F.);
#970=ADVANCED_FACE('Face appearance 2',(#828),#890,.T.);
#971=ADVANCED_FACE('Face appearance 2',(#829),#891,.T.);
#972=ADVANCED_FACE('Face appearance 2',(#830),#892,.T.);
#973=ADVANCED_FACE('Face appearance 2',(#831),#893,.T.);
#974=ADVANCED_FACE('Face appearance 2',(#832),#894,.T.);
#975=ADVANCED_FACE('Face appearance 2',(#833),#895,.T.);
#976=ADVANCED_FACE('Face appearance 2',(#834),#896,.F.);
#977=ADVANCED_FACE('Face appearance 2',(#835),#897,.F.);
#978=ADVANCED_FACE('Face appearance 2',(#836),#898,.F.);
#979=ADVANCED_FACE('Face appearance 2',(#837),#899,.F.);
#980=ADVANCED_FACE('Face appearance 2',(#838),#900,.F.);
#981=ADVANCED_FACE('Face appearance 2',(#839),#901,.F.);
#982=ADVANCED_FACE('Face appearance 2',(#840),#902,.T.);
#983=ADVANCED_FACE('Face appearance 2',(#841),#903,.F.);
#984=ADVANCED_FACE('Face appearance 2',(#842),#38,.F.);
#985=ADVANCED_FACE('Face appearance 2',(#843),#39,.F.);
#986=ADVANCED_FACE('Face appearance 2',(#844),#40,.T.);
#987=ADVANCED_FACE('Face appearance 2',(#845),#41,.T.);
#988=ADVANCED_FACE('Face appearance 2',(#846),#42,.T.);
#989=ADVANCED_FACE('Face appearance 2',(#847),#43,.T.);
#990=ADVANCED_FACE('Face appearance 2',(#848),#44,.T.);
#991=ADVANCED_FACE('Face appearance 2',(#849),#45,.T.);
#992=ADVANCED_FACE('Face appearance 2',(#850),#46,.T.);
#993=ADVANCED_FACE('Face appearance 2',(#851),#30,.T.);
#994=ADVANCED_FACE('Face appearance 2',(#852),#47,.T.);
#995=ADVANCED_FACE('Face appearance 2',(#853),#31,.T.);
#996=ADVANCED_FACE('Face appearance 2',(#854),#48,.T.);
#997=ADVANCED_FACE('Face appearance 2',(#855),#32,.T.);
#998=ADVANCED_FACE('Face appearance 2',(#856),#49,.T.);
#999=ADVANCED_FACE('Face appearance 2',(#857),#50,.T.);
#1000=ADVANCED_FACE('Face appearance 2',(#858),#12,.T.);
#1001=ADVANCED_FACE('Face appearance 2',(#859),#13,.T.);
#1002=ADVANCED_FACE('Face appearance 2',(#860),#51,.T.);
#1003=ADVANCED_FACE('Face appearance 2',(#861),#52,.T.);
#1004=ADVANCED_FACE('Face appearance 2',(#862),#14,.T.);
#1005=ADVANCED_FACE('Face appearance 2',(#863),#53,.T.);
#1006=ADVANCED_FACE('Face appearance 2',(#864),#33,.T.);
#1007=ADVANCED_FACE('Face appearance 2',(#865),#54,.T.);
#1008=ADVANCED_FACE('Face appearance 2',(#866),#15,.T.);
#1009=ADVANCED_FACE('Face appearance 2',(#867),#55,.T.);
#1010=ADVANCED_FACE('Face appearance 2',(#868),#56,.T.);
#1011=ADVANCED_FACE('Face appearance 2',(#869),#34,.T.);
#1012=ADVANCED_FACE('Face appearance 2',(#870),#57,.T.);
#1013=ADVANCED_FACE('Face appearance 2',(#871),#35,.T.);
#1014=ADVANCED_FACE('Face appearance 2',(#872),#58,.T.);
#1015=ADVANCED_FACE('Face appearance 2',(#873),#36,.T.);
#1016=ADVANCED_FACE('Face appearance 2',(#874),#59,.T.);
#1017=ADVANCED_FACE('Face appearance 2',(#875),#60,.T.);
#1018=ADVANCED_FACE('Face appearance 2',(#876),#16,.T.);
#1019=ADVANCED_FACE('Face appearance 2',(#877),#17,.T.);
#1020=ADVANCED_FACE('Face appearance 2',(#878),#61,.T.);
#1021=ADVANCED_FACE('Face appearance 2',(#879),#62,.T.);
#1022=ADVANCED_FACE('Face appearance 2',(#880),#63,.T.);
#1023=ADVANCED_FACE('Face appearance 2',(#881),#37,.T.);
#1024=ADVANCED_FACE('Face appearance 2',(#882),#64,.T.);
#1025=ADVANCED_FACE('Face appearance 2',(#883),#18,.T.);
#1026=ADVANCED_FACE('Face appearance 2',(#884),#19,.T.);
#1027=ADVANCED_FACE('Face appearance 2',(#885),#65,.T.);
#1028=CLOSED_SHELL('',(#966,#967,#968,#969,#970,#971,#972,#973,#974,#975,
#976,#977,#978,#979,#980,#981,#982,#983,#984,#985,#986,#987,#988,#989,#990,
#991,#992,#993,#994,#995,#996,#997,#998,#999,#1000,#1001,#1002,#1003,#1004,
#1005,#1006,#1007,#1008,#1009,#1010,#1011,#1012,#1013,#1014,#1015,#1016,
#1017,#1018,#1019,#1020,#1021,#1022,#1023,#1024,#1025,#1026,#1027));
#1029=STYLED_ITEM('',(#1030),#1410);
#1030=PRESENTATION_STYLE_ASSIGNMENT((#1093));
#1031=PRESENTATION_STYLE_ASSIGNMENT((#1094));
#1032=PRESENTATION_STYLE_ASSIGNMENT((#1095));
#1033=PRESENTATION_STYLE_ASSIGNMENT((#1096));
#1034=PRESENTATION_STYLE_ASSIGNMENT((#1097));
#1035=PRESENTATION_STYLE_ASSIGNMENT((#1098));
#1036=PRESENTATION_STYLE_ASSIGNMENT((#1099));
#1037=PRESENTATION_STYLE_ASSIGNMENT((#1100));
#1038=PRESENTATION_STYLE_ASSIGNMENT((#1101));
#1039=PRESENTATION_STYLE_ASSIGNMENT((#1102));
#1040=PRESENTATION_STYLE_ASSIGNMENT((#1103));
#1041=PRESENTATION_STYLE_ASSIGNMENT((#1104));
#1042=PRESENTATION_STYLE_ASSIGNMENT((#1105));
#1043=PRESENTATION_STYLE_ASSIGNMENT((#1106));
#1044=PRESENTATION_STYLE_ASSIGNMENT((#1107));
#1045=PRESENTATION_STYLE_ASSIGNMENT((#1108));
#1046=PRESENTATION_STYLE_ASSIGNMENT((#1109));
#1047=PRESENTATION_STYLE_ASSIGNMENT((#1110));
#1048=PRESENTATION_STYLE_ASSIGNMENT((#1111));
#1049=PRESENTATION_STYLE_ASSIGNMENT((#1112));
#1050=PRESENTATION_STYLE_ASSIGNMENT((#1113));
#1051=PRESENTATION_STYLE_ASSIGNMENT((#1114));
#1052=PRESENTATION_STYLE_ASSIGNMENT((#1115));
#1053=PRESENTATION_STYLE_ASSIGNMENT((#1116));
#1054=PRESENTATION_STYLE_ASSIGNMENT((#1117));
#1055=PRESENTATION_STYLE_ASSIGNMENT((#1118));
#1056=PRESENTATION_STYLE_ASSIGNMENT((#1119));
#1057=PRESENTATION_STYLE_ASSIGNMENT((#1120));
#1058=PRESENTATION_STYLE_ASSIGNMENT((#1121));
#1059=PRESENTATION_STYLE_ASSIGNMENT((#1122));
#1060=PRESENTATION_STYLE_ASSIGNMENT((#1123));
#1061=PRESENTATION_STYLE_ASSIGNMENT((#1124));
#1062=PRESENTATION_STYLE_ASSIGNMENT((#1125));
#1063=PRESENTATION_STYLE_ASSIGNMENT((#1126));
#1064=PRESENTATION_STYLE_ASSIGNMENT((#1127));
#1065=PRESENTATION_STYLE_ASSIGNMENT((#1128));
#1066=PRESENTATION_STYLE_ASSIGNMENT((#1129));
#1067=PRESENTATION_STYLE_ASSIGNMENT((#1130));
#1068=PRESENTATION_STYLE_ASSIGNMENT((#1131));
#1069=PRESENTATION_STYLE_ASSIGNMENT((#1132));
#1070=PRESENTATION_STYLE_ASSIGNMENT((#1133));
#1071=PRESENTATION_STYLE_ASSIGNMENT((#1134));
#1072=PRESENTATION_STYLE_ASSIGNMENT((#1135));
#1073=PRESENTATION_STYLE_ASSIGNMENT((#1136));
#1074=PRESENTATION_STYLE_ASSIGNMENT((#1137));
#1075=PRESENTATION_STYLE_ASSIGNMENT((#1138));
#1076=PRESENTATION_STYLE_ASSIGNMENT((#1139));
#1077=PRESENTATION_STYLE_ASSIGNMENT((#1140));
#1078=PRESENTATION_STYLE_ASSIGNMENT((#1141));
#1079=PRESENTATION_STYLE_ASSIGNMENT((#1142));
#1080=PRESENTATION_STYLE_ASSIGNMENT((#1143));
#1081=PRESENTATION_STYLE_ASSIGNMENT((#1144));
#1082=PRESENTATION_STYLE_ASSIGNMENT((#1145));
#1083=PRESENTATION_STYLE_ASSIGNMENT((#1146));
#1084=PRESENTATION_STYLE_ASSIGNMENT((#1147));
#1085=PRESENTATION_STYLE_ASSIGNMENT((#1148));
#1086=PRESENTATION_STYLE_ASSIGNMENT((#1149));
#1087=PRESENTATION_STYLE_ASSIGNMENT((#1150));
#1088=PRESENTATION_STYLE_ASSIGNMENT((#1151));
#1089=PRESENTATION_STYLE_ASSIGNMENT((#1152));
#1090=PRESENTATION_STYLE_ASSIGNMENT((#1153));
#1091=PRESENTATION_STYLE_ASSIGNMENT((#1154));
#1092=PRESENTATION_STYLE_ASSIGNMENT((#1155));
#1093=SURFACE_STYLE_USAGE(.BOTH.,#1156);
#1094=SURFACE_STYLE_USAGE(.BOTH.,#1157);
#1095=SURFACE_STYLE_USAGE(.BOTH.,#1158);
#1096=SURFACE_STYLE_USAGE(.BOTH.,#1159);
#1097=SURFACE_STYLE_USAGE(.BOTH.,#1160);
#1098=SURFACE_STYLE_USAGE(.BOTH.,#1161);
#1099=SURFACE_STYLE_USAGE(.BOTH.,#1162);
#1100=SURFACE_STYLE_USAGE(.BOTH.,#1163);
#1101=SURFACE_STYLE_USAGE(.BOTH.,#1164);
#1102=SURFACE_STYLE_USAGE(.BOTH.,#1165);
#1103=SURFACE_STYLE_USAGE(.BOTH.,#1166);
#1104=SURFACE_STYLE_USAGE(.BOTH.,#1167);
#1105=SURFACE_STYLE_USAGE(.BOTH.,#1168);
#1106=SURFACE_STYLE_USAGE(.BOTH.,#1169);
#1107=SURFACE_STYLE_USAGE(.BOTH.,#1170);
#1108=SURFACE_STYLE_USAGE(.BOTH.,#1171);
#1109=SURFACE_STYLE_USAGE(.BOTH.,#1172);
#1110=SURFACE_STYLE_USAGE(.BOTH.,#1173);
#1111=SURFACE_STYLE_USAGE(.BOTH.,#1174);
#1112=SURFACE_STYLE_USAGE(.BOTH.,#1175);
#1113=SURFACE_STYLE_USAGE(.BOTH.,#1176);
#1114=SURFACE_STYLE_USAGE(.BOTH.,#1177);
#1115=SURFACE_STYLE_USAGE(.BOTH.,#1178);
#1116=SURFACE_STYLE_USAGE(.BOTH.,#1179);
#1117=SURFACE_STYLE_USAGE(.BOTH.,#1180);
#1118=SURFACE_STYLE_USAGE(.BOTH.,#1181);
#1119=SURFACE_STYLE_USAGE(.BOTH.,#1182);
#1120=SURFACE_STYLE_USAGE(.BOTH.,#1183);
#1121=SURFACE_STYLE_USAGE(.BOTH.,#1184);
#1122=SURFACE_STYLE_USAGE(.BOTH.,#1185);
#1123=SURFACE_STYLE_USAGE(.BOTH.,#1186);
#1124=SURFACE_STYLE_USAGE(.BOTH.,#1187);
#1125=SURFACE_STYLE_USAGE(.BOTH.,#1188);
#1126=SURFACE_STYLE_USAGE(.BOTH.,#1189);
#1127=SURFACE_STYLE_USAGE(.BOTH.,#1190);
#1128=SURFACE_STYLE_USAGE(.BOTH.,#1191);
#1129=SURFACE_STYLE_USAGE(.BOTH.,#1192);
#1130=SURFACE_STYLE_USAGE(.BOTH.,#1193);
#1131=SURFACE_STYLE_USAGE(.BOTH.,#1194);
#1132=SURFACE_STYLE_USAGE(.BOTH.,#1195);
#1133=SURFACE_STYLE_USAGE(.BOTH.,#1196);
#1134=SURFACE_STYLE_USAGE(.BOTH.,#1197);
#1135=SURFACE_STYLE_USAGE(.BOTH.,#1198);
#1136=SURFACE_STYLE_USAGE(.BOTH.,#1199);
#1137=SURFACE_STYLE_USAGE(.BOTH.,#1200);
#1138=SURFACE_STYLE_USAGE(.BOTH.,#1201);
#1139=SURFACE_STYLE_USAGE(.BOTH.,#1202);
#1140=SURFACE_STYLE_USAGE(.BOTH.,#1203);
#1141=SURFACE_STYLE_USAGE(.BOTH.,#1204);
#1142=SURFACE_STYLE_USAGE(.BOTH.,#1205);
#1143=SURFACE_STYLE_USAGE(.BOTH.,#1206);
#1144=SURFACE_STYLE_USAGE(.BOTH.,#1207);
#1145=SURFACE_STYLE_USAGE(.BOTH.,#1208);
#1146=SURFACE_STYLE_USAGE(.BOTH.,#1209);
#1147=SURFACE_STYLE_USAGE(.BOTH.,#1210);
#1148=SURFACE_STYLE_USAGE(.BOTH.,#1211);
#1149=SURFACE_STYLE_USAGE(.BOTH.,#1212);
#1150=SURFACE_STYLE_USAGE(.BOTH.,#1213);
#1151=SURFACE_STYLE_USAGE(.BOTH.,#1214);
#1152=SURFACE_STYLE_USAGE(.BOTH.,#1215);
#1153=SURFACE_STYLE_USAGE(.BOTH.,#1216);
#1154=SURFACE_STYLE_USAGE(.BOTH.,#1217);
#1155=SURFACE_STYLE_USAGE(.BOTH.,#1218);
#1156=SURFACE_SIDE_STYLE('',(#1219));
#1157=SURFACE_SIDE_STYLE('',(#1220));
#1158=SURFACE_SIDE_STYLE('',(#1221));
#1159=SURFACE_SIDE_STYLE('',(#1222));
#1160=SURFACE_SIDE_STYLE('',(#1223));
#1161=SURFACE_SIDE_STYLE('',(#1224));
#1162=SURFACE_SIDE_STYLE('',(#1225));
#1163=SURFACE_SIDE_STYLE('',(#1226));
#1164=SURFACE_SIDE_STYLE('',(#1227));
#1165=SURFACE_SIDE_STYLE('',(#1228));
#1166=SURFACE_SIDE_STYLE('',(#1229));
#1167=SURFACE_SIDE_STYLE('',(#1230));
#1168=SURFACE_SIDE_STYLE('',(#1231));
#1169=SURFACE_SIDE_STYLE('',(#1232));
#1170=SURFACE_SIDE_STYLE('',(#1233));
#1171=SURFACE_SIDE_STYLE('',(#1234));
#1172=SURFACE_SIDE_STYLE('',(#1235));
#1173=SURFACE_SIDE_STYLE('',(#1236));
#1174=SURFACE_SIDE_STYLE('',(#1237));
#1175=SURFACE_SIDE_STYLE('',(#1238));
#1176=SURFACE_SIDE_STYLE('',(#1239));
#1177=SURFACE_SIDE_STYLE('',(#1240));
#1178=SURFACE_SIDE_STYLE('',(#1241));
#1179=SURFACE_SIDE_STYLE('',(#1242));
#1180=SURFACE_SIDE_STYLE('',(#1243));
#1181=SURFACE_SIDE_STYLE('',(#1244));
#1182=SURFACE_SIDE_STYLE('',(#1245));
#1183=SURFACE_SIDE_STYLE('',(#1246));
#1184=SURFACE_SIDE_STYLE('',(#1247));
#1185=SURFACE_SIDE_STYLE('',(#1248));
#1186=SURFACE_SIDE_STYLE('',(#1249));
#1187=SURFACE_SIDE_STYLE('',(#1250));
#1188=SURFACE_SIDE_STYLE('',(#1251));
#1189=SURFACE_SIDE_STYLE('',(#1252));
#1190=SURFACE_SIDE_STYLE('',(#1253));
#1191=SURFACE_SIDE_STYLE('',(#1254));
#1192=SURFACE_SIDE_STYLE('',(#1255));
#1193=SURFACE_SIDE_STYLE('',(#1256));
#1194=SURFACE_SIDE_STYLE('',(#1257));
#1195=SURFACE_SIDE_STYLE('',(#1258));
#1196=SURFACE_SIDE_STYLE('',(#1259));
#1197=SURFACE_SIDE_STYLE('',(#1260));
#1198=SURFACE_SIDE_STYLE('',(#1261));
#1199=SURFACE_SIDE_STYLE('',(#1262));
#1200=SURFACE_SIDE_STYLE('',(#1263));
#1201=SURFACE_SIDE_STYLE('',(#1264));
#1202=SURFACE_SIDE_STYLE('',(#1265));
#1203=SURFACE_SIDE_STYLE('',(#1266));
#1204=SURFACE_SIDE_STYLE('',(#1267));
#1205=SURFACE_SIDE_STYLE('',(#1268));
#1206=SURFACE_SIDE_STYLE('',(#1269));
#1207=SURFACE_SIDE_STYLE('',(#1270));
#1208=SURFACE_SIDE_STYLE('',(#1271));
#1209=SURFACE_SIDE_STYLE('',(#1272));
#1210=SURFACE_SIDE_STYLE('',(#1273));
#1211=SURFACE_SIDE_STYLE('',(#1274));
#1212=SURFACE_SIDE_STYLE('',(#1275));
#1213=SURFACE_SIDE_STYLE('',(#1276));
#1214=SURFACE_SIDE_STYLE('',(#1277));
#1215=SURFACE_SIDE_STYLE('',(#1278));
#1216=SURFACE_SIDE_STYLE('',(#1279));
#1217=SURFACE_SIDE_STYLE('',(#1280));
#1218=SURFACE_SIDE_STYLE('',(#1281));
#1219=SURFACE_STYLE_FILL_AREA(#1282);
#1220=SURFACE_STYLE_FILL_AREA(#1283);
#1221=SURFACE_STYLE_FILL_AREA(#1284);
#1222=SURFACE_STYLE_FILL_AREA(#1285);
#1223=SURFACE_STYLE_FILL_AREA(#1286);
#1224=SURFACE_STYLE_FILL_AREA(#1287);
#1225=SURFACE_STYLE_FILL_AREA(#1288);
#1226=SURFACE_STYLE_FILL_AREA(#1289);
#1227=SURFACE_STYLE_FILL_AREA(#1290);
#1228=SURFACE_STYLE_FILL_AREA(#1291);
#1229=SURFACE_STYLE_FILL_AREA(#1292);
#1230=SURFACE_STYLE_FILL_AREA(#1293);
#1231=SURFACE_STYLE_FILL_AREA(#1294);
#1232=SURFACE_STYLE_FILL_AREA(#1295);
#1233=SURFACE_STYLE_FILL_AREA(#1296);
#1234=SURFACE_STYLE_FILL_AREA(#1297);
#1235=SURFACE_STYLE_FILL_AREA(#1298);
#1236=SURFACE_STYLE_FILL_AREA(#1299);
#1237=SURFACE_STYLE_FILL_AREA(#1300);
#1238=SURFACE_STYLE_FILL_AREA(#1301);
#1239=SURFACE_STYLE_FILL_AREA(#1302);
#1240=SURFACE_STYLE_FILL_AREA(#1303);
#1241=SURFACE_STYLE_FILL_AREA(#1304);
#1242=SURFACE_STYLE_FILL_AREA(#1305);
#1243=SURFACE_STYLE_FILL_AREA(#1306);
#1244=SURFACE_STYLE_FILL_AREA(#1307);
#1245=SURFACE_STYLE_FILL_AREA(#1308);
#1246=SURFACE_STYLE_FILL_AREA(#1309);
#1247=SURFACE_STYLE_FILL_AREA(#1310);
#1248=SURFACE_STYLE_FILL_AREA(#1311);
#1249=SURFACE_STYLE_FILL_AREA(#1312);
#1250=SURFACE_STYLE_FILL_AREA(#1313);
#1251=SURFACE_STYLE_FILL_AREA(#1314);
#1252=SURFACE_STYLE_FILL_AREA(#1315);
#1253=SURFACE_STYLE_FILL_AREA(#1316);
#1254=SURFACE_STYLE_FILL_AREA(#1317);
#1255=SURFACE_STYLE_FILL_AREA(#1318);
#1256=SURFACE_STYLE_FILL_AREA(#1319);
#1257=SURFACE_STYLE_FILL_AREA(#1320);
#1258=SURFACE_STYLE_FILL_AREA(#1321);
#1259=SURFACE_STYLE_FILL_AREA(#1322);
#1260=SURFACE_STYLE_FILL_AREA(#1323);
#1261=SURFACE_STYLE_FILL_AREA(#1324);
#1262=SURFACE_STYLE_FILL_AREA(#1325);
#1263=SURFACE_STYLE_FILL_AREA(#1326);
#1264=SURFACE_STYLE_FILL_AREA(#1327);
#1265=SURFACE_STYLE_FILL_AREA(#1328);
#1266=SURFACE_STYLE_FILL_AREA(#1329);
#1267=SURFACE_STYLE_FILL_AREA(#1330);
#1268=SURFACE_STYLE_FILL_AREA(#1331);
#1269=SURFACE_STYLE_FILL_AREA(#1332);
#1270=SURFACE_STYLE_FILL_AREA(#1333);
#1271=SURFACE_STYLE_FILL_AREA(#1334);
#1272=SURFACE_STYLE_FILL_AREA(#1335);
#1273=SURFACE_STYLE_FILL_AREA(#1336);
#1274=SURFACE_STYLE_FILL_AREA(#1337);
#1275=SURFACE_STYLE_FILL_AREA(#1338);
#1276=SURFACE_STYLE_FILL_AREA(#1339);
#1277=SURFACE_STYLE_FILL_AREA(#1340);
#1278=SURFACE_STYLE_FILL_AREA(#1341);
#1279=SURFACE_STYLE_FILL_AREA(#1342);
#1280=SURFACE_STYLE_FILL_AREA(#1343);
#1281=SURFACE_STYLE_FILL_AREA(#1344);
#1282=FILL_AREA_STYLE('',(#1345));
#1283=FILL_AREA_STYLE('',(#1346));
#1284=FILL_AREA_STYLE('',(#1347));
#1285=FILL_AREA_STYLE('',(#1348));
#1286=FILL_AREA_STYLE('',(#1349));
#1287=FILL_AREA_STYLE('',(#1350));
#1288=FILL_AREA_STYLE('',(#1351));
#1289=FILL_AREA_STYLE('',(#1352));
#1290=FILL_AREA_STYLE('',(#1353));
#1291=FILL_AREA_STYLE('',(#1354));
#1292=FILL_AREA_STYLE('',(#1355));
#1293=FILL_AREA_STYLE('',(#1356));
#1294=FILL_AREA_STYLE('',(#1357));
#1295=FILL_AREA_STYLE('',(#1358));
#1296=FILL_AREA_STYLE('',(#1359));
#1297=FILL_AREA_STYLE('',(#1360));
#1298=FILL_AREA_STYLE('',(#1361));
#1299=FILL_AREA_STYLE('',(#1362));
#1300=FILL_AREA_STYLE('',(#1363));
#1301=FILL_AREA_STYLE('',(#1364));
#1302=FILL_AREA_STYLE('',(#1365));
#1303=FILL_AREA_STYLE('',(#1366));
#1304=FILL_AREA_STYLE('',(#1367));
#1305=FILL_AREA_STYLE('',(#1368));
#1306=FILL_AREA_STYLE('',(#1369));
#1307=FILL_AREA_STYLE('',(#1370));
#1308=FILL_AREA_STYLE('',(#1371));
#1309=FILL_AREA_STYLE('',(#1372));
#1310=FILL_AREA_STYLE('',(#1373));
#1311=FILL_AREA_STYLE('',(#1374));
#1312=FILL_AREA_STYLE('',(#1375));
#1313=FILL_AREA_STYLE('',(#1376));
#1314=FILL_AREA_STYLE('',(#1377));
#1315=FILL_AREA_STYLE('',(#1378));
#1316=FILL_AREA_STYLE('',(#1379));
#1317=FILL_AREA_STYLE('',(#1380));
#1318=FILL_AREA_STYLE('',(#1381));
#1319=FILL_AREA_STYLE('',(#1382));
#1320=FILL_AREA_STYLE('',(#1383));
#1321=FILL_AREA_STYLE('',(#1384));
#1322=FILL_AREA_STYLE('',(#1385));
#1323=FILL_AREA_STYLE('',(#1386));
#1324=FILL_AREA_STYLE('',(#1387));
#1325=FILL_AREA_STYLE('',(#1388));
#1326=FILL_AREA_STYLE('',(#1389));
#1327=FILL_AREA_STYLE('',(#1390));
#1328=FILL_AREA_STYLE('',(#1391));
#1329=FILL_AREA_STYLE('',(#1392));
#1330=FILL_AREA_STYLE('',(#1393));
#1331=FILL_AREA_STYLE('',(#1394));
#1332=FILL_AREA_STYLE('',(#1395));
#1333=FILL_AREA_STYLE('',(#1396));
#1334=FILL_AREA_STYLE('',(#1397));
#1335=FILL_AREA_STYLE('',(#1398));
#1336=FILL_AREA_STYLE('',(#1399));
#1337=FILL_AREA_STYLE('',(#1400));
#1338=FILL_AREA_STYLE('',(#1401));
#1339=FILL_AREA_STYLE('',(#1402));
#1340=FILL_AREA_STYLE('',(#1403));
#1341=FILL_AREA_STYLE('',(#1404));
#1342=FILL_AREA_STYLE('',(#1405));
#1343=FILL_AREA_STYLE('',(#1406));
#1344=FILL_AREA_STYLE('',(#1407));
#1345=FILL_AREA_STYLE_COLOUR('',#1408);
#1346=FILL_AREA_STYLE_COLOUR('',#1409);
#1347=FILL_AREA_STYLE_COLOUR('',#1409);
#1348=FILL_AREA_STYLE_COLOUR('',#1409);
#1349=FILL_AREA_STYLE_COLOUR('',#1409);
#1350=FILL_AREA_STYLE_COLOUR('',#1409);
#1351=FILL_AREA_STYLE_COLOUR('',#1409);
#1352=FILL_AREA_STYLE_COLOUR('',#1409);
#1353=FILL_AREA_STYLE_COLOUR('',#1409);
#1354=FILL_AREA_STYLE_COLOUR('',#1409);
#1355=FILL_AREA_STYLE_COLOUR('',#1409);
#1356=FILL_AREA_STYLE_COLOUR('',#1409);
#1357=FILL_AREA_STYLE_COLOUR('',#1409);
#1358=FILL_AREA_STYLE_COLOUR('',#1409);
#1359=FILL_AREA_STYLE_COLOUR('',#1409);
#1360=FILL_AREA_STYLE_COLOUR('',#1409);
#1361=FILL_AREA_STYLE_COLOUR('',#1409);
#1362=FILL_AREA_STYLE_COLOUR('',#1409);
#1363=FILL_AREA_STYLE_COLOUR('',#1409);
#1364=FILL_AREA_STYLE_COLOUR('',#1409);
#1365=FILL_AREA_STYLE_COLOUR('',#1409);
#1366=FILL_AREA_STYLE_COLOUR('',#1409);
#1367=FILL_AREA_STYLE_COLOUR('',#1409);
#1368=FILL_AREA_STYLE_COLOUR('',#1409);
#1369=FILL_AREA_STYLE_COLOUR('',#1409);
#1370=FILL_AREA_STYLE_COLOUR('',#1409);
#1371=FILL_AREA_STYLE_COLOUR('',#1409);
#1372=FILL_AREA_STYLE_COLOUR('',#1409);
#1373=FILL_AREA_STYLE_COLOUR('',#1409);
#1374=FILL_AREA_STYLE_COLOUR('',#1409);
#1375=FILL_AREA_STYLE_COLOUR('',#1409);
#1376=FILL_AREA_STYLE_COLOUR('',#1409);
#1377=FILL_AREA_STYLE_COLOUR('',#1409);
#1378=FILL_AREA_STYLE_COLOUR('',#1409);
#1379=FILL_AREA_STYLE_COLOUR('',#1409);
#1380=FILL_AREA_STYLE_COLOUR('',#1409);
#1381=FILL_AREA_STYLE_COLOUR('',#1409);
#1382=FILL_AREA_STYLE_COLOUR('',#1409);
#1383=FILL_AREA_STYLE_COLOUR('',#1409);
#1384=FILL_AREA_STYLE_COLOUR('',#1409);
#1385=FILL_AREA_STYLE_COLOUR('',#1409);
#1386=FILL_AREA_STYLE_COLOUR('',#1409);
#1387=FILL_AREA_STYLE_COLOUR('',#1409);
#1388=FILL_AREA_STYLE_COLOUR('',#1409);
#1389=FILL_AREA_STYLE_COLOUR('',#1409);
#1390=FILL_AREA_STYLE_COLOUR('',#1409);
#1391=FILL_AREA_STYLE_COLOUR('',#1409);
#1392=FILL_AREA_STYLE_COLOUR('',#1409);
#1393=FILL_AREA_STYLE_COLOUR('',#1409);
#1394=FILL_AREA_STYLE_COLOUR('',#1409);
#1395=FILL_AREA_STYLE_COLOUR('',#1409);
#1396=FILL_AREA_STYLE_COLOUR('',#1409);
#1397=FILL_AREA_STYLE_COLOUR('',#1409);
#1398=FILL_AREA_STYLE_COLOUR('',#1409);
#1399=FILL_AREA_STYLE_COLOUR('',#1409);
#1400=FILL_AREA_STYLE_COLOUR('',#1409);
#1401=FILL_AREA_STYLE_COLOUR('',#1409);
#1402=FILL_AREA_STYLE_COLOUR('',#1409);
#1403=FILL_AREA_STYLE_COLOUR('',#1409);
#1404=FILL_AREA_STYLE_COLOUR('',#1409);
#1405=FILL_AREA_STYLE_COLOUR('',#1409);
#1406=FILL_AREA_STYLE_COLOUR('',#1409);
#1407=FILL_AREA_STYLE_COLOUR('',#1409);
#1408=COLOUR_RGB('',0.615686274509804,0.811764705882353,0.929411764705882);
#1409=COLOUR_RGB('',0.709803921568628,0.643137254901961,0.584313725490196);
#1410=MANIFOLD_SOLID_BREP('Part 1',#1028);
#1411=SHAPE_DEFINITION_REPRESENTATION(#2179,#1412);
#1412=SHAPE_REPRESENTATION('Part 1',(#1413),#2174);
#1413=AXIS2_PLACEMENT_3D('',#1860,#1540,#1541);
#1414=AXIS2_PLACEMENT_3D('',#1861,#1542,#1543);
#1415=AXIS2_PLACEMENT_3D('',#1862,#1544,#1545);
#1416=AXIS2_PLACEMENT_3D('',#1867,#1547,#1548);
#1417=AXIS2_PLACEMENT_3D('',#1870,#1550,#1551);
#1418=AXIS2_PLACEMENT_3D('',#1883,#1558,#1559);
#1419=AXIS2_PLACEMENT_3D('',#1884,#1560,#1561);
#1420=AXIS2_PLACEMENT_3D('',#1889,#1563,#1564);
#1421=AXIS2_PLACEMENT_3D('',#1892,#1566,#1567);
#1422=AXIS2_PLACEMENT_3D('',#1905,#1574,#1575);
#1423=AXIS2_PLACEMENT_3D('',#1914,#1580,#1581);
#1424=AXIS2_PLACEMENT_3D('',#1923,#1586,#1587);
#1425=AXIS2_PLACEMENT_3D('',#1932,#1592,#1593);
#1426=AXIS2_PLACEMENT_3D('',#1941,#1598,#1599);
#1427=AXIS2_PLACEMENT_3D('',#1950,#1604,#1605);
#1428=AXIS2_PLACEMENT_3D('',#1959,#1610,#1611);
#1429=AXIS2_PLACEMENT_3D('',#1968,#1616,#1617);
#1430=AXIS2_PLACEMENT_3D('',#1974,#1621,#1622);
#1431=AXIS2_PLACEMENT_3D('',#1983,#1627,#1628);
#1432=AXIS2_PLACEMENT_3D('',#1992,#1633,#1634);
#1433=AXIS2_PLACEMENT_3D('',#1994,#1636,#1637);
#1434=AXIS2_PLACEMENT_3D('',#1996,#1638,#1639);
#1435=AXIS2_PLACEMENT_3D('',#1997,#1640,#1641);
#1436=AXIS2_PLACEMENT_3D('',#1999,#1642,#1643);
#1437=AXIS2_PLACEMENT_3D('',#2000,#1644,#1645);
#1438=AXIS2_PLACEMENT_3D('',#2001,#1646,#1647);
#1439=AXIS2_PLACEMENT_3D('',#2002,#1648,#1649);
#1440=AXIS2_PLACEMENT_3D('',#2003,#1650,#1651);
#1441=AXIS2_PLACEMENT_3D('',#2004,#1652,#1653);
#1442=AXIS2_PLACEMENT_3D('',#2009,#1655,#1656);
#1443=AXIS2_PLACEMENT_3D('',#2012,#1658,#1659);
#1444=AXIS2_PLACEMENT_3D('',#2013,#1660,#1661);
#1445=AXIS2_PLACEMENT_3D('',#2018,#1663,#1664);
#1446=AXIS2_PLACEMENT_3D('',#2021,#1666,#1667);
#1447=AXIS2_PLACEMENT_3D('',#2022,#1668,#1669);
#1448=AXIS2_PLACEMENT_3D('',#2023,#1670,#1671);
#1449=AXIS2_PLACEMENT_3D('',#2024,#1672,#1673);
#1450=AXIS2_PLACEMENT_3D('',#2025,#1674,#1675);
#1451=AXIS2_PLACEMENT_3D('',#2026,#1676,#1677);
#1452=AXIS2_PLACEMENT_3D('',#2027,#1678,#1679);
#1453=AXIS2_PLACEMENT_3D('',#2028,#1680,#1681);
#1454=AXIS2_PLACEMENT_3D('',#2029,#1682,#1683);
#1455=AXIS2_PLACEMENT_3D('',#2030,#1684,#1685);
#1456=AXIS2_PLACEMENT_3D('',#2031,#1686,#1687);
#1457=AXIS2_PLACEMENT_3D('',#2032,#1688,#1689);
#1458=AXIS2_PLACEMENT_3D('',#2033,#1690,#1691);
#1459=AXIS2_PLACEMENT_3D('',#2034,#1692,#1693);
#1460=AXIS2_PLACEMENT_3D('',#2035,#1694,#1695);
#1461=AXIS2_PLACEMENT_3D('',#2036,#1696,#1697);
#1462=AXIS2_PLACEMENT_3D('',#2037,#1698,#1699);
#1463=AXIS2_PLACEMENT_3D('',#2038,#1700,#1701);
#1464=AXIS2_PLACEMENT_3D('',#2039,#1702,#1703);
#1465=AXIS2_PLACEMENT_3D('',#2040,#1704,#1705);
#1466=AXIS2_PLACEMENT_3D('',#2041,#1706,#1707);
#1467=AXIS2_PLACEMENT_3D('',#2042,#1708,#1709);
#1468=AXIS2_PLACEMENT_3D('',#2043,#1710,#1711);
#1469=AXIS2_PLACEMENT_3D('',#2044,#1712,#1713);
#1470=AXIS2_PLACEMENT_3D('',#2045,#1714,#1715);
#1471=AXIS2_PLACEMENT_3D('',#2046,#1716,#1717);
#1472=AXIS2_PLACEMENT_3D('',#2047,#1718,#1719);
#1473=AXIS2_PLACEMENT_3D('',#2048,#1720,#1721);
#1474=AXIS2_PLACEMENT_3D('',#2049,#1722,#1723);
#1475=AXIS2_PLACEMENT_3D('',#2050,#1724,#1725);
#1476=AXIS2_PLACEMENT_3D('',#2051,#1726,#1727);
#1477=AXIS2_PLACEMENT_3D('',#2052,#1728,#1729);
#1478=AXIS2_PLACEMENT_3D('',#2053,#1730,#1731);
#1479=AXIS2_PLACEMENT_3D('',#2054,#1732,#1733);
#1480=AXIS2_PLACEMENT_3D('',#2055,#1734,#1735);
#1481=AXIS2_PLACEMENT_3D('',#2056,#1736,#1737);
#1482=AXIS2_PLACEMENT_3D('',#2057,#1738,#1739);
#1483=AXIS2_PLACEMENT_3D('',#2060,#1741,#1742);
#1484=AXIS2_PLACEMENT_3D('',#2065,#1743,#1744);
#1485=AXIS2_PLACEMENT_3D('',#2066,#1745,#1746);
#1486=AXIS2_PLACEMENT_3D('',#2067,#1747,#1748);
#1487=AXIS2_PLACEMENT_3D('',#2068,#1749,#1750);
#1488=AXIS2_PLACEMENT_3D('',#2069,#1751,#1752);
#1489=AXIS2_PLACEMENT_3D('',#2070,#1753,#1754);
#1490=AXIS2_PLACEMENT_3D('',#2076,#1755,#1756);
#1491=AXIS2_PLACEMENT_3D('',#2079,#1758,#1759);
#1492=AXIS2_PLACEMENT_3D('',#2080,#1760,#1761);
#1493=AXIS2_PLACEMENT_3D('',#2081,#1762,#1763);
#1494=AXIS2_PLACEMENT_3D('',#2086,#1764,#1765);
#1495=AXIS2_PLACEMENT_3D('',#2087,#1766,#1767);
#1496=AXIS2_PLACEMENT_3D('',#2093,#1768,#1769);
#1497=AXIS2_PLACEMENT_3D('',#2094,#1770,#1771);
#1498=AXIS2_PLACEMENT_3D('',#2097,#1773,#1774);
#1499=AXIS2_PLACEMENT_3D('',#2098,#1775,#1776);
#1500=AXIS2_PLACEMENT_3D('',#2104,#1777,#1778);
#1501=AXIS2_PLACEMENT_3D('',#2105,#1779,#1780);
#1502=AXIS2_PLACEMENT_3D('',#2106,#1781,#1782);
#1503=AXIS2_PLACEMENT_3D('',#2107,#1783,#1784);
#1504=AXIS2_PLACEMENT_3D('',#2108,#1785,#1786);
#1505=AXIS2_PLACEMENT_3D('',#2109,#1787,#1788);
#1506=AXIS2_PLACEMENT_3D('',#2110,#1789,#1790);
#1507=AXIS2_PLACEMENT_3D('',#2111,#1791,#1792);
#1508=AXIS2_PLACEMENT_3D('',#2112,#1793,#1794);
#1509=AXIS2_PLACEMENT_3D('',#2113,#1795,#1796);
#1510=AXIS2_PLACEMENT_3D('',#2114,#1797,#1798);
#1511=AXIS2_PLACEMENT_3D('',#2115,#1799,#1800);
#1512=AXIS2_PLACEMENT_3D('',#2116,#1801,#1802);
#1513=AXIS2_PLACEMENT_3D('',#2117,#1803,#1804);
#1514=AXIS2_PLACEMENT_3D('',#2118,#1805,#1806);
#1515=AXIS2_PLACEMENT_3D('',#2119,#1807,#1808);
#1516=AXIS2_PLACEMENT_3D('',#2120,#1809,#1810);
#1517=AXIS2_PLACEMENT_3D('',#2121,#1811,#1812);
#1518=AXIS2_PLACEMENT_3D('',#2124,#1814,#1815);
#1519=AXIS2_PLACEMENT_3D('',#2125,#1816,#1817);
#1520=AXIS2_PLACEMENT_3D('',#2130,#1818,#1819);
#1521=AXIS2_PLACEMENT_3D('',#2131,#1820,#1821);
#1522=AXIS2_PLACEMENT_3D('',#2132,#1822,#1823);
#1523=AXIS2_PLACEMENT_3D('',#2138,#1824,#1825);
#1524=AXIS2_PLACEMENT_3D('',#2139,#1826,#1827);
#1525=AXIS2_PLACEMENT_3D('',#2140,#1828,#1829);
#1526=AXIS2_PLACEMENT_3D('',#2143,#1831,#1832);
#1527=AXIS2_PLACEMENT_3D('',#2144,#1833,#1834);
#1528=AXIS2_PLACEMENT_3D('',#2149,#1835,#1836);
#1529=AXIS2_PLACEMENT_3D('',#2150,#1837,#1838);
#1530=AXIS2_PLACEMENT_3D('',#2151,#1839,#1840);
#1531=AXIS2_PLACEMENT_3D('',#2153,#1841,#1842);
#1532=AXIS2_PLACEMENT_3D('',#2154,#1843,#1844);
#1533=AXIS2_PLACEMENT_3D('',#2155,#1845,#1846);
#1534=AXIS2_PLACEMENT_3D('',#2161,#1847,#1848);
#1535=AXIS2_PLACEMENT_3D('',#2162,#1849,#1850);
#1536=AXIS2_PLACEMENT_3D('',#2165,#1852,#1853);
#1537=AXIS2_PLACEMENT_3D('',#2170,#1854,#1855);
#1538=AXIS2_PLACEMENT_3D('',#2171,#1856,#1857);
#1539=AXIS2_PLACEMENT_3D('',#2172,#1858,#1859);
#1540=DIRECTION('',(0.,0.,1.));
#1541=DIRECTION('',(1.,0.,0.));
#1542=DIRECTION('',(0.,-1.,0.));
#1543=DIRECTION('',(1.,0.,0.));
#1544=DIRECTION('',(0.,-1.,0.));
#1545=DIRECTION('',(0.,0.,-1.));
#1546=DIRECTION('',(1.,0.,0.));
#1547=DIRECTION('',(0.,-1.,0.));
#1548=DIRECTION('',(0.,0.,-1.));
#1549=DIRECTION('',(-0.422618261740699,0.,0.90630778703665));
#1550=DIRECTION('',(0.,-1.,0.));
#1551=DIRECTION('',(1.,0.,0.));
#1552=DIRECTION('',(0.422618261740702,0.,0.906307787036649));
#1553=DIRECTION('',(0.921107060629423,0.,-0.389309366517972));
#1554=DIRECTION('',(0.422618261740698,0.,0.906307787036651));
#1555=DIRECTION('',(-0.90630778703665,0.,0.422618261740699));
#1556=DIRECTION('',(-0.422618261740699,0.,-0.90630778703665));
#1557=DIRECTION('',(-0.90630778703665,0.,0.422618261740699));
#1558=DIRECTION('',(0.,-1.,0.));
#1559=DIRECTION('',(1.,0.,0.));
#1560=DIRECTION('',(0.,-1.,0.));
#1561=DIRECTION('',(0.,0.,-1.));
#1562=DIRECTION('',(1.,0.,0.));
#1563=DIRECTION('',(0.,-1.,0.));
#1564=DIRECTION('',(0.,0.,-1.));
#1565=DIRECTION('',(-0.422618261740699,0.,0.90630778703665));
#1566=DIRECTION('',(0.,-1.,0.));
#1567=DIRECTION('',(1.,0.,0.));
#1568=DIRECTION('',(0.422618261740698,0.,0.906307787036651));
#1569=DIRECTION('',(0.921107060629423,0.,-0.389309366517972));
#1570=DIRECTION('',(0.422618261740702,0.,0.906307787036649));
#1571=DIRECTION('',(-0.90630778703665,0.,0.422618261740699));
#1572=DIRECTION('',(-0.422618261740699,0.,-0.90630778703665));
#1573=DIRECTION('',(-0.90630778703665,0.,0.422618261740699));
#1574=DIRECTION('',(0.389309366517972,0.,0.921107060629423));
#1575=DIRECTION('',(0.921107060629423,0.,-0.389309366517972));
#1576=DIRECTION('',(0.,1.,0.));
#1577=DIRECTION('',(0.921107060629423,0.,-0.389309366517972));
#1578=DIRECTION('',(0.,1.,0.));
#1579=DIRECTION('',(0.921107060629423,0.,-0.389309366517972));
#1580=DIRECTION('',(-0.90630778703665,0.,0.422618261740698));
#1581=DIRECTION('',(0.422618261740698,0.,0.906307787036651));
#1582=DIRECTION('',(0.,1.,0.));
#1583=DIRECTION('',(0.422618261740698,0.,0.906307787036651));
#1584=DIRECTION('',(0.,1.,0.));
#1585=DIRECTION('',(0.422618261740698,0.,0.906307787036651));
#1586=DIRECTION('',(-0.422618261740699,0.,-0.90630778703665));
#1587=DIRECTION('',(-0.90630778703665,0.,0.422618261740699));
#1588=DIRECTION('',(0.,1.,0.));
#1589=DIRECTION('',(-0.90630778703665,0.,0.422618261740699));
#1590=DIRECTION('',(0.,1.,0.));
#1591=DIRECTION('',(-0.90630778703665,0.,0.422618261740699));
#1592=DIRECTION('',(0.90630778703665,0.,-0.422618261740699));
#1593=DIRECTION('',(-0.422618261740699,0.,-0.90630778703665));
#1594=DIRECTION('',(0.,1.,0.));
#1595=DIRECTION('',(-0.422618261740699,0.,-0.90630778703665));
#1596=DIRECTION('',(0.,1.,0.));
#1597=DIRECTION('',(-0.422618261740699,0.,-0.90630778703665));
#1598=DIRECTION('',(-0.90630778703665,0.,-0.422618261740699));
#1599=DIRECTION('',(-0.422618261740699,0.,0.90630778703665));
#1600=DIRECTION('',(0.,1.,0.));
#1601=DIRECTION('',(-0.422618261740699,0.,0.90630778703665));
#1602=DIRECTION('',(0.,1.,0.));
#1603=DIRECTION('',(-0.422618261740699,0.,0.90630778703665));
#1604=DIRECTION('',(0.,0.,1.));
#1605=DIRECTION('',(1.,0.,0.));
#1606=DIRECTION('',(0.,1.,0.));
#1607=DIRECTION('',(1.,0.,0.));
#1608=DIRECTION('',(0.,1.,0.));
#1609=DIRECTION('',(-1.,0.,0.));
#1610=DIRECTION('',(0.999906882383087,0.,-0.0136464853693105));
#1611=DIRECTION('',(-0.0136464853693105,0.,-0.999906882383087));
#1612=DIRECTION('',(0.,1.,0.));
#1613=DIRECTION('',(0.0136464853693105,0.,0.999906882383087));
#1614=DIRECTION('',(0.,1.,0.));
#1615=DIRECTION('',(-0.0136464853693105,0.,-0.999906882383087));
#1616=DIRECTION('',(0.,0.,1.));
#1617=DIRECTION('',(1.,0.,0.));
#1618=DIRECTION('',(1.,0.,0.));
#1619=DIRECTION('',(0.,1.,0.));
#1620=DIRECTION('',(1.,0.,0.));
#1621=DIRECTION('',(-0.90630778703665,0.,-0.422618261740699));
#1622=DIRECTION('',(-0.422618261740699,0.,0.90630778703665));
#1623=DIRECTION('',(0.,1.,0.));
#1624=DIRECTION('',(-0.422618261740699,0.,0.90630778703665));
#1625=DIRECTION('',(0.,1.,0.));
#1626=DIRECTION('',(-0.422618261740699,0.,0.90630778703665));
#1627=DIRECTION('',(0.90630778703665,0.,-0.422618261740699));
#1628=DIRECTION('',(-0.422618261740699,0.,-0.90630778703665));
#1629=DIRECTION('',(0.,1.,0.));
#1630=DIRECTION('',(-0.422618261740699,0.,-0.90630778703665));
#1631=DIRECTION('',(0.,1.,0.));
#1632=DIRECTION('',(-0.422618261740699,0.,-0.90630778703665));
#1633=DIRECTION('',(-0.422618261740699,0.,-0.90630778703665));
#1634=DIRECTION('',(-0.90630778703665,0.,0.422618261740699));
#1635=DIRECTION('',(0.,1.,0.));
#1636=DIRECTION('',(-0.422618261740699,0.,-0.90630778703665));
#1637=DIRECTION('',(-0.90630778703665,0.,0.422618261740699));
#1638=DIRECTION('',(-0.422618261740699,0.,-0.90630778703665));
#1639=DIRECTION('',(-0.90630778703665,0.,0.422618261740699));
#1640=DIRECTION('',(-0.422618261740699,0.,-0.90630778703665));
#1641=DIRECTION('',(-0.90630778703665,0.,0.422618261740699));
#1642=DIRECTION('',(-0.422618261740699,0.,-0.90630778703665));
#1643=DIRECTION('',(-0.90630778703665,0.,0.422618261740699));
#1644=DIRECTION('',(-0.906307787036649,0.,0.422618261740702));
#1645=DIRECTION('',(0.422618261740702,0.,0.906307787036649));
#1646=DIRECTION('',(-0.906307787036649,0.,0.422618261740702));
#1647=DIRECTION('',(-0.422618261740702,0.,-0.906307787036649));
#1648=DIRECTION('',(-0.906307787036649,0.,0.422618261740702));
#1649=DIRECTION('',(0.422618261740702,0.,0.906307787036649));
#1650=DIRECTION('',(0.,-1.,0.));
#1651=DIRECTION('',(1.,0.,0.));
#1652=DIRECTION('',(0.,-1.,0.));
#1653=DIRECTION('',(0.,0.,-1.));
#1654=DIRECTION('',(-0.422618261740699,0.,-0.90630778703665));
#1655=DIRECTION('',(0.,-1.,0.));
#1656=DIRECTION('',(0.,0.,-1.));
#1657=DIRECTION('',(-0.422618261740699,0.,0.90630778703665));
#1658=DIRECTION('',(0.,-1.,0.));
#1659=DIRECTION('',(1.,0.,0.));
#1660=DIRECTION('',(0.,-1.,0.));
#1661=DIRECTION('',(0.,0.,-1.));
#1662=DIRECTION('',(-0.422618261740699,0.,-0.90630778703665));
#1663=DIRECTION('',(0.,-1.,0.));
#1664=DIRECTION('',(0.,0.,-1.));
#1665=DIRECTION('',(-0.422618261740699,0.,0.90630778703665));
#1666=DIRECTION('',(0.,-1.,0.));
#1667=DIRECTION('',(0.,0.,-1.));
#1668=DIRECTION('',(0.,-1.,0.));
#1669=DIRECTION('',(0.,0.,-1.));
#1670=DIRECTION('',(0.,-1.,0.));
#1671=DIRECTION('',(0.,0.,-1.));
#1672=DIRECTION('',(0.,-1.,0.));
#1673=DIRECTION('',(0.,0.,-1.));
#1674=DIRECTION('',(0.,-1.,0.));
#1675=DIRECTION('',(0.,0.,-1.));
#1676=DIRECTION('',(0.,-1.,0.));
#1677=DIRECTION('',(0.,0.,-1.));
#1678=DIRECTION('',(0.,1.,0.));
#1679=DIRECTION('',(0.,0.,1.));
#1680=DIRECTION('',(0.,-1.,0.));
#1681=DIRECTION('',(0.,0.,-1.));
#1682=DIRECTION('',(0.,-1.,0.));
#1683=DIRECTION('',(0.,0.,-1.));
#1684=DIRECTION('',(0.,1.,0.));
#1685=DIRECTION('',(0.,0.,1.));
#1686=DIRECTION('',(0.,-1.,0.));
#1687=DIRECTION('',(0.,0.,-1.));
#1688=DIRECTION('',(0.,-1.,0.));
#1689=DIRECTION('',(0.,0.,-1.));
#1690=DIRECTION('',(0.,1.,0.));
#1691=DIRECTION('',(0.,0.,1.));
#1692=DIRECTION('',(0.,1.,0.));
#1693=DIRECTION('',(0.,0.,1.));
#1694=DIRECTION('',(0.,1.,0.));
#1695=DIRECTION('',(0.,0.,1.));
#1696=DIRECTION('',(0.,1.,0.));
#1697=DIRECTION('',(0.,0.,1.));
#1698=DIRECTION('',(0.,1.,0.));
#1699=DIRECTION('',(0.,0.,1.));
#1700=DIRECTION('',(0.,1.,0.));
#1701=DIRECTION('',(0.,0.,1.));
#1702=DIRECTION('',(0.,1.,0.));
#1703=DIRECTION('',(0.,0.,1.));
#1704=DIRECTION('',(0.,1.,0.));
#1705=DIRECTION('',(0.,0.,1.));
#1706=DIRECTION('',(0.,1.,0.));
#1707=DIRECTION('',(0.,0.,1.));
#1708=DIRECTION('',(0.,-1.,0.));
#1709=DIRECTION('',(0.,0.,-1.));
#1710=DIRECTION('',(0.,-1.,0.));
#1711=DIRECTION('',(0.,0.,-1.));
#1712=DIRECTION('',(0.,-1.,0.));
#1713=DIRECTION('',(0.,0.,-1.));
#1714=DIRECTION('',(-0.921107060629423,0.,0.389309366517972));
#1715=DIRECTION('',(0.389309366517972,0.,0.921107060629423));
#1716=DIRECTION('',(-0.921107060629422,-3.37672048758194E-16,0.389309366517973));
#1717=DIRECTION('',(0.389309366517973,0.,0.921107060629423));
#1718=DIRECTION('',(0.,-1.,0.));
#1719=DIRECTION('',(0.,0.,-1.));
#1720=DIRECTION('',(-0.422618261740696,-7.86096697316533E-16,-0.906307787036651));
#1721=DIRECTION('',(-0.906307787036651,0.,0.422618261740696));
#1722=DIRECTION('',(-0.422618261740698,0.,-0.906307787036651));
#1723=DIRECTION('',(-0.90630778703665,0.,0.422618261740698));
#1724=DIRECTION('',(-0.422618261740697,-1.57219339463307E-15,-0.906307787036651));
#1725=DIRECTION('',(-0.906307787036651,0.,0.422618261740697));
#1726=DIRECTION('',(0.,-1.,0.));
#1727=DIRECTION('',(0.,0.,-1.));
#1728=DIRECTION('',(0.90630778703665,0.,-0.422618261740698));
#1729=DIRECTION('',(-0.422618261740698,0.,-0.906307787036651));
#1730=DIRECTION('',(0.90630778703665,0.,-0.422618261740699));
#1731=DIRECTION('',(-0.422618261740699,0.,-0.90630778703665));
#1732=DIRECTION('',(0.906307787036651,5.49844365013575E-16,-0.422618261740698));
#1733=DIRECTION('',(-0.422618261740698,0.,-0.906307787036651));
#1734=DIRECTION('',(0.,-1.,0.));
#1735=DIRECTION('',(0.,0.,-1.));
#1736=DIRECTION('',(0.4226182617407,0.,0.90630778703665));
#1737=DIRECTION('',(0.90630778703665,0.,-0.4226182617407));
#1738=DIRECTION('',(-0.422618261740699,0.,-0.90630778703665));
#1739=DIRECTION('',(-0.90630778703665,0.,0.422618261740699));
#1740=DIRECTION('',(-0.422618261740699,0.,-0.90630778703665));
#1741=DIRECTION('',(0.422618261740698,0.,0.90630778703665));
#1742=DIRECTION('',(0.90630778703665,0.,-0.422618261740698));
#1743=DIRECTION('',(0.422618261740699,0.,0.90630778703665));
#1744=DIRECTION('',(0.90630778703665,0.,-0.422618261740699));
#1745=DIRECTION('',(0.422618261740698,0.,0.90630778703665));
#1746=DIRECTION('',(0.90630778703665,0.,-0.422618261740698));
#1747=DIRECTION('',(0.,-1.,0.));
#1748=DIRECTION('',(0.,0.,-1.));
#1749=DIRECTION('',(0.422618261740698,0.,-0.906307787036651));
#1750=DIRECTION('',(-0.906307787036651,0.,-0.422618261740698));
#1751=DIRECTION('',(0.,-1.,0.));
#1752=DIRECTION('',(0.,0.,-1.));
#1753=DIRECTION('',(0.422618261740698,-7.331258200181E-16,-0.90630778703665));
#1754=DIRECTION('',(-0.90630778703665,0.,-0.422618261740698));
#1755=DIRECTION('',(0.422618261740699,0.,-0.90630778703665));
#1756=DIRECTION('',(-0.90630778703665,0.,-0.422618261740699));
#1757=DIRECTION('',(0.422618261740699,0.,-0.90630778703665));
#1758=DIRECTION('',(0.422618261740699,-8.39067574614963E-16,-0.90630778703665));
#1759=DIRECTION('',(-0.90630778703665,0.,-0.422618261740699));
#1760=DIRECTION('',(-0.422618261740699,0.,0.90630778703665));
#1761=DIRECTION('',(0.90630778703665,0.,0.422618261740699));
#1762=DIRECTION('',(0.422618261740699,0.,-0.90630778703665));
#1763=DIRECTION('',(-0.90630778703665,0.,-0.422618261740699));
#1764=DIRECTION('',(0.,-1.,0.));
#1765=DIRECTION('',(0.,0.,-1.));
#1766=DIRECTION('',(-1.,0.,0.));
#1767=DIRECTION('',(0.,0.,1.));
#1768=DIRECTION('',(-1.,0.,0.));
#1769=DIRECTION('',(0.,0.,1.));
#1770=DIRECTION('',(-1.,0.,0.));
#1771=DIRECTION('',(0.,0.,1.));
#1772=DIRECTION('',(-1.,0.,0.));
#1773=DIRECTION('',(0.,-1.,0.));
#1774=DIRECTION('',(0.,0.,-1.));
#1775=DIRECTION('',(-0.0136464853693105,0.,-0.999906882383087));
#1776=DIRECTION('',(-0.999906882383087,0.,0.0136464853693105));
#1777=DIRECTION('',(0.0136464853693105,0.,0.999906882383087));
#1778=DIRECTION('',(0.999906882383087,0.,-0.0136464853693105));
#1779=DIRECTION('',(-0.702265446476861,0.,0.711915193463839));
#1780=DIRECTION('',(0.711915193463839,0.,0.702265446476861));
#1781=DIRECTION('',(0.,-1.,0.));
#1782=DIRECTION('',(0.,0.,-1.));
#1783=DIRECTION('',(-1.,0.,0.));
#1784=DIRECTION('',(0.,0.,1.));
#1785=DIRECTION('',(1.,0.,0.));
#1786=DIRECTION('',(0.,0.,-1.));
#1787=DIRECTION('',(0.921107060629423,0.,-0.389309366517972));
#1788=DIRECTION('',(-0.389309366517972,0.,-0.921107060629423));
#1789=DIRECTION('',(-0.921107060629422,0.,0.389309366517973));
#1790=DIRECTION('',(0.389309366517973,0.,0.921107060629423));
#1791=DIRECTION('',(0.,-1.,0.));
#1792=DIRECTION('',(0.,0.,-1.));
#1793=DIRECTION('',(-0.422618261740697,0.,-0.906307787036651));
#1794=DIRECTION('',(-0.906307787036651,0.,0.422618261740697));
#1795=DIRECTION('',(0.422618261740698,0.,0.906307787036651));
#1796=DIRECTION('',(0.90630778703665,0.,-0.422618261740698));
#1797=DIRECTION('',(-0.422618261740697,0.,-0.906307787036651));
#1798=DIRECTION('',(-0.906307787036651,0.,0.422618261740697));
#1799=DIRECTION('',(0.,-1.,0.));
#1800=DIRECTION('',(0.,0.,-1.));
#1801=DIRECTION('',(0.906307787036651,0.,-0.422618261740698));
#1802=DIRECTION('',(-0.422618261740698,0.,-0.906307787036651));
#1803=DIRECTION('',(-0.90630778703665,0.,0.422618261740699));
#1804=DIRECTION('',(0.422618261740699,0.,0.90630778703665));
#1805=DIRECTION('',(0.90630778703665,0.,-0.422618261740699));
#1806=DIRECTION('',(-0.422618261740699,0.,-0.90630778703665));
#1807=DIRECTION('',(0.,-1.,0.));
#1808=DIRECTION('',(0.,0.,-1.));
#1809=DIRECTION('',(0.4226182617407,0.,0.90630778703665));
#1810=DIRECTION('',(0.90630778703665,0.,-0.4226182617407));
#1811=DIRECTION('',(-0.422618261740699,0.,-0.90630778703665));
#1812=DIRECTION('',(-0.90630778703665,0.,0.422618261740699));
#1813=DIRECTION('',(0.422618261740699,0.,0.90630778703665));
#1814=DIRECTION('',(-0.422618261740698,0.,-0.90630778703665));
#1815=DIRECTION('',(-0.90630778703665,0.,0.422618261740698));
#1816=DIRECTION('',(0.422618261740699,0.,0.90630778703665));
#1817=DIRECTION('',(0.90630778703665,0.,-0.422618261740699));
#1818=DIRECTION('',(0.422618261740698,0.,0.90630778703665));
#1819=DIRECTION('',(0.90630778703665,0.,-0.422618261740698));
#1820=DIRECTION('',(0.,-1.,0.));
#1821=DIRECTION('',(0.,0.,-1.));
#1822=DIRECTION('',(0.422618261740698,0.,-0.906307787036651));
#1823=DIRECTION('',(-0.906307787036651,0.,-0.422618261740698));
#1824=DIRECTION('',(0.,-1.,0.));
#1825=DIRECTION('',(0.,0.,-1.));
#1826=DIRECTION('',(0.422618261740698,0.,-0.906307787036651));
#1827=DIRECTION('',(-0.906307787036651,0.,-0.422618261740698));
#1828=DIRECTION('',(-0.422618261740699,0.,0.90630778703665));
#1829=DIRECTION('',(0.90630778703665,0.,0.422618261740699));
#1830=DIRECTION('',(-0.422618261740699,0.,0.90630778703665));
#1831=DIRECTION('',(0.4226182617407,0.,-0.906307787036649));
#1832=DIRECTION('',(-0.90630778703665,0.,-0.4226182617407));
#1833=DIRECTION('',(0.422618261740699,0.,-0.90630778703665));
#1834=DIRECTION('',(-0.90630778703665,0.,-0.422618261740699));
#1835=DIRECTION('',(0.422618261740699,2.89223209601388E-16,-0.90630778703665));
#1836=DIRECTION('',(-0.90630778703665,0.,-0.422618261740699));
#1837=DIRECTION('',(0.0136464853693105,0.,0.999906882383087));
#1838=DIRECTION('',(0.999906882383087,0.,-0.0136464853693105));
#1839=DIRECTION('',(0.0136464853693105,0.,0.999906882383087));
#1840=DIRECTION('',(0.999906882383087,0.,-0.0136464853693105));
#1841=DIRECTION('',(-0.702265446476861,0.,0.711915193463839));
#1842=DIRECTION('',(0.711915193463839,0.,0.702265446476861));
#1843=DIRECTION('',(0.,-1.,0.));
#1844=DIRECTION('',(0.,0.,-1.));
#1845=DIRECTION('',(1.,0.,0.));
#1846=DIRECTION('',(0.,0.,-1.));
#1847=DIRECTION('',(-1.,0.,0.));
#1848=DIRECTION('',(0.,0.,1.));
#1849=DIRECTION('',(1.,0.,0.));
#1850=DIRECTION('',(0.,0.,-1.));
#1851=DIRECTION('',(1.,0.,0.));
#1852=DIRECTION('',(0.,-1.,0.));
#1853=DIRECTION('',(0.,0.,-1.));
#1854=DIRECTION('',(0.,-1.,0.));
#1855=DIRECTION('',(0.,0.,-1.));
#1856=DIRECTION('',(-1.,0.,0.));
#1857=DIRECTION('',(0.,0.,1.));
#1858=DIRECTION('',(-1.,0.,0.));
#1859=DIRECTION('',(0.,0.,1.));
#1860=CARTESIAN_POINT('',(0.,0.,0.));
#1861=CARTESIAN_POINT('',(-0.0327909432686476,-0.03,0.0314550030786911));
#1862=CARTESIAN_POINT('',(-0.0235452836567623,-0.03,0.015));
#1863=CARTESIAN_POINT('',(-0.00661660198403548,-0.03,0.0165555503281739));
#1864=CARTESIAN_POINT('',(-0.0178007210102243,-0.03,-0.001));
#1865=CARTESIAN_POINT('',(-0.00470905673135246,-0.03,-0.001));
#1866=CARTESIAN_POINT('',(-0.00470905673135246,-0.03,-0.001));
#1867=CARTESIAN_POINT('',(-0.00470905673135246,-0.03,0.003));
#1868=CARTESIAN_POINT('',(-0.00108382558320586,-0.03,0.00469047304696279));
#1869=CARTESIAN_POINT('',(-0.0237989757151964,-0.03,0.05340326970543));
#1870=CARTESIAN_POINT('',(-0.0327909432686476,-0.03,0.0314550030786911));
#1871=CARTESIAN_POINT('',(-0.0633235443542438,-0.03,0.012585644297962));
#1872=CARTESIAN_POINT('',(-0.0639574717468549,-0.03,0.011226182617407));
#1873=CARTESIAN_POINT('',(-0.063535415307088,-0.03,0.0121312855733327));
#1874=CARTESIAN_POINT('',(-0.0443800304580431,-0.03,0.00403519005986033));
#1875=CARTESIAN_POINT('',(-0.0644571346202319,-0.03,0.0125208537106807));
#1876=CARTESIAN_POINT('',(-0.051549156713546,-0.03,0.0402021016613533));
#1877=CARTESIAN_POINT('',(-0.0652863977956322,-0.03,0.010742493092111));
#1878=CARTESIAN_POINT('',(-0.0465281843507338,-0.03,0.00199539450944884));
#1879=CARTESIAN_POINT('',(-0.0544107043511924,-0.03,0.00567107395122264));
#1880=CARTESIAN_POINT('',(-0.0406734632691062,-0.03,0.0351306825204649));
#1881=CARTESIAN_POINT('',(-0.0539880860894517,-0.03,0.00657738173825929));
#1882=CARTESIAN_POINT('',(-0.0594259328116716,-0.03,0.00911309130870349));
#1883=CARTESIAN_POINT('',(-0.0327909432686476,0.,0.0314550030786911));
#1884=CARTESIAN_POINT('',(-0.00470905673135246,0.,0.003));
#1885=CARTESIAN_POINT('',(-0.00108382558320586,0.,0.00469047304696279));
#1886=CARTESIAN_POINT('',(-0.00470905673135246,0.,-0.001));
#1887=CARTESIAN_POINT('',(-0.0327909432686476,0.,-0.001));
#1888=CARTESIAN_POINT('',(-0.0178007210102243,0.,-0.001));
#1889=CARTESIAN_POINT('',(-0.0235452836567623,0.,0.015));
#1890=CARTESIAN_POINT('',(-0.00661660198403548,0.,0.0165555503281739));
#1891=CARTESIAN_POINT('',(-0.0169983229841375,0.,0.0388192228596921));
#1892=CARTESIAN_POINT('',(-0.0327909432686476,0.,0.0314550030786911));
#1893=CARTESIAN_POINT('',(-0.0644571346202319,0.,0.0125208537106807));
#1894=CARTESIAN_POINT('',(-0.0652863977956322,0.,0.010742493092111));
#1895=CARTESIAN_POINT('',(-0.0644571346202319,0.,0.0125208537106807));
#1896=CARTESIAN_POINT('',(-0.0634682356946687,0.,0.0121028918572581));
#1897=CARTESIAN_POINT('',(-0.063535415307088,0.,0.0121312855733327));
#1898=CARTESIAN_POINT('',(-0.0633235443542438,0.,0.012585644297962));
#1899=CARTESIAN_POINT('',(-0.0639574717468549,0.,0.011226182617407));
#1900=CARTESIAN_POINT('',(-0.0594259328116716,0.,0.00911309130870349));
#1901=CARTESIAN_POINT('',(-0.0539880860894517,0.,0.00657738173825929));
#1902=CARTESIAN_POINT('',(-0.0544107043511924,0.,0.00567107395122263));
#1903=CARTESIAN_POINT('',(-0.0544107043511924,0.,0.00567107395122264));
#1904=CARTESIAN_POINT('',(-0.0652863977956322,0.,0.010742493092111));
#1905=CARTESIAN_POINT('',(-0.0640721959313487,-0.03,0.0145294581845389));
#1906=CARTESIAN_POINT('',(-0.0626896169616328,-0.03,0.0139451059785169));
#1907=CARTESIAN_POINT('',(-0.0626896169616328,-0.028,0.0139451059785169));
#1908=CARTESIAN_POINT('',(-0.0626896169616328,-0.002,0.0139451059785169));
#1909=CARTESIAN_POINT('',(-0.063678515887196,-0.002,0.0143630678319395));
#1910=CARTESIAN_POINT('',(-0.063678515887196,-0.002,0.0143630678319395));
#1911=CARTESIAN_POINT('',(-0.063678515887196,-0.03,0.0143630678319395));
#1912=CARTESIAN_POINT('',(-0.063678515887196,-0.028,0.0143630678319395));
#1913=CARTESIAN_POINT('',(-0.0640721959313487,-0.028,0.0145294581845389));
#1914=CARTESIAN_POINT('',(-0.0666995123971258,-0.03,0.01244446221604));
#1915=CARTESIAN_POINT('',(-0.0662697501943052,-0.03,0.0133660902341621));
#1916=CARTESIAN_POINT('',(-0.0662697501943052,-0.028,0.0133660902341621));
#1917=CARTESIAN_POINT('',(-0.0662697501943052,-0.002,0.0133660902341621));
#1918=CARTESIAN_POINT('',(-0.0670990133697055,-0.002,0.0115877296155924));
#1919=CARTESIAN_POINT('',(-0.0670990133697055,-0.002,0.0115877296155924));
#1920=CARTESIAN_POINT('',(-0.0670990133697055,-0.03,0.0115877296155924));
#1921=CARTESIAN_POINT('',(-0.0670990133697055,-0.028,0.0115877296155924));
#1922=CARTESIAN_POINT('',(-0.0666995123971258,-0.028,0.01244446221604));
#1923=CARTESIAN_POINT('',(-0.0606937875968937,-0.03,0.00639416794759353));
#1924=CARTESIAN_POINT('',(-0.0661316343191136,-0.03,0.00892987751803772));
#1925=CARTESIAN_POINT('',(-0.0661316343191136,-0.028,0.00892987751803772));
#1926=CARTESIAN_POINT('',(-0.0661316343191136,-0.002,0.00892987751803772));
#1927=CARTESIAN_POINT('',(-0.0552559408746738,-0.002,0.00385845837714934));
#1928=CARTESIAN_POINT('',(-0.0552559408746738,-0.002,0.00385845837714934));
#1929=CARTESIAN_POINT('',(-0.0552559408746738,-0.03,0.00385845837714934));
#1930=CARTESIAN_POINT('',(-0.0552559408746738,-0.028,0.00385845837714934));
#1931=CARTESIAN_POINT('',(-0.0606937875968937,-0.028,0.00639416794759353));
#1932=CARTESIAN_POINT('',(-0.0404337660819718,-0.03,0.0309123116307964));
#1933=CARTESIAN_POINT('',(-0.0525980887771191,-0.03,0.00482583742774124));
#1934=CARTESIAN_POINT('',(-0.0525980887771191,-0.028,0.00482583742774124));
#1935=CARTESIAN_POINT('',(-0.0525980887771191,-0.002,0.00482583742774124));
#1936=CARTESIAN_POINT('',(-0.0364872847337094,-0.002,0.0393755681938067));
#1937=CARTESIAN_POINT('',(-0.0364872847337094,-0.002,0.0393755681938067));
#1938=CARTESIAN_POINT('',(-0.0364872847337094,-0.03,0.0393755681938067));
#1939=CARTESIAN_POINT('',(-0.0364872847337094,-0.028,0.0393755681938067));
#1940=CARTESIAN_POINT('',(-0.0404337660819718,-0.028,0.0309123116307964));
#1941=CARTESIAN_POINT('',(-0.0137121034316715,-0.03,0.0294057007039624));
#1942=CARTESIAN_POINT('',(-0.0183611289929764,0.,0.0393755681938067));
#1943=CARTESIAN_POINT('',(-0.0183611289929764,-0.028,0.0393755681938067));
#1944=CARTESIAN_POINT('',(-0.0183611289929764,-0.002,0.0393755681938067));
#1945=CARTESIAN_POINT('',(-0.00995066685121259,-0.002,0.0213392739261105));
#1946=CARTESIAN_POINT('',(-0.00995066685121259,-0.002,0.0213392739261105));
#1947=CARTESIAN_POINT('',(-0.00995066685121259,-0.03,0.0213392739261105));
#1948=CARTESIAN_POINT('',(-0.00995066685121259,-0.028,0.0213392739261105));
#1949=CARTESIAN_POINT('',(-0.0137121034316715,-0.028,0.0294057007039624));
#1950=CARTESIAN_POINT('',(-0.035125,-0.03,0.));
#1951=CARTESIAN_POINT('',(-0.0235452836567623,0.,0.));
#1952=CARTESIAN_POINT('',(-0.0235452836567623,-0.028,0.));
#1953=CARTESIAN_POINT('',(-0.0235452836567623,-0.002,0.));
#1954=CARTESIAN_POINT('',(-0.0235452836567623,-0.002,0.));
#1955=CARTESIAN_POINT('',(-0.0682771092598545,-0.002,0.));
#1956=CARTESIAN_POINT('',(-0.0682771092598545,-0.03,0.));
#1957=CARTESIAN_POINT('',(-0.0682771092598545,-0.028,0.));
#1958=CARTESIAN_POINT('',(-0.035125,-0.028,0.));
#1959=CARTESIAN_POINT('',(-0.0702704716343238,-0.03,-0.0015));
#1960=CARTESIAN_POINT('',(-0.0702769230246207,0.,-0.00197270702926138));
#1961=CARTESIAN_POINT('',(-0.0702769230246207,-0.028,-0.00197270702926138));
#1962=CARTESIAN_POINT('',(-0.0702769230246207,-0.002,-0.00197270702926138));
#1963=CARTESIAN_POINT('',(-0.0702704716343238,-0.002,-0.0015));
#1964=CARTESIAN_POINT('',(-0.0702909432686475,-0.002,-0.003));
#1965=CARTESIAN_POINT('',(-0.0702909432686475,-0.03,-0.003));
#1966=CARTESIAN_POINT('',(-0.0702909432686475,-0.028,-0.003));
#1967=CARTESIAN_POINT('',(-0.0699475916894332,-0.028,0.022158097330003));
#1968=CARTESIAN_POINT('',(-0.0327909432686476,-0.03,-0.003));
#1969=CARTESIAN_POINT('',(-0.0327909432686476,-0.002,-0.003));
#1970=CARTESIAN_POINT('',(-0.00470905673135246,-0.002,-0.003));
#1971=CARTESIAN_POINT('',(-0.00470905673135246,-0.03,-0.003));
#1972=CARTESIAN_POINT('',(-0.00470905673135246,-0.028,-0.003));
#1973=CARTESIAN_POINT('',(-0.0702909432686475,-0.028,-0.003));
#1974=CARTESIAN_POINT('',(-0.0113575750659952,-0.03,0.0314550030786911));
#1975=CARTESIAN_POINT('',(0.000728789990867444,-0.03,0.00553570957044419));
#1976=CARTESIAN_POINT('',(0.000728789990867444,-0.028,0.00553570957044419));
#1977=CARTESIAN_POINT('',(0.000728789990867444,-0.002,0.00553570957044419));
#1978=CARTESIAN_POINT('',(-0.0113575750659952,-0.002,0.0314550030786911));
#1979=CARTESIAN_POINT('',(-0.0219863601411231,-0.002,0.0542485062289114));
#1980=CARTESIAN_POINT('',(-0.0219863601411231,-0.03,0.0542485062289114));
#1981=CARTESIAN_POINT('',(-0.0219863601411231,-0.028,0.0542485062289114));
#1982=CARTESIAN_POINT('',(0.000728789990867444,-0.028,0.0055357095704442));
#1983=CARTESIAN_POINT('',(-0.0411593003699156,-0.03,0.0364550030786911));
#1984=CARTESIAN_POINT('',(-0.0328620535855629,-0.03,0.0542485062289114));
#1985=CARTESIAN_POINT('',(-0.0328620535855629,-0.028,0.0542485062289114));
#1986=CARTESIAN_POINT('',(-0.0328620535855629,-0.002,0.0542485062289114));
#1987=CARTESIAN_POINT('',(-0.0411593003699156,-0.002,0.0364550030786911));
#1988=CARTESIAN_POINT('',(-0.0548943938764884,-0.002,0.007));
#1989=CARTESIAN_POINT('',(-0.0548943938764884,-0.03,0.007));
#1990=CARTESIAN_POINT('',(-0.0548943938764884,-0.028,0.007));
#1991=CARTESIAN_POINT('',(-0.0328620535855629,-0.028,0.0542485062289114));
#1992=CARTESIAN_POINT('',(-0.0594259328116716,-0.03,0.00911309130870349));
#1993=CARTESIAN_POINT('',(-0.0639574717468549,-0.03,0.011226182617407));
#1994=CARTESIAN_POINT('',(-0.0539880860894517,-0.028,0.00657738173825929));
#1995=CARTESIAN_POINT('',(-0.0535349321959334,-0.0299364916731037,0.00636607260738895));
#1996=CARTESIAN_POINT('',(-0.0530817783024151,-0.028,0.0061547634765186));
#1997=CARTESIAN_POINT('',(-0.0530817783024151,-0.002,0.0061547634765186));
#1998=CARTESIAN_POINT('',(-0.0535349321959334,-6.35083268962916E-5,0.00636607260738894));
#1999=CARTESIAN_POINT('',(-0.0539880860894517,-0.002,0.00657738173825929));
#2000=CARTESIAN_POINT('',(-0.0633235443542438,-0.03,0.012585644297962));
#2001=CARTESIAN_POINT('',(-0.063535415307088,-0.002,0.0121312855733327));
#2002=CARTESIAN_POINT('',(-0.063535415307088,-0.028,0.0121312855733327));
#2003=CARTESIAN_POINT('',(-0.0327909432686476,-0.03,0.0314550030786911));
#2004=CARTESIAN_POINT('',(-0.0274242068633429,-0.03,0.0517127966584672));
#2005=CARTESIAN_POINT('',(-0.0237989757151964,-0.03,0.05340326970543));
#2006=CARTESIAN_POINT('',(-0.0310494380114895,-0.03,0.05340326970543));
#2007=CARTESIAN_POINT('',(-0.0530817783024151,-0.03,0.00615476347651859));
#2008=CARTESIAN_POINT('',(-0.0353667865387624,-0.03,0.0441446859104416));
#2009=CARTESIAN_POINT('',(-0.0274242068633429,-0.03,0.0351493855763997));
#2010=CARTESIAN_POINT('',(-0.0194816271879234,-0.03,0.0441446859104416));
#2011=CARTESIAN_POINT('',(-0.0237989757151964,-0.03,0.05340326970543));
#2012=CARTESIAN_POINT('',(-0.0327909432686476,0.,0.0314550030786911));
#2013=CARTESIAN_POINT('',(-0.0274242068633429,0.,0.0351493855763997));
#2014=CARTESIAN_POINT('',(-0.0194816271879234,0.,0.0441446859104416));
#2015=CARTESIAN_POINT('',(-0.0353667865387624,0.,0.0441446859104416));
#2016=CARTESIAN_POINT('',(-0.0397671554820695,0.,0.0347080642587242));
#2017=CARTESIAN_POINT('',(-0.0310494380114895,0.,0.05340326970543));
#2018=CARTESIAN_POINT('',(-0.0274242068633429,0.,0.0517127966584672));
#2019=CARTESIAN_POINT('',(-0.0237989757151964,0.,0.05340326970543));
#2020=CARTESIAN_POINT('',(-0.0169983229841375,0.,0.0388192228596921));
#2021=CARTESIAN_POINT('',(-0.0274242068633429,-0.03,0.0351493855763997));
#2022=CARTESIAN_POINT('',(-0.0274242068633429,-0.002,0.0351493855763997));
#2023=CARTESIAN_POINT('',(-0.0274242068633429,-0.028,0.0351493855763997));
#2024=CARTESIAN_POINT('',(-0.0235452836567623,-0.03,0.015));
#2025=CARTESIAN_POINT('',(-0.0235452836567623,-0.002,0.015));
#2026=CARTESIAN_POINT('',(-0.0235452836567623,-0.028,0.015));
#2027=CARTESIAN_POINT('',(-0.00470905673135246,-0.03,0.003));
#2028=CARTESIAN_POINT('',(-0.00470905673135246,-0.002,0.003));
#2029=CARTESIAN_POINT('',(-0.00470905673135246,-0.028,0.003));
#2030=CARTESIAN_POINT('',(-0.0274242068633429,-0.03,0.0517127966584672));
#2031=CARTESIAN_POINT('',(-0.0274242068633429,-0.002,0.0517127966584672));
#2032=CARTESIAN_POINT('',(-0.0274242068633429,-0.028,0.0517127966584672));
#2033=CARTESIAN_POINT('',(-0.0544107043511924,-0.03,0.00567107395122264));
#2034=CARTESIAN_POINT('',(-0.0544107043511924,-0.002,0.00567107395122264));
#2035=CARTESIAN_POINT('',(-0.0544107043511924,-0.028,0.00567107395122264));
#2036=CARTESIAN_POINT('',(-0.0652863977956322,-0.03,0.010742493092111));
#2037=CARTESIAN_POINT('',(-0.0652863977956322,-0.002,0.010742493092111));
#2038=CARTESIAN_POINT('',(-0.0652863977956322,-0.028,0.010742493092111));
#2039=CARTESIAN_POINT('',(-0.0644571346202319,-0.03,0.0125208537106807));
#2040=CARTESIAN_POINT('',(-0.0644571346202319,-0.002,0.0125208537106807));
#2041=CARTESIAN_POINT('',(-0.0644571346202319,-0.028,0.0125208537106807));
#2042=CARTESIAN_POINT('',(-0.0682771092598545,-0.03,-0.002));
#2043=CARTESIAN_POINT('',(-0.0682771092598545,-0.002,-0.002));
#2044=CARTESIAN_POINT('',(-0.0682771092598545,-0.028,-0.002));
#2045=CARTESIAN_POINT('',(-0.0443800304580431,-0.002,0.00403519005986033));
#2046=CARTESIAN_POINT('',(-0.0644571346202319,-0.002,0.0125208537106807));
#2047=CARTESIAN_POINT('',(-0.0644571346202319,-0.002,0.0125208537106807));
#2048=CARTESIAN_POINT('',(-0.0644571346202319,-0.002,0.0125208537106807));
#2049=CARTESIAN_POINT('',(-0.051549156713546,-0.002,0.0402021016613533));
#2050=CARTESIAN_POINT('',(-0.0652863977956322,-0.002,0.010742493092111));
#2051=CARTESIAN_POINT('',(-0.0652863977956322,-0.002,0.010742493092111));
#2052=CARTESIAN_POINT('',(-0.0652863977956322,-0.002,0.010742493092111));
#2053=CARTESIAN_POINT('',(-0.0465281843507338,-0.002,0.00199539450944884));
#2054=CARTESIAN_POINT('',(-0.0544107043511924,-0.002,0.00567107395122264));
#2055=CARTESIAN_POINT('',(-0.0544107043511924,-0.002,0.00567107395122264));
#2056=CARTESIAN_POINT('',(-0.0544107043511924,-0.002,0.00567107395122264));
#2057=CARTESIAN_POINT('',(-0.0393466847958424,-0.002,0.0356097665552097));
#2058=CARTESIAN_POINT('',(-0.0402203093755878,-6.3508326896292E-5,0.0349193733895945));
#2059=CARTESIAN_POINT('',(-0.0378467464142644,-6.3508326896292E-5,0.0400094955864178));
#2060=CARTESIAN_POINT('',(-0.0310494380114895,-0.002,0.05340326970543));
#2061=CARTESIAN_POINT('',(-0.0378467464142644,-6.35083268962927E-5,0.0400094955864178));
#2062=CARTESIAN_POINT('',(-0.0371646831324008,-6.35083268962917E-5,0.0414721850145997));
#2063=CARTESIAN_POINT('',(-0.0363289555419947,-4.77571973826253E-18,0.042856733917252));
#2064=CARTESIAN_POINT('',(-0.0353667865387624,-1.68059755636903E-18,0.0441446859104416));
#2065=CARTESIAN_POINT('',(-0.0406734632691062,-0.002,0.0351306825204649));
#2066=CARTESIAN_POINT('',(-0.0382999003077827,-0.002,0.0402208047172882));
#2067=CARTESIAN_POINT('',(-0.0274242068633429,-0.002,0.0517127966584672));
#2068=CARTESIAN_POINT('',(-0.0237989757151964,-0.002,0.05340326970543));
#2069=CARTESIAN_POINT('',(-0.0274242068633429,-0.002,0.0351493855763997));
#2070=CARTESIAN_POINT('',(-0.0165485134189031,-0.002,0.0402208047172881));
#2071=CARTESIAN_POINT('',(-0.0170016673124214,-6.35083268962918E-5,0.0400094955864177));
#2072=CARTESIAN_POINT('',(-0.0170016673124214,-6.35083268962903E-5,0.0400094955864177));
#2073=CARTESIAN_POINT('',(-0.017682165088515,-6.35083268962929E-5,0.0414688277766417));
#2074=CARTESIAN_POINT('',(-0.0185195603723845,2.68081700132458E-18,0.0428568707048782));
#2075=CARTESIAN_POINT('',(-0.0194816271879234,-1.90871269720292E-18,0.0441446859104416));
#2076=CARTESIAN_POINT('',(-0.0160920151971009,-0.002,0.0392418411214328));
#2077=CARTESIAN_POINT('',(-0.0127964362415395,-6.35083268962916E-5,0.0309913484525697));
#2078=CARTESIAN_POINT('',(-0.00859120517065761,-6.35083268962907E-5,0.0219732013187215));
#2079=CARTESIAN_POINT('',(-0.00813805127713929,-0.002,0.0221845104495919));
#2080=CARTESIAN_POINT('',(-0.0131701906400685,-0.002,0.0306097665552097));
#2081=CARTESIAN_POINT('',(-0.00108382558320586,-0.002,0.00469047304696279));
#2082=CARTESIAN_POINT('',(-0.00661660198403548,1.15129316449185E-16,0.0165555503281739));
#2083=CARTESIAN_POINT('',(-0.00711877086643206,1.17392698995543E-16,0.0184117994154271));
#2084=CARTESIAN_POINT('',(-0.00777721788596963,-6.35083268962882E-5,0.0202275999535013));
#2085=CARTESIAN_POINT('',(-0.00859120517065763,-6.35083268962877E-5,0.0219732013187215));
#2086=CARTESIAN_POINT('',(-0.0235452836567623,-0.002,0.015));
#2087=CARTESIAN_POINT('',(-0.0235452836567623,-0.002,-0.002));
#2088=CARTESIAN_POINT('',(-0.0235452836567623,-6.35083268962918E-5,-0.0015));
#2089=CARTESIAN_POINT('',(-0.0235452836567623,-6.35083268962918E-5,-0.0015));
#2090=CARTESIAN_POINT('',(-0.0216187521457836,-6.35083268962918E-5,-0.0015));
#2091=CARTESIAN_POINT('',(-0.0196951775730572,-1.82027380364949E-18,-0.00132934743074454));
#2092=CARTESIAN_POINT('',(-0.0178007210102243,-1.82027380364949E-18,-0.001));
#2093=CARTESIAN_POINT('',(-0.0327909432686476,-0.002,-0.002));
#2094=CARTESIAN_POINT('',(-0.0682771092598545,-0.002,-0.002));
#2095=CARTESIAN_POINT('',(-0.0682771092598545,-6.35083268962927E-5,-0.0015));
#2096=CARTESIAN_POINT('',(-0.0327909432686476,-6.35083268962918E-5,-0.0015));
#2097=CARTESIAN_POINT('',(-0.0682771092598545,-0.002,-0.002));
#2098=CARTESIAN_POINT('',(-0.0682771092598545,-0.002,-0.002));
#2099=CARTESIAN_POINT('',(-0.0692635546299273,-0.000260245912263604,-0.001986537234069));
#2100=CARTESIAN_POINT('',(-0.0692635546299273,-0.000260245912263607,-0.001986537234069));
#2101=CARTESIAN_POINT('',(-0.069007798806015,-0.000117183947144251,-0.0017342480857016));
#2102=CARTESIAN_POINT('',(-0.0686611705295364,-6.35083268962916E-5,-0.0015));
#2103=CARTESIAN_POINT('',(-0.0682771092598545,-6.35083268962916E-5,-0.0015));
#2104=CARTESIAN_POINT('',(-0.0678140000953024,-0.002,0.031932989220195));
#2105=CARTESIAN_POINT('',(-0.0682634615036386,-0.002,-0.001));
#2106=CARTESIAN_POINT('',(-0.00470905673135246,-0.002,0.003));
#2107=CARTESIAN_POINT('',(-0.00470905673135246,-0.002,-0.001));
#2108=CARTESIAN_POINT('',(-0.0327909432686476,-0.002,-0.001));
#2109=CARTESIAN_POINT('',(-0.0648508146643846,-0.028,0.01268724406328));
#2110=CARTESIAN_POINT('',(-0.0644571346202319,-0.028,0.0125208537106807));
#2111=CARTESIAN_POINT('',(-0.0644571346202319,-0.028,0.0125208537106807));
#2112=CARTESIAN_POINT('',(-0.0644571346202319,-0.028,0.0125208537106807));
#2113=CARTESIAN_POINT('',(-0.0648868968230525,-0.028,0.0115992256925586));
#2114=CARTESIAN_POINT('',(-0.0652863977956322,-0.028,0.010742493092111));
#2115=CARTESIAN_POINT('',(-0.0652863977956322,-0.028,0.010742493092111));
#2116=CARTESIAN_POINT('',(-0.0652863977956322,-0.028,0.010742493092111));
#2117=CARTESIAN_POINT('',(-0.0598485510734123,-0.028,0.00820678352166683));
#2118=CARTESIAN_POINT('',(-0.0544107043511924,-0.028,0.00567107395122264));
#2119=CARTESIAN_POINT('',(-0.0544107043511924,-0.028,0.00567107395122264));
#2120=CARTESIAN_POINT('',(-0.0544107043511924,-0.028,0.00567107395122264));
#2121=CARTESIAN_POINT('',(-0.0422463816560451,-0.028,0.0317575481542777));
#2122=CARTESIAN_POINT('',(-0.0417932277625267,-0.0299364916731037,0.0315462390234074));
#2123=CARTESIAN_POINT('',(-0.0378467464142644,-0.0299364916731037,0.0400094955864178));
#2124=CARTESIAN_POINT('',(-0.0382999003077827,-0.028,0.0402208047172882));
#2125=CARTESIAN_POINT('',(-0.0397671554820695,-0.028,0.0347080642587242));
#2126=CARTESIAN_POINT('',(-0.0378467464142644,-0.0299364916731037,0.0400094955864178));
#2127=CARTESIAN_POINT('',(-0.0371646831324009,-0.0299364916731037,0.0414721850145998));
#2128=CARTESIAN_POINT('',(-0.0363289555419947,-0.03,0.042856733917252));
#2129=CARTESIAN_POINT('',(-0.0353667865387624,-0.03,0.0441446859104416));
#2130=CARTESIAN_POINT('',(-0.0310494380114895,-0.028,0.05340326970543));
#2131=CARTESIAN_POINT('',(-0.0274242068633429,-0.028,0.0351493855763997));
#2132=CARTESIAN_POINT('',(-0.0165485134189031,-0.028,0.0402208047172881));
#2133=CARTESIAN_POINT('',(-0.0170016673124215,-0.0299364916731037,0.0400094955864178));
#2134=CARTESIAN_POINT('',(-0.0194816271879234,-0.03,0.0441446859104416));
#2135=CARTESIAN_POINT('',(-0.0185194003158648,-0.03,0.042856656453487));
#2136=CARTESIAN_POINT('',(-0.0176832949437231,-0.0299364916731037,0.0414712507589546));
#2137=CARTESIAN_POINT('',(-0.0170016673124215,-0.0299364916731037,0.0400094955864178));
#2138=CARTESIAN_POINT('',(-0.0274242068633429,-0.028,0.0517127966584672));
#2139=CARTESIAN_POINT('',(-0.0237989757151964,-0.028,0.05340326970543));
#2140=CARTESIAN_POINT('',(-0.0118994878575982,-0.028,0.0302509372274437));
#2141=CARTESIAN_POINT('',(-0.0127964362415395,-0.0299364916731037,0.0309913484525697));
#2142=CARTESIAN_POINT('',(-0.00859120517065762,-0.0299364916731037,0.0219732013187215));
#2143=CARTESIAN_POINT('',(-0.00813805127713929,-0.028,0.0221845104495919));
#2144=CARTESIAN_POINT('',(-0.0169983229841375,-0.028,0.0388192228596921));
#2145=CARTESIAN_POINT('',(-0.00859120517065763,-0.0299364916731037,0.0219732013187215));
#2146=CARTESIAN_POINT('',(-0.00777733909652288,-0.0299364916731037,0.0202278598903716));
#2147=CARTESIAN_POINT('',(-0.00711875274078076,-0.03,0.0184117324164018));
#2148=CARTESIAN_POINT('',(-0.00661660198403548,-0.03,0.0165555503281739));
#2149=CARTESIAN_POINT('',(-0.00108382558320585,-0.028,0.00469047304696279));
#2150=CARTESIAN_POINT('',(-0.0678140000953024,-0.028,0.031932989220195));
#2151=CARTESIAN_POINT('',(-0.0682771092598545,-0.028,-0.002));
#2152=CARTESIAN_POINT('',(-0.0692635546299273,-0.0297397540877364,-0.00198653723406901));
#2153=CARTESIAN_POINT('',(-0.0682634615036386,-0.028,-0.001));
#2154=CARTESIAN_POINT('',(-0.0682771092598545,-0.028,-0.002));
#2155=CARTESIAN_POINT('',(-0.0682771092598545,-0.028,-0.002));
#2156=CARTESIAN_POINT('',(-0.0682771092598545,-0.0299364916731037,-0.0015));
#2157=CARTESIAN_POINT('',(-0.0692635546299273,-0.0297397540877364,-0.00198653723406901));
#2158=CARTESIAN_POINT('',(-0.069007798806015,-0.0298828160528558,-0.0017342480857016));
#2159=CARTESIAN_POINT('',(-0.0686611705295364,-0.0299364916731037,-0.0015));
#2160=CARTESIAN_POINT('',(-0.0682771092598545,-0.0299364916731037,-0.0015));
#2161=CARTESIAN_POINT('',(-0.0327909432686476,-0.028,-0.002));
#2162=CARTESIAN_POINT('',(-0.0235452836567623,-0.028,-0.002));
#2163=CARTESIAN_POINT('',(-0.0235452836567623,-0.0299364916731037,-0.0015));
#2164=CARTESIAN_POINT('',(-0.0327909432686476,-0.0299364916731037,-0.0015));
#2165=CARTESIAN_POINT('',(-0.0235452836567623,-0.028,0.015));
#2166=CARTESIAN_POINT('',(-0.0235452836567623,-0.0299364916731037,-0.0015));
#2167=CARTESIAN_POINT('',(-0.0216187521457836,-0.0299364916731037,-0.0015));
#2168=CARTESIAN_POINT('',(-0.0196951775730568,-0.03,-0.00132934743074677));
#2169=CARTESIAN_POINT('',(-0.0178007210102243,-0.03,-0.001));
#2170=CARTESIAN_POINT('',(-0.00470905673135246,-0.028,0.003));
#2171=CARTESIAN_POINT('',(-0.00470905673135246,-0.028,-0.001));
#2172=CARTESIAN_POINT('',(-0.0327909432686476,-0.028,-0.001));
#2173=MECHANICAL_DESIGN_GEOMETRIC_PRESENTATION_REPRESENTATION('',(#1029,
#904,#905,#906,#907,#908,#909,#910,#911,#912,#913,#914,#915,#916,#917,#918,
#919,#920,#921,#922,#923,#924,#925,#926,#927,#928,#929,#930,#931,#932,#933,
#934,#935,#936,#937,#938,#939,#940,#941,#942,#943,#944,#945,#946,#947,#948,
#949,#950,#951,#952,#953,#954,#955,#956,#957,#958,#959,#960,#961,#962,#963,
#964,#965),#2174);
#2174=(
GEOMETRIC_REPRESENTATION_CONTEXT(3)
GLOBAL_UNCERTAINTY_ASSIGNED_CONTEXT((#2175))
GLOBAL_UNIT_ASSIGNED_CONTEXT((#2178,#2177,#2176))
REPRESENTATION_CONTEXT('Part 1','TOP_LEVEL_ASSEMBLY_PART')
);
#2175=UNCERTAINTY_MEASURE_WITH_UNIT(LENGTH_MEASURE(2.E-5),#2178,
'DISTANCE_ACCURACY_VALUE','Maximum Tolerance applied to model');
#2176=(
NAMED_UNIT(*)
SI_UNIT($,.STERADIAN.)
SOLID_ANGLE_UNIT()
);
#2177=(
NAMED_UNIT(*)
PLANE_ANGLE_UNIT()
SI_UNIT($,.RADIAN.)
);
#2178=(
LENGTH_UNIT()
NAMED_UNIT(*)
SI_UNIT($,.METRE.)
);
#2179=PRODUCT_DEFINITION_SHAPE('','',#2180);
#2180=PRODUCT_DEFINITION('','',#2182,#2181);
#2181=PRODUCT_DEFINITION_CONTEXT('',#2188,'design');
#2182=PRODUCT_DEFINITION_FORMATION_WITH_SPECIFIED_SOURCE('','',#2184,
 .NOT_KNOWN.);
#2183=PRODUCT_RELATED_PRODUCT_CATEGORY('','',(#2184));
#2184=PRODUCT('Part 1','Part 1','Part 1',(#2186));
#2185=PRODUCT_CATEGORY('','');
#2186=PRODUCT_CONTEXT('',#2188,'mechanical');
#2187=APPLICATION_PROTOCOL_DEFINITION('international standard',
'ap242_managed_model_based_3d_engineering',2020,#2188);
#2188=APPLICATION_CONTEXT('managed model based 3d engineering');
ENDSEC;
END-ISO-10303-21;
